32768
32 116
105 110
32 97
104 101
114 101
111 110
101 114
262 265
32 115
97 116
101 110
32 111
32 99
101 115
263 103
105 116
110 100
32 119
97 108
111 114
32 112
105 115
32 102
101 100
97 110
32 98
111 117
32 263
105 267
97 114
32 109
273 102
264 278
105 99
32 100
262 111
108 101
114 111
272 116
32 101
115 116
99 116
32 104
262 104
32 266
111 109
97 115
108 121
118 101
32 108
105 108
32 110
101 116
271 290
105 109
32 103
105 100
99 101
111 108
115 101
117 114
114 97
32 84
117 116
105 103
111 119
32 117
111 116
99 104
287 101
118 268
284 281
270 116
32 283
32 65
226 128
32 267
117 108
32 121
32 83
105 114
274 267
32 73
282 299
97 109
277 104
97 121
305 271
32 67
101 108
265 114
268 115
105 102
264 115
97 100
279 347
340 288
301 120
275 115
109 300
264 110
264 108
32 277
271 101
105 275
274 307
279 104
273 114
97 98
277 121
113 117
103 101
283 116
266 115
296 101
101 303
32 77
116 268
117 115
105 310
32 118
112 112
111 100
105 118
270 117
32 40
279 101
32 80
32 66
264 266
111 266
32 265
116 104
97 99
107 101
97 263
324 265
105 280
312 108
117 109
111 112
326 104
116 115
97 278
111 115
101 109
45 45
275 116
108 100
111 99
32 272
32 72
117 110
32 298
32 87
32 49
32 114
274 104
299 109
270 101
287 121
313 101
290 115
295 280
32 69
117 266
110 116
264 116
117 100
32 68
286 116
114 105
32 70
274 286
114 288
112 108
32 82
289 116
281 116
304 97
284 420
280 108
103 104
337 153
270 104
117 302
39 115
105 122
291 116
305 283
111 103
101 266
270 112
315 115
288 116
32 316
112 268
32 76
112 116
264 98
263 101
97 103
269 342
291 100
279 308
32 50
328 115
288 114
367 112
32 78
32 71
97 303
279 281
403 116
264 100
288 115
116 352
97 266
313 329
279 265
282 108
307 101
102 102
97 302
288 410
111 302
343 116
441 310
32 337
105 112
272 100
306 115
107 276
286 115
286 319
271 285
358 114
100 117
318 101
97 373
99 99
32 79
114 117
281 109
101 99
269 121
370 298
363 108
289 99
105 98
267 103
296 283
97 112
295 104
351 108
324 104
32 107
339 116
326 110
292 101
328 110
272 319
264 383
117 280
310 108
105 101
263 100
107 115
105 266
32 85
32 106
457 112
97 330
262 101
32 74
48 48
101 112
291 121
101 291
274 108
279 400
303 290
300 115
408 408
344 110
84 265
99 275
375 115
271 276
292 286
277 290
292 392
111 321
102 505
105 298
114 121
301 118
461 456
368 515
105 396
117 101
273 325
278 268
273 478
282 268
105 97
296 111
32 34
97 118
264 114
304 308
111 384
281 115
292 97
273 322
328 112
316 101
439 111
308 115
332 121
295 101
287 325
436 444
271 268
269 321
367 109
282 266
115 111
98 268
395 107
338 101
277 366
270 111
301 109
267 101
32 372
269 109
272 115
286 103
97 319
270 99
277 101
111 111
110 327
361 115
364 115
262 114
282 450
328 564
289 100
308 101
343 115
481 110
304 327
105 477
346 101
32 299
311 561
102 453
312 100
287 314
276 115
288 278
266 271
281 100
262 323
363 589
273 332
304 283
281 121
368 111
341 116
97 117
354 295
110 101
306 99
348 115
267 100
320 452
108 327
114 295
337 157
284 101
388 266
288 428
268 118
331 99
270 121
270 483
271 275
288 444
280 309
41 46
269 266
119 101
266 101
267 115
97 107
296 275
110 276
108 275
322 276
102 339
264 502
117 98
312 371
517 283
317 111
262 578
274 320
334 430
283 104
289 379
305 584
305 286
109 115
306 108
296 354
332 115
97 312
32 36
264 103
112 377
282 101
32 45
112 104
298 303
32 75
345 118
264 109
271 381
289 118
518 605
344 116
301 484
108 295
108 430
386 330
111 310
295 115
306 112
299 119
292 348
108 108
32 323
114 277
262 119
350 104
323 303
293 102
99 360
291 107
111 263
436 278
111 118
117 375
490 156
121 115
342 302
112 298
264 303
362 121
423 119
329 104
270 97
106 377
306 103
266 100
105 286
32 86
339 291
526 402
32 352
306 109
282 114
393 108
99 285
116 276
513 99
264 99
417 57
32 89
116 397
282 406
368 271
304 356
656 272
433 98
737 112
510 698
105 300
314 104
423 285
476 100
32 354
402 298
302 407
283 101
116 101
280 115
32 51
313 401
265 100
622 748
376 99
300 399
331 272
467 48
111 98
271 104
340 540
679 620
279 486
315 280
330 110
454 506
355 115
359 458
265 110
292 121
41 44
474 107
708 111
345 499
102 379
280 394
481 266
101 332
287 108
97 396
289 302
302 405
608 495
317 272
274 111
490 147
266 110
327 268
321 108
382 280
685 757
359 437
105 309
120 116
273 98
376 733
382 291
308 285
282 104
274 486
359 112
117 275
634 321
604 107
320 100
102 392
301 581
105 523
511 298
109 268
121 112
101 103
277 115
313 111
286 373
102 116
115 115
415 291
268 109
73 110
117 99
359 346
383 440
119 465
386 98
270 520
284 720
39 116
98 298
111 121
429 116
649 758
545 545
338 309
282 353
103 286
334 114
270 322
385 275
296 105
292 487
274 266
119 110
327 110
265 115
104 491
270 316
325 290
105 372
289 115
103 314
535 776
295 275
270 109
368 556
551 121
99 121
110 360
379 110
587 414
558 272
328 321
116 272
532 447
270 314
289 102
108 285
333 109
318 300
282 375
32 61
292 384
301 372
425 309
304 403
287 117
282 320
101 119
283 115
291 330
320 118
301 534
287 725
354 101
531 110
322 280
449 101
329 352
270 265
411 105
295 107
773 428
101 102
263 275
299 112
323 109
306 372
284 414
32 32
32 300
296 314
305 554
284 108
317 314
610 793
268 103
415 356
385 318
268 276
449 285
271 97
343 99
105 285
292 271
470 298
575 396
474 410
97 119
296 374
640 121
32 396
289 555
110 103
393 787
356 101
533 440
284 528
421 101
345 712
468 285
296 663
322 110
413 101
504 303
453 100
279 516
105 272
320 641
374 115
111 320
476 118
32 52
769 49
42 42
357 263
268 110
10 10
306 280
46 46
117 330
274 443
446 486
609 295
311 411
527 119
295 116
696 377
269 110
319 460
32 92
264 786
416 101
277 285
421 99
271 427
263 107
272 103
99 276
690 318
291 109
287 591
316 275
613 318
317 323
270 307
416 104
306 321
32 53
306 102
359 116
267 116
279 348
284 473
84 104
282 271
405 115
283 109
413 327
468 276
292 285
32 285
571 116
336 115
463 275
111 332
301 291
274 322
436 112
510 266
345 103
376 102
286 404
100 552
270 647
270 107
795 268
284 949
300 290
270 320
317 703
919 525
262 822
415 116
419 621
282 710
351 100
299 828
377 290
311 512
284 624
370 667
714 116
304 401
263 280
482 348
350 307
772 115
292 397
296 922
265 109
271 352
389 299
403 404
99 399
660 520
274 291
493 112
314 121
263 319
273 854
509 327
98 353
846 267
611 1022
274 646
648 814
365 103
99 307
412 103
280 371
342 267
279 585
264 715
331 817
282 329
282 799
288 110
488 263
263 276
274 97
525 309
99 107
524 299
46 34
380 115
274 300
345 840
264 325
390 121
284 346
412 100
308 275
105 1027
263 360
97 494
325 101
103 103
479 100
263 115
331 276
800 102
434 281
317 117
116 121
398 121
296 855
330 951
382 283
274 281
726 318
116 298
467 537
763 590
274 479
277 280
933 315
292 263
311 291
385 276
354 121
376 112
277 424
369 847
311 895
568 275
101 120
292 475
683 397
46 44
117 278
292 407
316 365
101 356
317 1009
317 108
306 356
343 102
264 118
287 114
108 276
116 285
99 267
821 295
108 360
297 111
376 109
336 108
336 110
343 302
118 1062
282 666
745 115
419 291
865 443
97 342
277 381
296 351
293 874
292 267
105 268
110 319
419 443
305 652
108 380
282 291
345 102
385 272
296 348
412 115
292 961
502 360
281 107
304 374
117 112
530 303
345 109
314 115
292 936
808 616
411 399
449 315
273 112
829 110
398 321
274 519
446 327
32 409
837 635
263 285
286 121
453 302
105 111
337 148
362 280
336 100
108 462
262 791
937 432
100 348
334 450
105 120
292 447
1066 767
290 280
116 265
336 1134
304 316
751 276
530 100
32 581
341 112
270 617
270 268
433 492
291 115
99 105
415 526
273 460
105 680
292 713
266 356
345 116
32 38
311 277
785 303
390 325
292 519
331 104
32 43
588 118
268 744
702 375
331 108
350 267
32 880
313 327
287 380
322 478
282 402
311 360
833 721
336 278
343 110
306 499
32 500
275 112
597 409
533 299
672 544
449 276
386 834
281 404
411 107
887 621
362 899
860 101
482 286
32 360
296 318
411 380
693 892
274 298
999 789
32 54
357 456
351 115
469 548
300 309
412 1141
385 371
384 121
988 891
753 276
317 573
284 263
287 111
118 272
335 115
263 315
118 276
691 512
299 499
97 310
439 1182
284 395
962 285
426 120
279 432
672 121
301 298
264 119
286 548
274 469
566 555
280 101
743 288
735 397
112 281
114 280
986 1264
299 108
264 484
97 120
541 580
118 275
984 268
437 275
334 365
345 458
283 764
305 657
281 366
753 384
274 514
266 428
344 102
292 314
287 272
386 1162
281 276
284 1251
101 101
909 543
92 95
917 121
418 475
336 114
97 104
116 111
324 111
370 281
835 115
296 562
1034 286
119 638
282 322
283 290
1179 432
1002 832
282 580
916 276
418 283
273 458
521 286
419 600
270 1171
114 315
100 268
272 321
317 266
284 1205
344 278
282 111
493 519
105 281
334 400
270 1098
112 291
32 48
46 643
669 332
284 573
412 99
296 1166
100 115
339 315
304 405
110 268
417 56
1228 1085
87 104
334 405
419 826
287 809
741 1028
312 291
292 380
32 310
848 1058
307 272
622 379
295 315
65 115
114 267
501 361
437 841
306 116
32 39
346 112
385 285
363 512
807 361
829 661
926 120
296 267
300 280
287 409
421 332
740 1076
273 502
587 267
292 1304
995 283
862 352
297 1395
400 115
308 104
881 300
339 108
393 266
585 399
1153 978
108 405
108 673
438 101
308 267
693 409
325 424
473 268
1173 272
406 115
626 276
421 407
678 455
50 48
398 266
271 295
305 623
457 109
521 308
262 266
1260 361
297 112
471 889
439 823
32 120
345 727
834 414
1142 697
287 266
296 114
342 99
312 593
118 966
274 280
323 687
1389 280
381 309
808 105
415 103
279 707
419 111
111 104
44 34
1352 110
317 625
311 316
101 285
339 404
32 55
399 309
270 277
964 732
690 500
114 366
270 1050
301 688
108 117
277 276
417 48
488 749
311 815
665 360
726 102
282 1033
431 101
105 544
105 332
112 114
1025 798
287 323
103 268
301 308
533 473
292 291
98 115
49 57
407 590
1119 302
1234 377
537 48
736 263
1133 307
288 321
565 115
309 276
600 117
262 268
1309 904
352 115
262 625
452 110
441 383
524 697
416 780
751 101
273 1429
292 1402
694 110
118 285
274 707
289 277
341 99
535 346
575 494
386 383
932 538
329 115
779 819
304 483
801 562
341 111
482 601
367 98
511 667
412 1316
262 409
274 1222
810 719
268 116
359 99
266 116
329 101
272 868
648 483
1223 300
447 307
291 276
812 549
105 495
1249 767
124 124
292 700
416 347
262 943
369 326
306 302
322 121
640 425
406 285
265 266
311 929
334 945
270 108
325 427
644 119
965 280
644 351
99 300
1109 373
308 276
100 101
351 102
522 1247
32 56
912 830
301 116
274 265
296 323
463 276
363 1326
98 101
323 99
844 844
311 475
1224 527
777 399
465 115
878 373
297 320
492 276
577 267
281 110
618 298
311 462
305 977
301 108
514 101
313 267
1078 109
105 384
97 122
284 1084
341 104
843 115
871 371
274 487
376 118
779 948
521 495
32 122
1048 658
262 407
1415 857
334 538
755 552
262 504
1039 744
1211 314
395 121
114 286
287 1262
488 397
284 1229
1210 371
426 110
336 116
1071 380
107 275
32 57
109 98
853 365
100 1113
391 97
103 263
306 298
488 1292
392 100
274 612
344 109
806 727
354 924
271 897
301 1484
311 374
1129 681
1155 290
270 348
452 1437
97 460
1157 360
311 485
297 1323
311 1488
328 428
274 516
287 299
270 901
318 115
317 1158
975 639
105 401
423 712
109 286
1069 117
595 1377
1143 820
287 308
674 110
611 447
262 280
470 325
99 339
368 121
365 309
323 112
778 901
107 285
318 523
374 295
83 116
112 440
660 99
463 110
1021 394
806 115
755 549
350 108
370 662
595 98
288 323
284 1546
282 487
728 465
274 1528
271 281
367 101
288 394
423 291
763 1053
1081 804
99 268
32 124
332 321
503 636
1011 907
317 114
460 290
273 410
481 478
671 108
359 374
513 101
49 48
1284 321
274 504
262 659
268 280
262 983
636 121
362 116
469 319
44 643
117 103
932 121
104 281
274 625
32 81
346 275
1018 276
116 267
386 109
858 1367
274 1433
888 295
402 101
282 397
284 266
890 290
98 121
438 275
344 115
491 298
1178 370
304 326
97 383
1197 286
114 374
863 931
1403 275
284 392
675 456
694 1570
274 114
800 1296
888 277
271 115
418 414
426 934
102 281
484 295
437 295
105 375
358 934
84 111
391 308
307 115
877 1459
112 325
474 494
388 101
112 115
264 342
454 601
262 557
115 500
423 805
283 276
860 275
394 276
1037 109
1164 631
382 966
514 115
266 346
267 302
324 101
1008 1306
307 109
702 440
714 404
108 1301
125 123
1007 309
284 657
297 1190
283 285
532 469
101 286
73 116
306 319
722 385
777 635
1239 310
291 99
320 859
307 275
1627 508
289 110
355 684
395 275
493 1258
1055 115
1054 280
292 716
284 312
296 326
316 280
679 102
1269 813
412 104
393 356
270 276
848 512
279 291
350 320
111 329
390 101
111 318
286 738
270 119
337 156
298 361
493 1450
604 494
627 1014
664 309
314 983
1293 377
394 115
298 543
312 277
803 392
263 116
343 1614
719 283
369 1339
32 90
754 115
121 110
389 108
908 530
492 285
493 684
1636 312
271 330
282 549
304 465
311 327
284 1121
32 400
321 372
105 383
1016 1397
292 400
1144 1410
1215 1102
97 325
292 528
106 281
427 100
330 527
386 1088
517 271
602 752
287 105
1697 1045
566 1582
281 410
271 850
389 104
1219 570
277 352
801 813
271 717
1446 361
286 110
36 36
284 291
394 652
279 1371
994 574
271 574
279 638
101 805
696 295
119 1163
111 102
1333 107
318 275
313 1624
102 473
960 46
341 101
613 401
376 538
284 469
1330 315
109 101
485 268
1078 677
263 97
1074 534
987 556
286 107
441 1271
1154 116
742 57
359 684
1342 115
338 1187
1391 322
281 394
341 265
298 120
311 405
284 487
103 275
286 101
114 365
287 326
1253 291
262 433
303 424
1208 115
313 314
32 268
318 100
1213 377
112 406
301 121
282 485
382 320
470 314
910 910
282 325
121 639
770 280
415 827
671 688
923 957
108 116
110 329
367 275
117 906
111 298
546 302
1336 275
270 1554
637 1493
112 404
1185 121
272 276
295 298
604 529
87 101
370 309
406 112
292 329
423 103
669 276
267 275
264 1853
423 332
115 121
490 152
964 491
418 1042
1635 501
340 314
115 119
342 100
115 99
102 1564
270 500
116 353
503 110
1282 348
1123 309
521 314
474 529
65 110
863 1760
469 115
280 117
461 298
78 327
304 816
524 540
313 617
103 276
896 1606
1122 1053
571 114
575 1851
503 114
1160 427
114 276
110 548
311 111
331 1616
745 1147
711 268
709 1729
317 397
801 117
111 120
119 104
109 263
996 870
280 276
412 652
35 35
283 99
301 332
282 97
119 479
325 275
896 974
674 473
271 631
463 462
39 266
1238 424
1790 716
736 316
384 101
1238 290
402 104
318 285
72 327
380 104
1368 295
263 539
382 342
575 1610
378 392
629 443
706 100
284 1400
792 1124
395 856
275 404
925 1041
121 99
313 976
470 267
634 444
597 1061
558 300
296 638
912 681
32 91
1335 276
272 285
541 554
499 303
105 107
73 73
298 116
295 519
102 601
270 271
794 555
314 295
1015 864
1658 497
1023 101
79 636
588 100
323 121
270 599
700 729
417 53
551 1376
518 528
1726 352
1056 557
461 700
1245 276
108 268
400 285
1026 864
446 440
1453 117
317 381
284 641
637 626
1498 593
263 494
1444 110
1137 1767
102 440
322 371
283 275
226 136
270 624
1370 366
103 285
1164 281
268 99
613 374
117 321
798 103
1023 275
109 277
474 1356
334 271
344 428
853 550
506 1452
32 955
459 314
292 307
1285 496
1571 115
32 47
615 789
32 325
1125 115
331 1928
597 902
282 348
311 585
390 108
426 1936
472 384
338 319
439 1273
1026 582
1218 1724
282 1772
337 147
350 286
262 830
97 316
114 497
790 573
105 406
313 505
566 1550
414 101
595 112
287 280
1692 1322
32 1237
446 479
635 315
1216 115
883 957
296 307
99 856
534 276
32 88
1079 1707
516 276
108 475
987 271
311 348
272 548
1281 606
287 815
1393 115
334 631
339 275
274 371
1694 612
274 814
270 280
336 786
268 121
1804 298
417 50
482 432
918 276
1010 1552
926 760
386 266
393 450
264 430
1052 115
1537 1035
341 483
292 272
479 110
270 638
115 112
980 285
306 653
117 361
596 121
1362 271
633 651
549 290
264 373
1664 749
297 116
109 97
285 105
317 715
264 316
32 680
598 1736
311 700
665 1413
1436 1654
1997 508
102 377
1492 361
376 98
272 110
1590 548
343 970
1783 593
353 857
282 771
649 109
271 555
362 1962
986 1819
332 501
980 275
2137 2102
32 332
511 114
334 2095
627 526
1800 2052
385 280
304 121
1081 312
270 372
268 477
345 98
117 298
336 705
642 116
308 99
350 300
588 99
323 677
49 50
336 383
262 291
274 617
1520 425
1499 115
594 827
281 1289
1667 647
1490 824
930 749
570 275
836 302
533 1814
818 596
504 543
1489 677
1817 280
114 475
492 115
750 115
672 366
1644 539
1354 1672
103 111
378 286
324 114
378 291
116 366
103 272
1221 300
636 119
386 302
491 115
70 281
291 114
911 530
861 1044
286 1045
803 397
602 819
336 109
892 276
1675 276
339 455
937 496
109 276
871 1373
94 123
595 917
330 286
665 646
449 455
858 721
490 148
1185 1827
97 102
351 116
1854 409
883 351
41 58
968 381
280 102
648 617
301 1864
295 299
785 543
266 1207
426 109
2265 397
990 688
317 617
602 272
980 276
66 325
463 285
570 281
611 295
1598 101
1378 943
1060 462
1226 1111
1126 1929
571 103
1219 528
736 385
378 285
587 277
336 102
331 847
32 46
36 44
678 497
73 102
114 992
536 2082
286 979
296 346
470 1181
620 1152
112 299
32 42
1594 458
461 115
122 101
871 593
262 1086
291 366
341 121
364 1092
119 119
454 101
104 816
99 483
284 443
1651 557
99 366
777 366
1719 372
116 116
102 268
1230 732
595 329
488 300
277 275
1191 285
283 424
1010 612
331 1849
415 485
279 114
418 826
532 770
633 430
433 281
112 450
711 353
426 291
2035 271
277 430
459 101
274 325
836 727
299 705
106 841
341 117
908 1200
274 323
792 496
109 392
32 105
87 780
1176 897
535 805
318 268
53 48
1212 121
682 92
342 276
1236 97
267 121
118 432
665 322
471 775
538 492
517 584
1100 266
745 552
524 2300
482 2209
1737 425
283 267
810 329
274 1068
354 885
735 1479
101 121
780 115
306 1407
274 1083
2235 862
312 275
329 116
1017 280
531 83
908 1744
754 285
988 1786
346 721
1167 329
268 111
49 56
968 115
345 112
346 285
304 981
476 1631
558 544
311 381
317 101
766 1328
711 295
362 110
284 326
1752 107
303 281
485 101
322 98
109 121
849 715
1015 582
461 667
296 272
1010 809
386 110
716 285
417 54
36 46
378 348
311 452
270 898
1779 1701
109 487
1001 567
265 116
311 1110
268 310
118 1019
312 116
446 514
118 300
338 275
311 799
1056 1456
284 681
363 2389
1136 107
108 111
648 1788
350 658
264 543
2188 280
570 276
632 298
279 528
619 309
287 291
417 55
842 1019
277 298
1221 616
696 1243
906 433
301 394
406 276
1454 309
1637 115
114 318
307 286
311 997
395 529
1160 663
558 1660
1846 290
306 100
1716 121
1252 285
306 437
119 348
793 276
274 1041
1863 1346
266 272
446 1089
412 2377
334 323
558 1976
304 1485
334 101
861 112
99 764
1288 115
334 348
728 732
1215 268
296 411
311 850
121 298
535 395
322 115
374 496
320 310
343 319
296 97
274 1380
262 308
112 309
421 688
120 316
1341 585
336 828
1236 308
108 346
262 516
296 385
1266 2271
117 1883
311 1412
350 992
1176 427
314 268
292 281
570 326
275 99
1046 285
1560 119
504 103
1108 316
374 701
1252 275
637 300
568 276
1423 280
282 440
284 601
1502 425
401 101
292 360
948 868
104 511
1791 115
1020 1409
281 529
334 504
1207 1298
111 375
435 1934
376 103
1094 318
311 1816
401 98
362 316
107 605
1625 295
909 1915
263 653
407 115
851 1685
1638 356
298 121
691 646
2321 642
343 680
401 112
363 870
925 379
1014 653
1595 115
1230 1357
108 561
104 573
354 116
644 1866
333 677
1956 330
521 2283
644 285
1156 404
1831 346
1069 562
306 310
522 99
1465 1049
83 111
1495 455
599 381
105 320
386 458
1355 309
650 596
996 1468
195 169
292 580
640 366
279 263
306 1435
1798 1106
359 473
510 2240
270 1340
292 534
849 2053
270 603
353 267
1071 460
1639 1049
101 372
468 1072
540 330
803 1311
382 500
431 114
109 285
263 303
418 1044
940 275
389 114
421 272
1011 549
608 447
778 360
482 1013
547 266
304 1975
323 302
284 381
418 365
273 383
722 1072
1431 659
470 286
477 309
277 859
311 329
49 49
1001 425
296 268
1012 263
306 118
311 97
103 715
522 277
114 550
637 1770
421 1349
407 295
292 2182
272 373
114 326
279 280
2038 544
350 291
112 266
51 48
531 564
274 101
1421 427
766 2021
413 283
1130 276
468 353
331 641
678 326
267 321
437 348
270 1029
324 323
479 428
671 281
571 330
350 280
328 1933
516 327
376 771
105 291
1204 366
270 300
98 809
472 272
388 1477
385 312
1544 427
279 97
2001 115
95 95
546 870
1011 2232
399 115
104 276
1329 309
105 315
474 100
846 684
118 280
470 1089
402 115
1235 319
1129 1810
301 99
393 570
39 705
1698 272
110 285
287 342
1077 1539
111 267
297 854
472 830
110 280
666 697
435 1683
1408 326
414 103
861 500
1483 2567
123 92
1253 286
278 115
359 2092
279 500
1310 664
343 2048
108 115
416 1860
1174 285
438 538
106 447
627 1070
1474 121
334 651
762 48
832 107
339 97
566 2199
287 624
2420 1491
2000 374
413 453
416 291
49 53
1007 108
97 105
1597 280
282 2367
468 268
115 104
112 318
382 567
853 497
1099 277
923 1628
271 116
291 804
296 409
302 268
316 300
266 103
524 2485
335 110
541 2127
438 506
492 268
395 764
433 285
1838 427
471 327
336 502
1116 110
722 1261
914 117
498 1092
671 298
551 2539
1273 543
263 550
1472 263
472 117
2113 309
350 111
119 1542
1209 424
296 596
99 479
341 316
313 775
858 2529
1052 276
304 2295
687 308
1725 1405
355 1659
270 1258
1503 399
311 370
2007 458
471 111
311 285
101 458
312 115
362 103
336 98
470 266
2525 1942
98 267
395 285
390 707
884 280
1442 276
563 1757
431 111
1269 562
105 346
341 506
1653 268
527 319
313 325
389 320
1740 1405
343 1014
284 1035
328 278
296 285
742 56
63 34
101 98
67 104
305 276
268 315
1596 115
1954 310
531 115
818 1761
1650 775
105 437
319 285
1114 2285
2028 1006
307 314
1932 115
1099 525
421 372
541 1123
296 2601
383 276
865 111
342 277
114 281
279 639
384 348
100 272
334 1303
270 1703
269 1657
597 432
97 484
807 285
975 2085
284 339
117 351
388 475
336 303
89 288
271 379
1448 277
341 1679
1341 272
334 549
1300 1095
389 268
2091 425
323 100
1363 465
111 581
1300 2261
115 117
69 82
944 787
269 631
488 473
109 771
472 101
1462 1087
352 110
281 315
1186 2589
313 2427
1150 1821
660 112
287 443
284 1808
449 275
2176 404
1282 479
421 1407
274 1028
1267 120
305 625
313 2545
2574 761
292 1387
991 323
379 109
121 276
434 420
311 354
306 473
1067 664
292 1019
967 290
109 590
417 52
1153 2670
98 591
984 946
370 1434
1037 112
1048 2686
1016 263
325 285
418 2156
1646 285
1951 692
49 54
672 300
488 1876
395 99
317 329
322 330
1223 544
105 314
319 705
1465 101
1197 97
284 907
2054 283
2105 300
265 108
611 2397
337 166
368 603
438 823
378 121
125 92
65 83
418 651
2492 99
460 1748
108 316
421 891
1495 315
277 281
454 1449
1127 276
270 1192
763 2224
47 47
2653 366
296 2549
471 329
280 121
39 310
312 298
67 267
2566 1088
584 116
295 662
32 96
418 456
1020 859
287 322
968 1439
65 84
376 2820
503 322
1289 539
275 101
741 970
49 52
773 1152
454 1212
541 406
728 290
99 108
434 1229
1204 310
1140 432
121 108
1361 275
362 99
116 578
978 394
618 98
111 281
1441 280
298 98
2110 312
298 291
938 276
270 377
669 280
915 739
1059 275
618 307
2370 394
270 641
283 677
1588 115
114 115
274 271
463 268
2763 1151
514 286
69 120
100 307
1003 1945
265 356
274 729
2017 539
2135 496
1109 1473
277 508
806 744
1498 371
336 447
262 1294
1557 462
73 68
595 2811
49 55
740 2064
678 692
952 432
383 285
633 365
743 1163
1421 717
58 2978
270 312
2239 2008
282 967
446 1579
485 295
313 475
305 2081
350 469
1599 276
284 2309
524 108
1698 275
1877 752
50 537
101 118
471 1904
305 380
421 120
103 409
1481 424
323 263
333 319
930 2636
433 460
304 1717
599 290
375 112
1079 307
266 1890
389 266
1111 276
111 590
884 315
1530 290
446 1529
304 370
1558 99
1250 110
2526 804
65 116
311 905
112 554
417 537
743 469
1001 295
1021 276
389 375
287 612
96 96
279 981
292 463
97 101
1559 1073
1919 298
1632 1195
100 276
532 714
386 484
1743 455
292 2298
790 591
277 315
317 308
306 534
330 320
935 121
101 275
751 275
1725 1773
65 82
345 760
1177 115
499 99
1612 320
114 316
66 121
382 2609
620 1990
684 285
1649 295
1908 920
65 108
524 101
333 835
277 1087
1662 538
418 515
450 361
58 955
1420 2190
1671 323
1068 404
284 673
304 291
284 2229
1252 276
503 332
1578 321
2780 365
115 314
273 312
310 266
766 2359
354 339
304 281
1842 447
431 538
389 291
842 407
939 494
1428 115
284 97
588 112
49 51
476 402
403 98
2824 2410
2910 603
2399 303
46 41
289 106
703 110
383 268
563 3024
575 2531
597 603
122 276
363 2455
1617 2394
336 103
69 83
296 288
1442 874
594 267
2442 276
1137 405
1503 105
887 2461
807 276
536 447
109 267
785 319
536 3034
95 123
755 285
883 1257
1030 268
342 109
1145 268
262 681
669 761
263 497
105 496
1334 455
647 315
327 115
119 759
304 487
307 276
514 379
1593 820
343 332
356 275
413 374
796 332
284 504
108 315
73 109
98 277
1467 733
1630 121
292 283
263 99
609 110
1632 290
275 870
98 111
34 46
104 1765
1749 523
280 275
284 981
659 275
279 300
304 997
1534 361
70 720
264 2212
311 365
397 115
389 101
1722 2631
270 298
340 1084
2372 101
2208 2969
2503 425
272 2349
32 194
311 977
406 283
65 278
493 318
117 285
876 116
32 408
1237 603
282 2597
284 277
724 115
2633 111
472 111
32 342
1567 310
2039 116
417 51
285 1699
1248 661
330 276
1209 316
1652 107
99 1628
324 2482
282 298
282 2837
282 2914
382 111
98 443
411 529
398 342
292 890
284 530
325 104
393 271
1922 275
369 100
1544 717
108 281
310 121
1074 2033
1856 635
320 108
284 2290
78 65
296 452
740 1006
812 405
794 1663
287 277
274 277
996 752
1841 346
125 125
2210 268
305 114
73 86
288 100
311 1322
2335 976
524 309
276 309
1369 104
279 621
779 116
849 1470
426 534
742 55
989 48
111 107
1146 115
683 111
1609 285
985 687
1802 496
305 1963
433 120
1202 506
1709 117
2022 789
274 402
417 49
849 118
423 3175
1742 752
109 291
274 405
2620 309
457 501
488 407
3086 639
1305 1106
454 2868
1375 295
491 361
3006 2382
324 2871
266 108
274 2036
351 905
851 1665
32 60
378 101
105 508
304 329
341 1050
851 314
292 1665
281 103
299 307
359 970
282 105
990 268
777 2407
282 591
476 2759
2136 315
626 268
262 508
796 320
388 98
1693 276
833 1298
1023 885
400 276
2131 280
73 83
1114 1172
2243 859
536 889
722 381
1318 116
374 268
1178 316
375 104
1128 697
1768 776
506 275
1142 1773
1600 276
274 1058
284 323
384 366
706 2769
1448 974
1192 285
339 365
2678 3017
325 276
503 1152
413 268
2518 2181
1140 945
1756 276
2076 315
649 3133
1589 864
577 100
122 122
345 738
103 281
1443 554
1048 639
2702 603
334 433
1474 804
1344 309
116 425
600 276
876 115
1100 3349
389 450
341 291
709 1893
527 102
263 365
279 267
1006 110
87 347
336 1906
359 506
2117 101
876 739
393 410
1856 950
2361 3163
263 111
50 53
1917 1878
292 453
438 407
741 356
1327 330
674 112
468 275
368 554
270 380
341 1098
284 1146
467 53
474 394
952 300
735 528
683 657
1592 2423
367 2084
1231 658
1348 115
1345 276
263 121
32 276
114 399
341 109
418 2226
948 548
863 2616
350 79
726 119
1276 1823
40 92
1138 1871
434 720
1312 276
760 805
952 1811
693 2524
2257 276
282 286
54 48
1226 371
778 401
378 263
226 130
1234 1029
2330 501
296 316
377 285
274 288
1833 606
1343 567
287 2987
476 2749
2222 366
114 116
792 443
696 440
304 267
311 3013
311 591
665 307
954 50
406 427
277 377
279 443
2061 967
286 529
110 97
1077 1290
324 119
115 267
284 2327
642 519
1363 1569
1077 268
66 101
965 315
1213 1029
522 1117
286 868
773 1990
2026 116
723 1761
1716 366
297 835
518 1640
1020 318
532 430
334 291
517 380
1417 817
959 921
1148 310
282 501
741 372
2789 1413
98 266
334 1766
296 919
2223 479
438 285
2043 115
274 392
871 295
311 487
3419 347
2930 285
114 651
485 115
1458 642
1333 529
2402 115
1609 275
709 291
356 115
994 281
73 78
274 2703
511 268
439 642
1922 101
346 1298
1305 395
295 491
262 288
1235 979
97 520
287 1946
1275 276
343 1843
597 280
311 366
292 1823
374 557
1204 616
2587 692
671 1822
680 371
287 400
888 108
322 366
652 116
108 895
321 99
1536 285
382 1106
618 329
296 271
2422 276
73 428
356 97
262 657
350 646
2344 659
2694 1970
418 326
79 110
308 658
2305 291
117 606
2259 495
689 276
1060 1376
317 850
771 121
341 647
334 501
884 3353
364 2579
105 380
457 2013
111 275
378 114
642 275
117 373
292 325
333 548
594 312
482 638
338 1320
378 1181
104 97
446 855
1150 394
406 552
416 400
119 500
284 271
284 485
833 462
274 465
287 625
312 406
755 276
516 326
2677 2502
274 2018
104 121
3046 1290
1973 899
117 484
858 437
930 496
1995 730
99 312
114 283
270 110
285 115
790 1244
3311 1387
1368 99
32 58
1782 1381
292 770
511 1434
267 307
886 309
378 380
378 713
985 499
341 346
279 1837
1877 2561
433 101
263 529
1047 2826
1676 353
284 2073
313 2268
1414 115
322 103
1440 1049
1336 276
317 1710
1036 276
1762 414
842 710
886 2148
1584 115
722 424
414 330
275 520
380 285
1143 360
282 272
262 469
1060 501
2117 1780
262 272
1938 1124
41 41
1279 285
398 110
982 2663
295 285
194 178
1047 557
685 601
359 330
798 330
1327 3101
624 115
337 162
317 465
1344 281
355 107
301 112
284 407
322 496
890 424
1522 1460
109 314
270 3124
382 967
1490 277
289 1750
1275 115
326 272
346 98
426 3132
279 2439
3526 3138
296 399
1741 319
363 596
541 263
935 2805
3309 449
1622 115
493 312
52 48
98 815
286 97
2371 425
2318 365
411 320
472 108
2016 315
766 266
114 496
825 526
262 492
426 100
2221 100
1917 119
1668 276
1158 360
923 300
304 320
33 34
879 2755
991 3088
1108 2009
262 322
1018 285
32 195
99 265
1567 102
117 621
518 2264
1370 121
472 323
118 409
1281 361
100 285
933 285
426 485
466 110
304 2352
1198 1092
121 109
311 1381
736 582
1330 775
2363 603
811 110
3234 761
1191 276
313 315
546 99
32 123
1598 309
110 121
295 497
627 1073
627 1553
751 285
1167 1524
284 540
457 1005
384 275
274 346
419 496
2623 462
363 1871
644 976
301 271
109 1720
413 291
870 280
2167 309
363 3553
1752 529
2440 286
3370 3396
296 713
103 291
318 302
76 314
530 543
105 353
266 285
297 410
945 427
1900 285
362 1799
990 353
274 557
2406 379
1443 582
472 657
277 1409
292 646
1017 653
482 1792
378 384
2828 673
363 520
390 291
270 360
434 1602
109 1086
107 121
292 771
50 50
1796 276
3252 538
336 99
952 496
954 48
97 529
1771 285
292 899
1543 115
1518 276
2880 309
2302 508
3011 752
99 529
2685 616
480 2711
1112 1572
1782 381
111 309
354 1574
555 315
513 2687
97 375
482 495
644 314
388 659
437 601
480 101
346 263
284 2881
287 639
359 2562
2968 1579
1843 1259
669 275
595 681
1390 290
1676 268
587 268
1122 631
112 101
276 117
637 1259
2708 775
296 600
314 352
378 267
1112 492
264 302
1235 738
484 377
382 539
389 713
317 1110
3154 2797
938 623
1715 401
2741 759
284 3393
1362 556
796 626
111 484
270 656
1422 2740
1424 701
426 108
1155 381
536 286
354 102
2521 1491
2508 475
1732 302
116 97
370 314
2230 268
536 117
1398 276
98 98
488 710
2026 380
2692 3511
416 409
504 460
104 380
279 573
551 501
2436 427
535 2144
546 379
287 2415
3431 1319
421 97
1156 346
287 356
305 477
467 52
350 371
32 226
660 1200
1399 285
65 78
271 322
991 710
72 101
50 49
1034 495
1639 314
3003 268
3168 460
2666 492
3862 567
1043 103
2527 3574
281 477
1369 862
376 280
2341 758
65 100
599 424
431 283
1343 730
731 280
125 36
1015 275
412 1670
304 822
2225 1948
79 82
3580 539
1122 590
109 1949
3348 2997
117 539
338 3485
1036 353
1239 1501
503 478
1590 738
1739 661
329 275
361 280
1919 272
426 118
2603 280
887 121
3452 1523
320 295
32 44
401 110
1179 496
345 115
1504 819
1052 285
412 370
506 814
282 327
472 3436
673 276
873 664
287 430
393 465
2216 539
322 116
426 1268
952 411
1007 394
511 309
1094 500
98 323
105 432
334 2520
2099 380
433 1689
918 115
783 285
341 119
272 101
418 271
367 437
1276 285
1604 115
1403 276
2016 692
284 1906
406 121
918 353
32 2087
282 780
689 101
266 314
65 67
279 271
304 307
323 827
1105 268
1140 2248
264 2368
1074 120
279 318
1012 1180
284 475
620 100
334 402
3926 105
321 303
296 3817
319 286
2621 550
393 475
311 271
311 2448
766 108
108 997
1474 1151
785 738
1422 275
702 101
334 2877
1507 309
1443 864
911 4046
263 455
287 1410
119 1860
431 904
1749 272
273 120
493 1703
954 51
104 346
291 97
633 114
1105 1818
390 111
1105 664
2915 869
3070 924
955 58
1999 556
388 1042
434 3707
783 353
1472 278
438 314
2528 529
2693 3953
778 520
334 392
431 663
401 286
2517 976
293 4044
2355 1195
50 51
881 523
1481 285
318 276
441 342
810 3640
510 483
114 432
2956 889
262 316
792 504
2217 394
389 271
2076 455
380 290
354 366
291 730
296 557
304 477
415 1274
120 105
413 403
626 353
1331 290
378 487
69 68
336 1705
965 497
910 32
1992 661
1549 276
2004 35
2222 2697
117 299
378 271
438 1076
2575 110
32 3811
2957 102
339 497
1646 477
711 920
1148 1469
73 67
566 3238
722 525
411 114
812 3510
1224 512
954 49
296 381
344 404
984 920
393 291
892 285
1353 115
278 307
418 759
637 491
97 322
431 267
1060 1561
317 816
1036 285
1589 582
282 902
359 2953
282 339
600 298
1971 276
723 596
390 323
1018 115
336 428
1121 729
803 2906
409 295
266 119
270 816
367 276
3570 371
419 1868
953 48
524 1487
2462 276
271 885
277 268
1440 1670
1470 312
1463 285
267 295
599 371
279 2491
336 266
1453 275
80 299
473 353
121 540
1713 821
471 101
549 381
2486 425
119 585
292 1720
1150 277
1797 109
41 94
111 396
79 78
3176 381
1160 717
433 904
431 570
480 582
493 2523
3166 3147
313 832
503 303
2985 3281
1483 99
1127 121
2320 361
332 116
459 929
558 1787
610 1487
792 3829
2715 850
2187 285
112 580
1194 309
454 300
457 463
1260 606
446 443
41 59
1593 1516
72 453
103 361
292 1937
618 705
429 3973
1694 1083
1609 276
408 45
303 574
266 275
454 1792
271 1102
2470 356
588 1349
618 662
536 2133
378 891
1266 653
85 110
344 73
517 307
41 36
56 48
269 392
915 115
3735 599
372 101
32 1884
284 2695
741 318
2863 523
109 271
1176 385
2093 300
114 552
376 356
2570 657
291 703
389 97
683 3520
790 562
547 321
881 647
711 582
706 4152
2867 725
292 312
1305 508
2875 121
655 817
2844 3791
2193 290
99 616
421 3161
292 1891
300 285
2584 286
1414 285
387 36
2730 286
350 512
415 2244
2794 373
911 268
2533 901
270 1881
488 2376
292 318
382 2948
563 1750
959 371
3469 729
706 266
1565 1565
270 570
280 298
2041 1072
2521 352
842 591
779 2778
1299 361
265 1306
416 516
281 501
333 821
536 275
439 3642
3881 1045
452 562
339 1359
626 115
317 1042
618 1073
336 325
1315 123
265 302
3737 819
1719 285
1820 285
3171 347
750 276
3450 2668
1844 285
382 400
1043 102
3069 603
1505 115
2395 365
277 330
415 2475
321 101
648 3218
1908 268
594 298
2097 1132
792 945
2584 97
3130 263
1312 285
470 291
833 1070
940 276
457 3118
851 3585
706 319
112 286
69 78
346 300
794 108
535 298
1144 4192
1708 381
618 116
691 3815
1950 385
118 2984
336 73
925 3335
608 3292
801 318
2726 394
341 322
1068 379
262 2034
794 2353
113 3502
618 356
1690 268
2870 268
304 1949
939 107
1432 381
837 115
3095 277
281 652
1680 309
2231 759
262 890
292 3113
1267 465
317 342
378 99
2853 276
414 543
879 285
1109 3078
320 1087
475 309
117 120
416 265
1331 285
324 316
2581 268
2960 300
412 508
1863 105
863 425
1408 361
266 302
282 2023
1209 290
750 285
2806 1367
459 540
599 275
798 319
1225 302
3106 880
3727 315
298 827
306 3605
2094 401
2313 920
65 786
359 950
1494 599
2647 3821
4030 1371
80 65
274 593
296 365
1625 121
2363 512
452 298
1432 1110
1938 3144
1576 291
105 329
742 54
304 4170
287 339
111 101
296 1766
344 100
1099 290
611 1449
905 101
2079 115
2472 2387
454 1243
2343 119
306 263
382 277
2130 371
454 329
406 272
2272 285
2045 664
270 407
284 1042
341 961
114 425
73 84
3149 1656
2560 501
2256 373
265 428
1847 2551
3577 2151
1414 3320
341 286
576 1736
1284 116
296 433
863 1247
609 121
2047 309
98 108
304 277
389 710
472 625
2011 424
363 561
438 351
341 1171
2192 285
284 3276
456 2905
1503 1452
299 760
329 285
1732 520
731 342
1117 295
1248 314
2120 738
3567 365
99 494
1958 1013
287 370
1802 2329
61 92
32 2546
104 1485
382 4322
1126 580
382 485
613 519
1650 280
3752 2565
503 484
300 121
2715 381
568 2438
740 2856
4040 1970
2168 309
331 103
728 424
2528 107
609 366
1103 57
2667 365
3062 427
282 314
270 512
522 824
287 3401
1334 315
32 494
295 97
390 272
706 263
117 3417
3014 447
551 1561
588 2353
822 101
1494 2046
406 275
1649 283
970 290
1563 276
107 272
350 265
2371 701
34 44
703 115
452 3888
522 102
3899 302
270 2275
50 52
317 2784
304 402
359 3807
1230 2277
741 2575
877 1029
32 62
268 567
2722 121
382 300
467 49
975 427
2457 295
522 1210
778 374
299 115
308 107
853 315
1278 437
117 276
438 1469
1508 276
3039 277
395 276
2599 2935
4122 447
281 373
292 374
292 2414
1327 2897
1475 115
2401 315
3449 1479
3264 623
336 4184
1515 1180
2660 552
1885 460
1985 826
311 1946
1236 280
389 549
488 2647
1903 115
1173 263
411 280
536 469
995 271
1630 295
291 432
1507 108
841 280
874 496
3286 582
287 463
3209 1619
4027 758
307 98
350 281
446 354
2361 121
2795 663
270 2421
485 276
1391 1165
103 323
531 321
1010 1083
1604 276
1578 316
279 283
103 110
438 111
1003 950
431 3266
896 277
726 310
1617 612
3067 321
1165 115
414 1656
1020 291
454 377
32 35
3600 121
1708 1261
1239 1271
336 934
918 2206
639 267
794 112
3150 979
875 582
105 323
2401 365
1943 2337
304 3984
3918 309
79 322
2017 2775
277 869
519 1910
525 371
602 1286
709 4449
2351 1259
99 111
110 353
114 455
3250 757
413 1485
474 557
1043 116
350 322
342 315
671 100
2245 432
341 666
359 712
781 1092
1031 315
1921 275
513 1727
1647 3126
284 556
877 4429
430 100
77 392
295 276
341 901
397 116
482 2827
1980 115
2571 3358
702 1243
414 116
2088 115
3720 1206
671 574
1209 1799
1494 272
121 662
535 534
1015 285
1069 813
295 277
923 268
109 539
325 381
317 1274
912 377
3996 1131
694 276
1127 353
322 315
431 348
795 2056
1336 285
3225 277
284 462
457 437
3229 361
4318 380
346 97
1769 309
884 455
32 582
103 121
266 760
3916 275
426 581
503 98
541 1468
618 1509
312 285
2571 496
1148 295
264 3038
292 326
1130 286
268 97
2626 280
790 3288
779 404
116 290
308 112
2865 701
306 2264
2483 309
104 370
341 307
1197 495
335 320
339 550
431 407
796 485
2336 281
1020 310
1154 404
1900 455
2150 268
70 2578
618 119
292 514
329 856
378 4496
1844 276
114 574
2171 819
3227 2013
390 725
117 107
1255 48
1313 330
1370 295
1702 105
3054 501
289 2629
1008 4456
3633 2834
1280 276
600 285
1785 361
82 101
431 506
105 365
531 112
1382 1757
635 455
2585 315
373 4011
485 309
2039 379
118 616
376 2002
627 1742
1103 56
262 3274
3766 276
434 108
928 3634
1225 3876
3223 631
282 1146
659 353
1026 425
50 55
1635 1005
1440 508
3460 427
270 395
301 475
1017 455
346 312
790 452
1943 3186
2345 353
2548 276
1017 315
1390 276
319 2932
1426 1338
2757 2340
312 276
1177 285
61 61
2617 379
4553 1283
274 906
351 105
1515 1270
1854 2034
105 105
431 3689
476 1450
1780 4081
3919 1712
671 267
292 268
1081 477
2726 1356
295 399
108 263
431 2005
954 52
1950 290
565 3216
588 116
600 275
1931 381
1886 1689
2116 591
463 562
642 115
2160 275
65 76
292 1192
99 286
3910 3975
1424 295
1996 285
1293 626
2426 1541
480 3702
115 275
341 1313
434 2847
1557 1180
459 97
1629 276
3323 759
334 4316
2038 300
608 326
114 515
274 406
3184 401
279 4492
551 491
503 102
1979 115
3603 3956
299 2262
432 295
812 495
709 621
975 1523
102 626
416 3235
655 1721
314 353
700 2932
277 574
925 1967
273 100
438 1124
57 48
1226 1623
4101 2020
114 447
3345 318
274 121
1130 318
1385 371
380 1085
351 688
1441 283
2241 285
1275 285
280 1827
779 316
2374 739
1925 552
2659 385
742 52
287 285
3733 425
1807 298
311 295
419 4458
2479 433
3937 997
296 117
341 320
2125 3598
115 857
666 101
2721 4612
1740 1404
2291 285
323 119
1926 1926
4200 1311
2134 799
289 4314
865 450
2435 1068
104 574
416 585
3711 272
334 791
351 2346
4330 307
1249 348
1924 2559
98 280
842 749
1308 280
952 582
2500 601
305 4387
766 3222
2460 280
341 268
363 116
995 584
1059 276
280 116
2225 1032
282 2690
1886 353
274 1493
390 351
629 108
267 280
98 662
681 115
2865 295
3271 4436
3776 112
118 283
459 4645
1779 2731
69 67
301 550
1392 309
73 115
402 268
1369 2438
3196 1861
3529 525
320 275
728 2277
270 1679
1295 275
4415 309
386 3814
323 98
434 263
472 2505
1390 424
514 353
2083 1911
109 272
587 405
1305 2937
716 276
740 2895
1288 285
345 310
2197 365
105 106
270 267
386 100
65 77
1534 606
3448 309
99 353
440 2905
118 1328
288 108
452 272
691 98
3236 465
434 3747
3356 497
287 1574
283 112
3172 1089
1567 1501
547 121
467 51
3053 309
345 1921
521 432
2795 427
343 118
344 83
595 3717
1176 717
1737 701
2920 365
79 83
1530 285
4213 3091
263 300
313 692
125 2281
4593 1479
313 1710
421 1822
480 275
280 107
277 99
301 1088
65 80
292 111
2336 4399
57 57
1079 4469
108 1044
274 714
3104 462
2351 1525
304 1788
1796 285
262 591
396 121
100 855
877 377
1607 1141
3597 2796
3394 116
4031 538
284 3207
389 280
308 290
336 118
115 4378
683 3819
4999 2872
295 265
1743 497
4116 1049
1128 1660
32 322
416 4832
277 501
194 176
1887 309
41 92
1941 898
3418 717
292 300
363 298
3108 96
97 106
810 596
1036 268
2246 276
1723 323
32 520
1913 309
1218 105
1390 285
334 316
388 787
896 290
1094 4605
4162 300
285 567
313 1904
431 922
985 278
925 330
2705 277
504 539
2598 3028
4052 409
3321 1945
1012 462
1177 99
431 1166
286 673
510 729
513 112
858 4657
1039 4608
313 117
549 285
346 115
1242 276
314 276
2355 424
295 1531
306 2785
380 275
472 1009
108 326
292 277
326 427
2730 1181
1135 309
3954 907
3054 1005
284 1891
691 1583
908 2391
467 50
401 590
3932 307
270 263
706 1778
1651 3470
80 104
317 291
418 624
1726 4328
3572 330
389 2732
551 2308
1144 373
351 462
1138 589
1278 458
1327 4677
296 907
588 3137
1108 281
2100 2796
262 749
1334 550
3233 2206
418 286
598 275
709 2950
4002 862
1008 616
1174 353
418 1469
350 1068
1100 1289
378 281
614 789
674 1435
3646 567
114 109
541 291
4237 1542
99 100
1426 114
262 3468
571 404
426 302
1448 824
837 280
419 3219
3307 315
421 1268
742 51
1672 373
1842 869
3586 290
55 48
301 485
1467 4816
1859 115
4446 300
118 371
119 573
823 263
122 121
117 277
281 494
3164 449
270 440
1297 315
1354 4375
101 107
602 2505
671 3991
311 860
461 1434
643 46
822 275
67 307
297 120
1295 3368
2134 3612
4065 567
4337 360
390 105
1527 315
1987 847
1157 624
110 307
322 100
1715 298
3706 826
1832 286
908 409
355 494
378 515
2435 525
4402 478
319 2072
50 54
438 2491
2544 661
4074 1058
4602 2731
109 713
295 529
877 263
1016 400
104 405
1473 121
2672 107
2701 1699
649 110
4346 309
3661 556
274 2064
391 110
1046 115
3671 1501
282 3621
99 1444
306 2332
1354 646
2707 2707
4297 315
382 2216
3191 98
683 103
806 302
1489 707
2395 1601
4304 1468
366 116
401 115
649 428
2187 101
2380 102
2258 1376
3339 121
274 1521
281 703
419 2950
536 1710
1281 118
262 436
282 414
610 302
82 69
83 99
1991 356
3342 281
297 719
1024 379
2063 1147
1545 4400
689 2409
3763 151
468 501
471 4887
2463 424
3202 2998
85 83
284 320
314 116
321 1612
1017 365
336 342
439 4901
1225 102
2105 544
295 371
704 1563
2083 2128
100 111
110 275
304 3622
1288 276
3606 2130
276 268
282 713
1167 460
1718 116
1999 515
691 3151
3191 840
4913 373
302 101
318 97
324 409
345 2857
2822 298
296 906
318 544
3262 544
264 318
2570 4242
39 109
378 1294
803 286
861 3716
2436 717
745 1113
263 432
271 263
454 4769
1862 312
2335 1866
413 4092
1462 3407
3809 677
274 815
2434 399
2282 276
346 276
3508 437
460 424
287 405
1536 115
2030 1183
2344 1086
3765 115
467 54
307 97
602 1041
1805 268
414 739
728 339
3828 107
473 381
279 4656
541 1541
4702 661
306 1268
563 108
75 2409
102 1084
341 107
372 1061
613 3214
1103 55
3999 361
389 799
1103 54
1276 276
2011 290
3402 309
350 519
292 351
1914 285
4293 549
287 286
308 109
778 2523
68 65
1680 1721
282 1005
390 3997
923 698
355 112
728 1195
2318 1601
2604 1222
270 405
434 624
1177 276
702 325
849 3298
1420 2133
1607 99
3136 523
264 112
3715 1286
1675 1135
79 84
588 109
1693 523
2980 115
1008 310
4319 523
1918 2869
2050 73
735 1524
277 283
341 414
363 4786
389 440
454 1989
2467 427
83 104
735 713
788 308
292 1679
760 101
1770 384
2655 280
105 805
471 314
3429 276
281 399
884 2220
1469 321
432 285
291 379
2314 276
2055 315
382 115
635 399
1276 1434
313 281
334 997
2490 373
304 469
810 981
1426 1290
3336 2407
2462 275
2535 109
1143 3662
2748 2732
83 483
343 1268
411 315
914 573
362 5069
1398 290
109 308
351 276
503 325
879 280
1211 1168
72 69
419 397
287 2885
467 56
697 107
637 443
794 99
1687 2279
1621 2013
308 427
2217 116
102 641
1411 276
1538 2228
1362 121
516 111
588 4627
2380 827
4208 318
514 275
70 420
1617 809
2643 361
112 1033
886 5046
2661 1787
99 406
1986 371
4212 3019
2246 315
459 895
78 1876
973 98
2742 309
4862 5102
298 612
863 1540
1079 4933
1218 491
2142 397
2366 121
301 3032
532 1033
105 1032
3357 298
110 346
346 109
633 101
2838 4267
676 529
2510 2345
321 543
842 492
851 285
1186 100
954 53
2302 1032
484 1313
851 4725
296 299
434 2578
1530 424
1727 121
3021 281
66 67
319 108
270 516
329 280
434 505
2744 285
50 57
264 394
467 55
3639 104
407 121
571 109
3730 4321
431 3303
2365 115
1231 267
1245 623
115 263
286 105
1549 623
613 950
4685 1049
328 3182
1593 275
284 3404
1314 280
3077 525
4275 276
287 1896
1502 295
108 105
262 2266
367 361
493 267
794 552
413 320
41 61
112 272
292 280
323 543
833 1270
1114 295
4034 353
4086 5251
287 4207
736 578
2838 433
341 330
1310 1818
115 401
3517 111
98 405
395 494
446 2594
846 374
1843 300
2666 1834
102 1792
3180 1539
270 437
1218 2856
1622 850
1941 552
2007 318
431 374
740 3134
2886 455
3388 673
459 823
1112 2252
2301 112
3721 316
299 121
1886 268
1951 329
439 2671
1059 4225
5112 2654
270 605
640 950
1130 623
262 401
390 4900
1043 727
1130 475
2573 878
77 121
421 346
1137 997
3613 582
1003 2988
2269 309
5253 320
1047 115
4936 4812
2585 455
954 56
1128 326
1494 121
114 401
1708 275
117 462
334 4697
531 116
1883 290
794 473
1056 1135
4626 3036
270 272
2903 4582
329 295
531 75
1652 494
334 1032
414 760
3321 2988
3725 477
265 729
513 115
735 700
2210 353
3595 370
493 374
642 107
262 600
112 314
350 266
725 276
69 84
431 351
954 54
102 443
731 320
1651 1456
2171 3473
682 40
1492 606
2084 4636
78 68
121 2262
1103 53
390 299
1735 283
44 92
109 112
1527 285
694 115
954 55
987 121
2536 115
2835 639
307 121
114 495
3658 298
67 108
282 280
282 4536
386 3343
1006 1095
2432 2860
2705 1460
1318 330
879 315
4408 574
2550 401
1420 326
3324 759
4723 460
65 705
603 309
1626 272
470 420
3080 404
277 1102
388 291
274 1837
298 286
743 314
2766 277
299 687
1925 1147
664 869
836 116
386 3043
932 460
418 339
2782 115
5166 3652
3283 612
306 98
665 5426
1265 115
334 111
810 612
378 314
2902 3920
5279 573
434 392
659 268
279 1274
454 492
884 761
964 662
1285 276
1980 496
4390 562
50 56
439 1834
433 501
861 475
914 3015
277 1261
4020 1183
1764 115
2550 898
857 115
1094 360
273 4049
306 309
1841 276
83 112
292 440
463 353
1412 820
1443 2487
4560 878
431 105
5669 283
3523 817
354 505
405 268
1406 118
2312 285
1537 263
284 1521
3067 116
413 3315
3949 280
991 2608
274 703
795 5628
1148 105
1650 314
77 83
1103 48
1723 2535
528 276
3623 525
102 1205
305 902
1958 315
2150 353
80 83
350 612
513 4118
406 603
1278 112
2201 365
2319 295
2512 1200
1835 381
117 564
2146 371
4843 1095
3993 684
879 271
1985 1381
480 508
1060 2308
2372 275
3557 371
119 516
378 646
1527 276
69 79
1043 118
324 578
334 505
2986 298
640 374
1702 511
2518 3607
3477 365
1139 4905
4177 1257
418 3427
926 1132
5125 326
324 1117
3062 717
1206 104
3395 931
518 110
1688 580
3253 115
378 97
682 36
1077 3588
1762 267
292 485
393 1529
482 3064
881 544
2708 314
4957 1147
292 1286
2734 315
3496 721
101 280
402 121
438 515
291 105
2659 1381
3371 729
1914 112
52 53
122 97
365 332
1626 1944
63 643
117 477
541 316
3759 309
5768 581
51 53
314 830
291 373
323 868
454 713
678 3362
2560 1005
350 479
518 318
1140 277
1669 580
367 5068
531 1933
119 2959
313 455
463 111
3259 285
264 120
283 856
1647 285
2305 101
97 519
341 401
1557 1070
3233 353
438 3091
1300 309
2990 462
463 813
566 319
888 582
302 710
378 280
541 666
1446 606
3425 5221
1950 281
2722 804
4502 121
339 401
4773 1061
299 680
412 5603
994 115
262 473
836 5582
4279 107
99 320
334 1244
334 2228
296 3301
426 5694
2366 544
728 374
2509 365
3587 859
262 277
297 121
1002 373
1621 112
741 5231
268 365
300 104
827 121
39 44
693 300
541 752
313 5067
471 267
2516 309
100 97
110 351
390 348
1462 1409
110 377
4672 399
282 2062
2192 115
3837 424
3893 381
4520 1090
49 537
295 494
279 2244
378 539
2434 2710
1202 5109
420 101
1047 2786
334 1005
4880 290
120 404
1820 276
390 314
1519 309
2544 280
5300 525
419 3352
1112 394
46 39
1235 543
1502 4563
394 271
1015 276
1918 4763
287 447
796 101
41 40
524 1033
4142 1418
107 268
602 764
1358 298
1941 921
522 2592
3998 353
1422 497
1797 275
2282 1525
2530 285
1024 1967
3223 281
476 109
674 2460
796 5520
350 68
1140 5699
3072 309
108 97
110 617
722 115
1285 285
85 115
296 527
1515 1070
459 561
3546 285
3551 365
343 4948
532 841
580 290
2685 290
965 455
3351 525
267 544
535 753
706 119
2230 1290
32 1062
389 487
532 117
262 514
374 425
627 1614
810 114
51 51
493 647
2627 427
55 53
3149 365
546 3863
687 97
65 502
333 116
962 115
5132 276
4271 339
876 1102
121 100
457 458
541 3316
1846 424
637 2895
2043 285
3165 1911
665 3151
851 463
1556 48
1653 276
345 1663
98 285
297 119
3392 497
270 3589
766 500
991 1834
2927 409
480 285
939 276
1638 478
2176 868
5258 432
97 458
750 664
1611 48
2880 102
1481 276
3399 1303
378 397
4026 1516
99 992
521 271
911 1222
4104 1163
568 281
298 526
270 396
289 4047
476 2629
513 1349
987 603
311 554
2843 353
3905 314
102 657
769 1416
2530 276
32 309
341 272
1008 642
1431 485
1464 820
1807 108
83 1050
99 485
1213 3743
985 1553
32 526
266 303
112 271
323 103
918 268
1918 97
333 394
270 2020
339 102
881 880
418 3645
683 3257
1114 921
1003 1661
316 599
734 1092
2928 290
3676 1861
414 661
493 1787
333 862
785 979
2078 353
311 3672
262 2439
289 1359
98 102
334 315
1017 497
68 3266
286 567
763 268
1004 567
1522 974
3986 285
4069 5666
51 54
119 347
287 1963
1363 276
438 904
608 399
1358 1131
3172 479
324 322
470 3632
505 280
541 902
2919 115
5086 351
1297 455
4746 1819
522 119
627 263
334 1523
441 122
1520 701
1568 921
2274 512
67 67
274 339
959 109
1211 285
384 276
3944 653
563 2346
1802 1811
121 97
446 291
570 574
295 339
742 53
112 105
4215 1724
270 3569
469 321
82 275
270 492
306 555
3225 824
78 889
79 1152
380 276
731 283
1735 316
3887 2224
306 2144
341 280
482 329
524 2690
980 353
102 277
401 275
1003 374
1126 770
590 103
803 4701
413 351
1016 121
358 394
390 308
1607 1316
3761 661
65 383
262 414
2957 5631
282 5685
851 346
1713 4703
434 101
1128 880
1139 899
65 65
99 732
340 2695
849 5242
1001 1643
1762 1720
3241 353
334 5612
1406 1435
1702 3571
3455 112
3536 404
1476 103
1608 116
1958 365
2375 115
313 4270
535 5942
41 125
41 47
82 506
85 564
98 281
1622 381
1999 271
311 4004
1431 1086
32 295
285 276
84 83
285 373
678 1294
1740 462
2920 550
411 494
3957 1670
356 100
390 280
390 4682
1100 1359
1341 119
279 1013
282 491
287 327
954 57
1278 3569
334 1206
5207 318
78 111
84 101
629 5864
2320 1132
1560 854
4916 353
1426 2665
2741 2086
263 651
522 380
3110 425
706 759
287 4244
807 353
842 2493
2662 414
109 4800
1653 353
263 379
3731 361
114 308
264 409
351 360
368 307
279 895
1557 1270
1941 1241
287 943
476 519
1156 4308
1267 487
3142 1089
103 280
296 325
1026 4684
721 361
971 40
2316 562
4416 661
434 3297
1972 104
2067 115
2310 365
807 606
1242 285
2509 315
313 596
2282 285
613 4285
1647 361
848 276
692 309
363 5619
708 374
1979 276
2366 366
708 582
1796 275
1924 5641
1344 314
3304 115
5815 308
39 100
1774 92
426 688
522 115
2256 1982
274 1569
282 427
334 497
426 394
1785 606
284 370
311 511
325 425
546 102
111 330
467 57
1202 601
2316 2181
3021 424
277 122
378 791
513 3376
1483 116
2087 146
284 5457
3044 285
280 520
476 4218
1832 348
416 1163
1216 1261
1425 115
2792 318
3512 115
69 76
108 905
68 663
324 268
350 2703
531 78
5283 2593
302 1766
308 121
269 1303
330 111
334 596
378 2298
389 353
2772 574
3027 309
3676 692
3846 606
336 4983
418 652
633 405
114 658
611 1117
1478 57
571 759
83 84
434 601
536 346
735 2448
2131 115
82 79
1671 713
2146 593
4253 308
488 5892
1862 719
3374 1338
3451 612
551 354
637 2036
402 2850
603 361
792 2248
806 4789
1235 548
5422 508
284 298
2623 905
3110 295
65 68
69 110
601 6312
803 111
55 56
335 1404
432 309
434 573
795 101
1112 2185
2221 458
5534 2051
262 2482
566 109
678 315
4382 1106
100 283
313 647
3142 280
5261 395
413 5525
4059 497
1023 425
3665 2970
103 606
3894 276
72 1274
542 276
1284 4860
1657 121
2672 494
109 295
1292 452
2120 319
114 380
3494 3961
306 744
3095 824
5176 371
459 288
459 5700
1411 285
1644 277
2256 1909
2966 65
284 400
914 271
341 84
644 271
665 880
1841 115
4761 111
836 115
1458 4464
305 263
324 4551
837 761
3462 361
426 372
2197 455
1420 414
1451 48
2142 4172
3606 1183
263 5914
317 443
522 371
76 4787
532 889
549 276
274 585
3256 115
1667 2459
313 409
284 280
446 111
299 99
295 2561
378 450
792 1283
4256 3426
274 1816
320 97
459 626
270 764
311 308
410 268
1931 285
1186 118
5042 374
333 738
86 3049
320 102
296 263
454 1572
3130 1090
3418 427
279 759
339 115
421 3655
812 1541
3388 115
125 40
709 111
97 351
374 286
689 392
734 5073
4114 276
1903 729
3374 114
3471 347
115 961
341 314
683 1525
3837 290
102 108
382 395
470 114
1709 562
114 1013
911 557
2486 110
296 312
356 111
431 385
533 5750
434 473
602 392
41 124
363 379
281 687
1103 52
1547 268
426 1484
536 268
620 428
286 99
418 276
540 115
844 545
2395 1656
395 366
602 280
879 276
930 3884
2201 116
107 105
69 77
73 278
311 1509
1954 1271
1014 280
68 70
282 3329
275 800
378 890
795 275
5473 780
881 99
1196 1135
3141 1871
274 485
299 318
499 298
2912 3287
5432 300
340 275
1608 108
403 379
803 1619
2816 351
3923 427
1150 2973
1522 6375
378 580
707 276
1632 281
2310 651
3117 920
97 277
341 2289
1007 110
274 3274
299 103
306 428
346 804
431 326
329 276
119 276
506 360
602 266
2675 636
4495 1616
1727 276
277 692
108 353
266 6575
2241 455
2445 3982
3464 508
3952 455
324 307
334 902
416 528
522 4132
1312 275
39 46
3246 309
320 277
633 538
689 605
1021 110
2512 4670
304 380
343 103
378 407
378 4831
413 1274
414 107
1368 425
3180 3588
5175 329
282 112
3290 276
518 2073
781 2777
852 309
2794 5879
277 379
378 4424
818 1190
3845 356
4348 424
52 56
98 1998
716 275
778 1168
54 53
280 730
518 400
1406 280
1621 1663
2099 2551
4646 6041
279 673
281 280
2515 276
292 3404
298 606
2477 327
4404 2441
1809 817
472 816
884 653
2035 1418
2328 3518
108 512
1273 303
5359 2012
263 1677
304 505
3838 99
313 6142
433 97
528 268
1426 2128
45 92
536 101
1857 1540
5956 1131
6013 1413
342 116
413 272
388 514
2828 397
313 582
471 789
4299 285
6078 411
311 599
812 2608
532 2586
762 53
1458 3352
5365 562
470 271
2428 664
195 161
470 479
558 2275
742 48
265 6547
522 5433
2537 1328
4336 501
82 73
110 3495
270 286
324 86
446 491
643 44
877 5449
914 111
284 516
923 4724
1847 921
98 105
119 263
2702 2357
313 384
947 4545
1046 276
1108 1799
1920 276
3595 308
262 443
334 1124
411 5854
472 573
590 116
698 276
1074 2785
2100 823
433 286
2776 5599
3153 869
93 46
551 1359
1422 278
2509 550
322 661
3399 631
80 108
311 2049
341 108
284 511
2938 1181
282 277
282 951
318 767
570 97
2120 543
3116 285
660 530
3018 1241
1122 1303
3685 276
421 285
1003 5439
2217 1821
274 308
288 404
1122 281
3613 864
914 469
1237 1212
67 79
114 263
1355 281
3940 137
108 1244
110 2728
706 312
51 56
419 1283
1408 276
2093 1259
1462 2009
295 730
968 3754
1488 501
1551 309
1820 115
1112 450
121 116
270 2913
1507 1243
4881 798
68 114
279 314
336 1162
390 268
4442 115
283 315
284 354
314 285
459 5336
1796 527
390 67
1026 552
2202 121
1932 285
2621 365
4894 121
121 394
271 5644
367 606
460 121
1421 1852
350 514
2030 2713
3341 2220
271 111
1654 275
3578 593
472 1158
3564 71
6063 99
490 166
314 760
345 1879
434 3276
2556 290
265 485
2055 285
282 326
470 5991
1178 365
32 10
77 1181
378 395
2196 309
2615 381
3683 371
5592 1270
101 771
296 550
1399 315
125 94
434 949
608 2710
1447 409
334 1619
914 475
1490 4837
3744 1929
6037 2520
110 111
336 67
571 2062
599 380
1295 295
306 303
426 1612
510 856
959 898
116 701
263 552
104 105
778 2559
3359 3260
387 45
546 115
1954 1501
284 1412
390 266
1167 5031
3322 3590
10 4124
393 299
426 85
1331 501
1644 2775
423 1864
459 512
872 276
1850 115
1920 285
114 539
68 80
395 635
438 770
755 115
5052 298
46 59
83 265
272 360
334 266
418 666
513 3925
3669 276
4951 456
110 716
267 97
990 1822
2537 500
302 596
618 1879
4041 6739
378 111
311 4607
423 4129
446 329
609 1359
846 658
279 409
314 701
299 356
5056 3983
51 50
279 530
289 727
4272 427
390 815
1912 1473
6360 3739
796 2212
1835 1439
3306 276
4683 1006
5876 116
369 752
1331 276
83 65
566 1645
884 4335
283 352
100 275
522 1135
6247 525
54 52
382 6538
2928 424
3167 283
295 121
724 309
1299 606
274 1398
1405 276
2207 115
2319 425
2511 351
4272 897
79 332
324 266
3968 4760
4932 738
5396 315
263 105
303 117
351 557
461 5882
284 432
378 519
394 906
4393 2745
4898 373
390 4794
2201 651
6088 394
107 97
305 1212
389 4737
1753 267
2512 530
2587 1861
3988 315
418 775
470 2147
683 544
2160 116
2633 406
3267 1540
5040 115
334 407
393 2002
1723 1404
2187 275
2923 626
87 516
3416 651
436 100
1342 309
109 414
546 3770
2197 497
116 323
298 103
308 381
368 5844
401 263
434 440
1633 276
2500 924
2541 1292
2193 271
2844 1373
459 791
991 300
972 6745
1139 2982
2378 383
369 280
1426 268
296 1387
390 591
511 108
629 2346
1771 276
6277 5320
274 453
378 3113
418 897
536 430
971 92
2447 3790
266 372
774 110
102 420
900 108
1494 1944
99 1491
443 285
1377 361
2303 276
350 1380
393 115
324 625
2812 276
476 106
571 677
2171 1183
3830 397
4131 567
263 371
3868 869
359 2857
522 5756
1103 51
709 3219
4131 730
736 2404
806 5124
4600 290
83 1029
825 759
5775 309
109 384
292 342
334 3648
378 356
378 463
2550 1241
317 384
688 276
1797 379
3658 662
119 409
296 4187
2968 5482
1077 353
1314 1061
1476 5735
1798 409
2313 353
439 1340
2650 5782
2083 2665
263 102
282 405
418 318
510 880
926 361
1762 277
102 624
287 596
350 771
416 1371
2083 3555
386 99
438 1237
1114 449
3755 1338
1082 115
1544 897
3935 4886
4806 114
98 1262
413 483
3873 115
687 596
1669 263
1927 739
302 538
416 621
423 325
536 591
1097 4245
1420 353
51 52
438 356
636 719
4246 315
1079 3663
1458 1375
1782 1110
2999 285
3176 290
3394 404
4386 271
284 309
2699 523
292 1765
326 2189
706 1045
1718 739
99 658
287 329
312 105
482 380
522 1606
65 1134
73 76
272 97
333 103
2208 3719
3825 460
278 5938
284 495
395 265
563 100
2079 285
3150 319
1207 437
849 5584
1103 50
1143 1516
2132 501
4716 366
98 276
296 496
306 727
2263 276
289 499
1515 4064
3011 409
5863 1970
98 5196
471 6427
4455 3871
270 4490
695 2982
796 280
1012 1340
1051 353
1204 332
1432 977
4507 508
40 45
823 117
849 310
3799 4736
4825 2593
67 992
794 3805
2902 6104
68 111
262 3085
691 437
1167 1759
344 114
1157 277
6202 1035
100 114
1039 309
1642 539
287 4550
722 1439
2241 315
274 352
298 404
2679 606
284 1192
2618 115
3746 612
116 2147
195 173
334 4032
517 652
3018 898
5055 424
105 308
281 379
4909 692
317 514
331 291
3949 366
262 325
602 114
1128 342
3008 309
296 1110
2178 506
2245 496
3035 2421
125 44
1167 759
1309 6809
2406 800
33 33
372 356
107 263
459 111
2674 320
4906 544
93 44
269 5172
382 411
438 1044
459 316
3475 6474
5110 820
302 365
472 280
1442 353
470 599
471 1524
6402 662
415 332
996 819
1432 2081
83 101
987 111
71 272
672 924
51 55
911 6580
1968 309
4513 582
299 1748
378 992
1638 4546
1899 48
6070 5890
503 5564
796 6374
1103 49
1476 462
2918 275
79 85
282 323
633 271
3955 115
43 92
2756 309
317 300
519 121
608 902
1968 1187
2839 277
313 277
433 268
5255 946
356 730
1202 397
104 327
274 1165
334 573
848 826
7053 2857
296 447
307 295
341 520
359 407
454 440
953 53
1325 371
2610 1346
3505 409
336 80
6162 1035
488 346
286 661
317 6779
324 407
1661 497
627 4500
1248 101
1618 115
1964 1286
2260 567
2467 285
389 2597
812 267
311 2735
1295 425
6576 567
311 2885
504 1689
4674 381
6952 2025
79 102
117 383
122 272
2355 290
103 108
321 121
709 295
270 2147
296 322
329 97
334 508
413 443
463 115
3178 309
3891 1375
67 68
292 395
317 596
1664 4015
104 2352
107 1090
295 616
1688 4741
4021 3212
65 114
279 462
389 67
6059 365
65 98
406 97
3667 653
44 39
400 97
1178 1123
4104 2565
375 300
1739 115
1839 2008
5347 673
103 353
930 2228
1627 1032
3489 5348
4824 115
270 475
287 841
336 68
597 356
3874 277
503 108
1196 3915
5886 399
1139 110
1391 5062
1908 353
2114 361
3369 1195
4430 267
102 320
354 6519
503 410
98 2493
284 710
317 414
364 407
6431 663
390 326
3104 455
4106 606
5785 462
53 537
4063 3556
5910 473
100 407
459 4004
282 6955
427 634
674 2716
297 2072
4430 97
6085 7259
6662 371
471 1876
491 280
665 401
3663 295
311 105
644 1257
4393 108
415 2289
426 805
446 356
521 280
2462 285
2627 385
454 263
6717 7136
57 53
83 1313
382 286
911 946
311 3884
3174 1132
111 719
116 119
597 2952
716 272
108 2127
1518 285
1998 500
2405 406
311 527
471 976
2603 761
5039 780
313 5004
510 3909
1735 578
262 299
270 285
541 447
674 5292
78 84
109 2056
521 761
2876 401
533 4196
5445 6385
67 658
76 69
306 835
633 4032
1276 275
2682 276
5573 544
282 312
302 267
461 2094
1143 4009
1185 719
1507 1814
598 101
678 3433
101 325
285 121
382 326
382 1524
430 101
659 285
290 101
1745 268
2312 115
268 1346
482 365
1593 3662
2246 285
6267 108
407 98
1334 365
282 642
1112 3147
2093 1525
5216 281
1082 285
1421 663
110 115
470 1529
471 281
1433 4036
284 409
503 104
2598 425
3414 115
3756 318
6597 5578
881 2459
1630 425
4454 1741
287 298
302 115
709 443
1621 6273
4235 6787
270 902
378 268
1025 2593
1440 455
2660 1113
266 112
5259 116
690 285
1128 2327
1538 4155
2739 276
117 1088
262 902
390 3181
459 804
613 647
2413 285
97 332
282 1400
419 3433
1604 285
4606 366
389 6854
1224 2448
382 272
1308 370
3704 276
4301 462
74 447
1082 101
6457 321
389 314
1408 574
2517 539
393 1152
3156 1435
73 80
518 312
1017 550
1248 2725
4517 905
317 280
324 402
1352 661
2990 101
6422 283
380 764
546 277
73 77
110 475
2963 732
4896 651
5331 315
263 314
304 1937
674 5514
2822 662
2863 2151
2960 523
265 316
386 277
463 267
1647 276
1812 316
3168 1942
82 67
266 109
314 265
883 101
51 49
389 77
706 1759
6638 1531
350 707
330 397
517 554
3392 651
4902 3226
98 286
3295 2025
282 4987
1148 475
2099 6003
389 2543
689 104
2891 555
268 366
812 4417
2835 1523
3959 115
314 578
4809 2697
100 277
317 299
3964 2582
98 325
1051 268
1447 309
4106 361
279 3235
465 276
506 107
5648 612
39 40
114 603
695 6622
2234 697
284 286
287 3181
313 2522
378 312
471 1624
522 110
1001 1373
1749 2151
6773 353
115 2275
355 5297
378 1304
1369 379
287 1212
5635 1346
115 666
434 1546
1186 2759
99 4036
731 268
1515 271
77 487
341 4490
2272 115
98 3678
284 816
301 612
313 462
861 684
1099 820
1343 1449
1465 7133
1885 97
5235 366
103 523
1266 1301
1343 447
3491 129
41 2324
116 501
122 285
884 1061
2316 3607
2835 2085
4412 276
311 1044
516 285
2231 1328
1333 276
5066 309
111 307
5021 3030
5200 992
370 339
459 405
4307 623
102 485
437 276
459 374
52 52
73 4204
343 3298
1958 550
83 80
390 820
842 5796
1043 458
1221 1019
2598 998
4569 280
105 931
116 402
459 1322
474 321
513 109
911 593
79 67
325 330
434 657
551 3032
3833 957
119 291
583 379
1626 285
4114 275
536 554
284 4895
571 2635
683 275
1566 276
1921 552
292 405
387 34
482 4514
3279 1172
4897 590
304 443
1226 425
1652 300
2405 1630
2876 593
282 285
299 396
589 827
1914 4164
2876 371
5398 315
6451 6924
99 280
281 847
324 791
459 370
970 424
119 626
4076 465
55 54
68 101
341 312
461 1121
674 2675
991 492
1249 523
3050 283
4419 2655
401 97
896 5664
389 906
419 97
431 759
912 1029
914 2309
1133 6680
1345 285
1708 717
65 66
3324 1759
4389 309
104 374
535 97
1012 1070
1043 712
1993 309
263 407
389 329
446 1808
703 276
1504 752
1583 267
1647 1313
2215 3426
2347 115
263 110
518 109
731 967
2193 380
3561 662
4068 738
5601 105
390 114
480 290
6310 642
103 1009
134 146
324 5463
376 291
118 761
504 277
1308 353
2011 381
2063 5738
5394 1095
406 99
702 1146
1221 280
1590 979
3714 283
53 53
282 639
282 2586
551 525
3366 2056
86 73
112 1772
439 117
985 5194
1041 425
1308 6148
4600 424
6361 527
109 2190
853 346
1189 309
2351 300
4246 276
284 570
280 593
762 49
3838 107
296 4788
1995 5458
6092 1195
283 107
98 291
287 641
322 1306
568 574
2378 458
4253 6937
4890 100
100 904
602 6675
722 276
2243 2941
2533 360
3164 321
4367 315
284 943
2229 732
401 1753
434 528
1012 101
1991 286
2110 667
2303 115
3400 543
1515 462
4138 276
34 41
83 316
716 280
744 276
2136 692
289 4745
311 2487
413 929
431 97
3153 3770
7281 5866
522 508
1898 664
304 414
490 162
796 680
1803 115
1838 276
4643 351
118 496
452 1657
570 121
3305 366
6073 1322
446 402
470 3709
341 1121
798 868
1420 1340
1422 550
2679 361
2256 2090
4130 1041
5476 424
277 116
1281 543
1741 835
3317 2012
3743 365
4594 606
110 314
264 268
344 84
2604 1006
4732 365
103 117
264 835
389 286
538 276
1642 115
3484 361
51 57
56 56
836 1102
83 666
117 444
602 2568
1442 268
5602 4575
989 537
1554 479
2135 1811
5880 1381
7047 5425
2319 567
3416 497
4732 616
4735 2143
356 276
378 400
406 104
568 4241
1464 1516
2799 318
468 525
472 314
2490 348
5465 121
5587 1373
439 1019
900 705
1276 667
2566 1073
4352 2404
292 573
728 1357
2428 267
2447 2148
1051 2206
3825 302
5630 312
344 705
4476 332
6211 2502
67 286
925 3621
2748 440
3083 424
5158 115
291 371
313 4005
342 380
1117 404
1139 121
3336 399
4026 820
412 6257
1037 1750
104 116
264 102
324 983
329 111
459 815
516 97
1453 739
766 1187
1432 1158
3117 268
3646 730
78 329
492 353
517 977
66 78
724 2178
1099 1460
1155 424
3049 83
1912 3078
488 7894
77 348
263 543
264 7443
266 404
509 917
1207 401
7618 539
532 322
1266 496
105 271
419 902
777 1623
903 309
3809 109
4743 508
5705 898
7043 2668
595 6781
6685 315
108 2834
334 2568
1462 2941
960 960
55 55
446 3865
1502 885
415 303
2354 371
3224 276
4296 1470
6660 6543
110 6124
287 3376
299 120
602 3083
2540 275
3060 332
5269 404
5598 115
292 4424
1857 931
117 396
766 281
2016 455
7525 1135
262 475
1117 2421
2219 121
336 5665
5479 3527
6656 557
447 397
743 275
2956 101
3776 1753
5228 6487
426 828
980 268
4043 276
4324 276
32 2984
40 41
125 2450
2413 115
4528 115
6372 409
405 267
597 5435
2370 309
2823 456
5319 263
100 120
324 281
416 626
637 266
1441 1601
4068 979
268 373
350 1528
413 5478
446 325
558 4150
2662 318
3341 381
4615 404
5895 701
79 114
116 983
266 121
472 114
1114 3028
1128 3207
311 356
602 1717
2429 1032
271 399
441 1268
522 112
1334 775
2541 263
2585 290
3152 276
571 3228
633 450
79 76
1077 946
1715 5198
3665 295
7050 3989
286 111
519 897
77 76
470 406
1148 348
282 385
1225 3281
1369 4241
6570 1106
99 352
108 452
266 280
280 100
287 320
439 791
685 659
3629 447
3638 105
3692 280
343 106
1127 268
1688 318
2986 1131
522 290
98 322
287 5273
2290 97
3286 864
5428 427
1807 281
4735 330
327 285
1472 2740
1688 432
4381 664
265 4418
2368 399
114 1418
262 1896
329 265
459 1124
766 936
5972 425
307 534
421 4234
709 826
1495 508
4902 108
314 97
342 677
2155 7159
7000 277
52 54
56 53
317 1765
2662 3688
514 104
690 272
6651 484
378 351
708 4514
1355 424
356 268
762 537
837 285
2193 424
930 1283
1592 596
1732 332
73 71
262 491
274 450
370 312
597 101
842 2785
2301 804
52 57
56 57
103 300
270 5006
423 1073
540 276
1508 115
2411 276
117 1257
616 309
681 276
749 285
1285 1283
2845 48
5212 295
438 1937
2284 1032
3184 898
3486 351
390 400
437 285
439 300
1991 495
2734 365
4821 4821
317 907
1470 1825
2428 2393
4923 115
32 318
1649 107
2445 4493
346 2189
952 1283
971 42
6253 2513
125 1869
334 453
340 452
354 404
1043 2048
344 2050
431 314
4476 680
535 330
1046 353
2231 616
3666 5118
83 83
342 425
342 1095
566 5652
571 2441
781 302
4505 1579
6076 115
7940 300
341 276
350 485
378 1206
481 351
4583 3242
611 5643
394 584
1318 2441
1330 1874
2507 285
3314 381
6573 539
6861 1168
70 5126
121 101
627 3115
1272 302
1426 353
3423 494
7107 2025
277 427
329 5210
390 409
459 832
1266 603
2500 2827
3542 1200
3639 2711
5277 840
41 2450
313 770
339 263
503 460
1602 101
1971 623
4177 351
5962 339
268 98
343 2332
1408 606
1802 1283
2131 653
3701 115
6053 361
325 115
2005 111
262 1670
301 6469
674 1346
685 353
1117 112
1742 1468
2911 115
3295 353
195 179
503 4049
856 283
938 115
985 319
2405 111
2986 662
6472 427
6693 3772
342 1356
415 286
541 5654
952 283
1112 406
5167 365
1869 92
4235 6191
52 55
1489 2869
3050 1241
3423 396
4517 462
6625 496
1297 508
1749 767
2378 834
3601 353
5262 631
125 2324
317 1259
454 4203
3047 275
117 97
195 188
459 6754
514 285
789 280
2599 276
80 67
503 70
985 383
1054 5922
6278 2718
714 739
1537 2578
2870 946
311 2216
3087 4181
3221 116
3508 4358
4445 115
289 2562
341 97
595 7998
4154 101
114 462
280 6012
434 6569
2219 366
5597 530
6838 312
412 4870
2125 7237
80 268
851 437
877 3495
1226 593
2241 276
4174 3818
4625 3434
89 469
98 1574
284 299
318 371
434 1121
656 475
2274 7712
2776 1270
4362 5005
5901 1206
116 295
395 300
503 120
67 72
2054 516
2284 276
3439 859
3505 281
286 275
461 7987
1269 3263
1281 103
2347 276
2696 115
68 69
262 2440
518 7389
815 285
334 6096
390 322
566 4544
4382 277
7414 275
308 717
390 1896
7095 286
503 458
513 104
743 540
1378 681
1842 401
2832 275
3461 268
3546 276
5045 295
125 46
270 346
350 271
405 97
990 3622
321 109
327 353
485 121
929 479
277 97
291 567
1888 394
66 83
472 465
1899 57
3306 285
103 267
284 3566
389 2202
1137 6701
5586 277
5632 424
311 1469
1621 2333
3913 7828
326 286
334 1953
381 729
1056 276
2417 65
2692 3111
5752 1982
7055 775
7229 298
270 288
287 263
413 405
421 271
289 352
445 46
749 101
2292 276
4547 1073
268 761
341 716
509 411
433 401
513 1891
1507 1541
1807 2573
3914 115
100 121
389 666
600 268
6898 300
331 623
506 7360
659 272
740 6153
1004 730
46 124
71 66
270 384
454 1509
1809 104
2744 276
3279 898
105 104
350 487
513 856
570 280
627 312
649 7101
2091 295
297 725
470 1087
2720 276
5826 920
6297 557
324 2266
459 1313
769 3947
4067 6831
389 1155
518 636
1156 356
2330 2308
3457 309
48 53
270 1286
355 99
535 272
1056 121
2245 1283
790 528
884 371
892 275
2971 276
274 109
274 666
1108 1087
2218 276
350 1028
627 1180
690 276
848 381
2888 4506
3337 409
6468 268
123 123
283 552
459 475
785 548
1639 111
6146 112
92 41
724 7048
7418 295
303 295
426 278
1504 2415
2114 276
2234 298
6778 267
279 2343
360 290
402 275
414 277
491 101
990 462
1278 346
2452 295
3174 116
5837 465
108 118
813 404
1128 4110
3491 130
5429 1878
73 65
103 97
116 1086
336 77
336 112
419 346
827 272
1722 1258
2445 307
3439 4704
329 290
1308 4849
109 109
281 97
629 1435
1462 859
1466 285
3774 957
76 101
109 353
287 3514
334 8073
356 2394
513 437
1099 974
1924 7604
3503 285
4119 365
341 430
673 361
760 272
1157 556
3109 276
5114 1283
79 478
270 356
292 308
419 554
770 1721
1467 118
991 2252
1436 99
115 283
331 271
6058 115
97 380
326 616
510 300
571 4411
588 738
1476 4961
3267 931
65 109
82 407
195 182
311 4401
388 403
438 307
925 2143
5758 1787
102 4396
115 265
117 371
277 4112
287 1582
311 950
359 8046
627 824
911 920
1225 5925
1507 554
4758 115
69 80
723 2802
762 54
1494 1085
5108 281
487 268
887 2925
4256 109
4751 280
5094 1313
449 268
107 353
3985 1976
7104 3015
56 54
82 65
280 97
395 352
1476 529
1583 462
3451 1552
4929 361
100 365
323 719
434 291
1047 98
2429 315
3005 580
117 283
122 312
282 263
1685 309
3328 272
487 295
1090 267
1144 2090
2024 1531
2291 276
314 366
431 275
962 276
1994 623
3430 121
4134 2925
4539 729
4857 508
5957 8214
450 285
609 399
1537 1090
4906 1387
119 1904
930 2440
1812 4341
377 115
1266 673
1594 1289
336 76
341 427
524 115
978 1821
1355 285
1532 309
262 1286
413 523
906 425
4215 7358
314 539
380 99
431 288
1931 276
3769 278
5417 295
389 659
574 857
853 119
32 113
274 3798
3196 692
103 115
674 7696
1599 285
1914 600
7818 348
471 692
5719 3055
81 117
114 100
1126 496
2378 1162
2627 1852
292 5509
343 372
503 1477
790 492
1617 7811
287 1183
344 80
3365 539
109 495
295 732
367 3118
372 342
432 97
521 1168
637 1006
2451 1563
313 307
650 6214
967 424
1583 122
3567 6525
731 2952
1151 891
1446 496
2603 2002
67 84
109 687
378 3030
1100 110
1318 404
3326 48
114 271
292 621
1001 3121
1674 115
2215 116
6827 323
279 7852
4189 97
114 623
306 564
618 321
1226 2139
3174 4740
7718 281
292 2728
770 556
1559 302
3721 631
112 275
296 300
311 2754
1476 526
1607 379
1671 285
48 49
87 4937
363 98
439 4187
1148 8359
5269 739
108 374
264 372
351 309
460 295
3490 3391
4678 1033
324 4540
438 1244
1284 404
2393 109
2852 606
3503 315
82 1124
317 540
345 2562
434 7868
633 291
1646 276
3416 365
306 970
577 4952
5170 115
292 322
438 483
440 290
981 276
4063 5384
6394 275
470 624
471 455
1578 326
2316 3263
4734 1338
7187 1893
118 121
605 2725
1360 54
1668 285
100 7765
343 310
683 300
792 2655
1995 1531
6030 290
80 266
540 6995
2310 550
2512 2391
5761 312
53 52
454 342
762 50
1800 268
1920 381
3295 946
3535 4234
5614 1135
70 84
99 6996
510 1628
3157 2802
117 303
317 2594
896 2592
900 314
1431 3848
2799 500
378 83
2660 5696
37 46
102 2327
522 1059
818 2802
1607 115
69 581
265 278
389 402
413 121
416 443
574 275
735 4992
836 1964
842 1572
1060 905
1114 1241
2411 508
3021 574
3174 739
6400 477
263 499
5023 7914
7247 437
644 275
1520 885
2792 6923
3357 662
6174 309
6587 3215
914 463
3411 285
3461 285
5683 298
6133 465
6327 1759
6564 1049
66 108
1002 1909
1669 666
1715 662
2097 739
2801 485
3241 276
109 936
406 687
457 1561
674 7730
1436 7926
1797 677
373 267
1031 285
1985 381
6551 4879
1441 115
2336 523
3455 970
6657 658
284 276
341 1165
1847 1661
2376 285
2434 353
2617 661
5766 100
72 79
125 41
284 5311
330 826
376 761
418 117
551 5749
781 394
1144 1909
3450 407
33 41
419 271
1349 404
1713 3344
1857 308
1899 56
1943 6830
2234 299
2537 462
2672 1659
3406 1911
3720 291
7570 8174
99 97
115 109
297 109
741 1640
2517 1601
4054 1089
6240 2279
78 83
121 288
636 103
1594 2997
4482 582
7202 1561
85 112
306 1487
313 2459
1002 552
284 322
823 97
2452 425
5983 276
271 353
287 1953
5239 603
274 5186
279 351
389 111
433 122
2782 285
4089 285
5179 370
6458 2866
262 652
274 370
291 110
336 83
413 1949
431 307
884 3043
1658 315
1985 4777
3491 172
89 275
406 290
639 348
657 107
2063 574
2457 701
566 321
1806 4103
3551 455
4265 365
379 1346
434 530
2839 6908
3561 108
6874 1095
270 2475
487 267
1931 424
3649 1111
4668 1029
295 500
642 404
1278 2421
2281 45
2422 275
3887 268
287 2025
296 327
1441 277
55 57
284 8079
1451 53
3373 501
4914 599
118 105
311 275
722 574
1543 121
3544 1086
5501 1487
46 445
292 275
388 1529
536 395
8376 2952
52 49
275 1881
419 1380
1094 465
1391 308
2477 3215
2503 3581
2643 606
67 83
409 285
426 821
618 3856
745 285
1228 121
1604 268
2486 701
3477 550
312 315
350 625
735 7794
6353 309
74 2082
341 271
369 394
1185 452
2116 562
3890 300
36 41
108 110
280 285
431 291
446 1244
470 473
547 110
2954 309
84 2871
109 275
402 295
418 550
2030 425
2114 606
3993 458
80 101
313 3798
344 266
513 463
585 280
674 2053
2055 276
5556 998
6346 7668
83 506
284 365
398 631
967 285
1688 271
3751 4878
5091 339
6615 5537
262 596
312 309
397 285
637 1413
1054 1061
1126 832
1155 1261
1476 2786
2078 115
416 280
1856 374
3410 315
7210 2522
281 295
393 109
618 3562
1021 115
2120 979
2721 1540
32 420
2305 275
2757 539
3756 275
296 549
419 1146
46 654
282 506
337 152
378 700
471 5004
1436 109
3258 163
5501 309
7191 7927
109 639
272 738
317 8467
513 1921
888 291
1899 53
100 538
347 7398
418 500
82 904
284 268
340 101
363 381
454 8016
637 267
7434 276
7650 687
111 342
121 280
282 601
282 3709
284 2931
413 400
470 1541
531 114
840 109
1074 1501
2776 2248
3944 1190
36 58
279 2387
291 529
472 617
929 115
5724 302
281 6079
287 771
299 116
434 312
613 300
4649 840
298 760
2142 3249
3116 276
4569 593
73 82
292 1070
304 322
317 4012
419 420
736 267
71 117
99 427
119 4323
436 115
1267 719
1829 5835
8266 924
485 285
1002 2973
1535 456
2386 427
2398 456
3359 1541
5391 2391
7393 2718
459 360
488 2893
1662 430
1925 4888
5206 115
69 1268
306 8730
731 272
935 1151
1812 277
2125 1683
8281 307
123 40
287 2754
350 3726
1051 285
1924 4853
1987 326
4839 1076
5855 285
99 291
571 99
1137 5960
1458 299
94 40
317 5346
416 573
473 115
731 291
851 7384
1385 593
1545 1717
1559 4500
1839 268
2333 6169
3828 319
6609 616
352 276
4748 497
5868 283
402 662
431 272
678 365
2434 268
3486 1257
3494 263
4585 276
5453 752
302 353
3517 6612
6109 425
6489 97
6895 315
82 823
98 2490
344 1602
426 114
2535 98
3400 103
4486 455
52 50
295 739
463 1437
681 285
851 332
7499 1294
115 272
117 104
316 112
449 122
6461 263
101 5913
296 967
389 5498
883 1623
4212 298
4896 365
336 373
339 460
618 1748
1560 827
3189 1525
7617 280
434 469
438 4607
1294 283
1688 5434
2875 8449
4144 276
4942 2009
7865 3358
9087 405
108 291
352 295
459 4601
495 308
5927 268
6736 508
6905 115
52 51
321 705
5019 280
5173 371
196 129
736 500
1592 1953
5356 101
393 550
416 2565
524 662
660 107
985 98
2142 5335
346 105
348 3297
2960 1259
5190 957
6645 8208
7981 6270
1173 599
1458 285
1798 277
1886 101
3363 351
8035 5530
413 3861
1016 2073
1850 5708
5814 365
9154 5921
306 1323
390 370
283 100
378 567
517 657
703 394
1868 285
2774 946
296 651
563 3544
1276 7230
1669 1123
3746 809
6919 283
6980 425
312 97
327 946
3342 574
275 379
418 582
109 108
364 268
433 112
904 824
4610 115
77 4831
459 4182
830 286
833 1180
1037 98
1805 309
2023 276
2291 424
3835 361
5063 1810
7582 1338
3500 606
6222 920
7546 539
262 666
320 110
1037 721
1440 8581
1483 739
2318 556
5114 1811
84 119
350 465
687 105
783 3869
914 6147
1360 57
292 295
296 4710
689 272
794 3226
978 275
3935 646
262 2147
277 525
344 1553
446 3619
749 859
1668 275
2999 496
3232 6704
3594 285
3903 6246
316 544
350 346
431 2546
1522 3909
2729 115
3864 285
55 50
374 353
414 97
1653 775
6005 612
42 40
97 581
1806 661
2234 1487
7009 275
7173 2635
279 285
379 121
693 1019
729 277
2030 3617
3685 285
4557 276
5807 4440
100 353
1925 276
2065 48
4638 5626
5772 295
6018 361
416 1542
583 1712
2852 361
3460 717
3937 405
7448 348
287 479
730 97
911 4962
2078 268
2134 8155
4594 361
4615 739
7199 315
292 8058
336 82
389 420
418 4844
742 3487
887 484
1011 2185
1074 2531
2598 701
3272 2671
3631 309
4669 1306
6506 326
275 283
390 8909
842 281
4390 813
7376 1661
7693 612
67 76
292 462
342 2012
389 272
645 110
1249 638
2903 3367
4167 8572
6185 2543
292 105
541 4760
1527 455
1589 485
2507 276
5152 1418
304 8656
1167 2086
2259 447
3545 115
4552 816
5860 2009
67 111
117 121
301 2769
318 315
356 285
401 268
418 1210
482 397
1768 346
5624 4710
6476 1359
262 599
304 5817
369 103
446 2266
558 880
1430 315
2537 283
2694 1123
2721 111
4264 3335
4299 276
5453 819
125 95
313 554
378 1319
419 7830
3189 3520
8136 314
411 322
413 281
566 3805
812 285
4727 727
97 318
355 529
389 348
407 285
964 298
1899 52
2498 6254
3142 2002
4161 285
350 66
2860 642
302 295
308 432
350 97
1314 276
1530 276
3609 3036
80 115
96 44
270 469
419 450
1996 276
2303 285
2667 497
5591 2228
287 3589
413 346
557 460
1242 381
2215 760
8982 1404
306 526
350 1433
644 308
3395 1760
111 494
331 495
445 44
1202 2868
1796 366
2992 661
3070 366
3951 276
5228 8357
6271 121
678 5506
687 1953
1105 353
77 65
103 948
125 1774
268 308
336 484
421 6407
706 98
923 7917
1535 263
1981 309
389 322
500 111
865 4730
1146 121
1308 761
1809 276
1996 115
4621 1553
6669 1516
288 564
378 329
602 291
702 314
1122 98
1327 115
7797 277
296 719
306 3137
411 2181
476 3585
3217 276
3787 266
56 55
431 7642
1956 8466
2426 463
32 3678
292 406
1344 2404
3756 1661
288 729
434 1084
730 548
3232 9267
3826 8840
4874 1357
6217 4186
109 651
112 501
280 589
341 405
350 80
670 309
3050 898
4909 1861
312 511
413 84
1898 1818
2272 276
3922 275
8512 1357
262 267
262 2252
330 291
846 117
926 739
8822 3088
69 69
84 323
275 371
334 455
416 2049
991 3085
1108 8375
3462 606
5686 557
7369 550
563 268
1012 492
1082 663
3667 365
121 286
413 329
513 2937
671 469
1331 978
2093 276
2190 271
299 271
304 8774
390 97
3661 667
3830 3249
282 1165
389 580
482 4579
3378 276
4945 361
6286 869
37 41
288 1356
291 1183
350 3019
1440 315
1943 3426
3651 371
4149 404
67 1770
296 525
296 554
558 312
691 721
706 99
836 3159
1674 285
5110 4009
6172 101
6505 295
273 119
301 3725
306 2033
332 496
416 285
3189 397
3684 381
4946 309
401 1053
456 6797
2689 526
4154 275
5379 897
100 102
283 658
284 111
330 432
683 276
2399 108
2650 3632
55 49
68 267
401 687
454 658
3199 582
3369 290
8642 857
292 414
314 404
356 351
570 285
1218 354
2223 3865
4305 309
67 320
267 567
378 68
434 414
903 399
2406 404
4326 1707
10 1926
330 5853
346 1090
350 2018
1130 400
1183 120
1903 1989
2310 497
3014 329
32 41
124 92
313 286
534 380
1631 353
2556 7333
2867 396
402 108
426 112
452 4019
1108 105
1538 392
3082 381
65 303
295 111
975 7924
1672 1982
2812 361
2891 3238
4782 267
7267 767
112 799
514 321
842 534
2310 1874
3940 7727
5919 7965
438 1042
1267 3556
6708 285
102 673
317 1083
474 4921
1652 275
33 643
77 101
103 2893
118 465
263 268
2187 276
3039 1516
7692 406
9496 6108
194 174
2442 285
2783 1493
3542 8442
5193 1111
322 97
527 2716
98 97
296 1340
2779 315
54 57
99 752
114 826
331 534
1293 3329
1899 55
298 113
341 342
344 78
731 966
1082 1135
2931 539
3979 115
4007 365
7639 890
274 1738
341 1554
513 8493
2451 97
3117 946
4958 103
357 100
390 1998
685 268
1117 374
2230 266
3921 115
4973 692
8210 309
8920 428
262 530
287 4613
334 7667
513 1750
536 339
7517 268
80 114
1129 272
1399 276
323 113
418 9286
429 744
439 316
575 2866
2397 300
2556 2062
3268 869
3366 3254
3471 443
41 93
99 266
119 286
522 101
1202 1989
1504 329
3752 5199
325 4267
514 281
2376 276
2958 401
77 285
431 855
2100 1182
7144 673
65 3502
2055 692
4565 427
4833 399
6493 692
277 739
282 554
611 1166
3601 268
112 1181
790 360
1196 661
1467 98
120 525
341 9059
374 432
3119 1964
3399 281
6700 121
324 951
459 327
459 406
685 9137
1380 115
2373 4848
3272 266
5709 710
587 1720
5043 309
5061 409
7928 9229
53 57
77 286
311 4788
382 329
394 97
450 353
629 115
8887 1106
41 1533
336 430
868 3005
328 437
389 1033
470 487
953 537
1504 3473
3305 276
4041 394
5965 309
106 430
476 1685
493 2524
1638 396
1790 411
1901 857
3666 314
3693 998
8263 2340
65 266
66 591
103 716
311 3566
350 323
844 408
1924 6170
2699 2151
116 5679
284 1487
284 8114
287 603
296 120
336 543
431 7334
1145 409
1378 6714
3050 2913
4585 277
9002 554
112 109
279 4937
355 500
426 3893
689 291
1225 99
1625 701
3429 115
302 505
392 109
602 9175
1862 329
3548 7550
7495 2860
8616 6488
76 485
108 406
274 6141
292 109
304 5358
411 1683
471 1583
510 9003
531 107
633 286
4134 121
350 65
965 653
1047 1456
2824 8770
2919 2046
3262 767
4743 285
5255 353
7931 272
8535 1606
69 109
84 80
376 1377
1094 409
2650 1541
6813 276
6926 3064
70 1229
282 384
385 761
571 9038
1513 827
4059 271
471 5135
1059 6957
1527 1861
3087 497
4748 315
83 109
295 455
1567 1296
1857 1083
2413 276
2570 2893
5390 101
5651 820
6060 593
6399 8182
6517 295
6969 556
32 125
97 786
273 118
284 3383
339 2697
435 110
524 298
3455 684
7003 8298
67 291
78 1524
369 3228
378 8895
390 809
431 527
446 4762
590 557
1267 1569
1538 642
2135 2329
5401 5186
6933 109
8899 9583
9633 9608
54 56
55 51
270 3391
292 816
320 291
426 99
459 4787
1764 285
1838 717
2508 263
2916 285
3535 373
5366 1180
5391 342
7190 280
9486 562
82 76
262 3961
268 404
326 562
327 276
1094 277
1156 9159
1538 2906
1857 307
4628 356
6138 2025
6641 381
8301 603
480 276
1287 934
5356 275
7060 635
104 111
409 557
429 1748
471 1449
2036 298
4307 285
5260 4196
37 44
77 80
85 78
111 658
356 281
458 281
624 285
1099 824
1426 1911
1560 263
5686 642
262 440
288 98
706 2086
1378 530
71 111
99 8031
274 411
311 3688
351 2546
387 92
485 275
499 543
633 348
1077 266
1360 48
2432 7451
3018 921
3421 285
5022 263
6354 465
109 8869
282 7424
426 2463
930 710
4507 1032
8350 9672
98 1946
287 816
287 4118
323 462
324 79
454 8575
796 856
1278 99
1646 371
2087 154
2872 309
4914 1340
5107 1552
7445 1183
8688 3772
305 121
307 6514
536 1910
627 3856
627 7689
928 115
1406 372
2927 7548
3755 4664
9023 9896
985 263
1343 1531
2231 491
2639 263
4572 97
287 2774
378 534
395 8200
459 9505
510 5325
778 1521
1507 6632
3272 707
4265 550
5513 115
105 1540
317 485
472 443
1645 110
1743 371
1985 2220
2571 276
2639 385
3723 115
459 462
1344 407
1676 115
9393 495
121 465
280 105
900 538
2527 380
2986 878
5581 300
32 960
102 101
282 1168
514 276
516 115
541 1244
546 6866
842 3254
930 432
953 56
1046 497
1334 1874
1559 3856
1840 409
4034 2513
55 52
194 183
262 281
317 409
350 666
378 272
803 2568
1099 1072
1693 285
2405 3230
7847 116
7892 663
304 4005
342 394
350 443
395 1491
415 2212
1432 850
2464 1554
3195 276
80 450
282 351
324 557
344 9722
380 280
485 353
926 4740
1248 1168
1441 492
1502 701
1832 432
2992 2872
3345 366
4007 1601
4359 84
4761 286
390 7351
5219 1172
5692 1338
5748 1061
277 631
289 1685
372 275
378 1891
433 1942
437 432
730 404
1448 1460
5614 5128
9609 687
76 540
100 2005
459 511
690 1328
2990 275
263 2162
311 267
350 82
378 771
471 326
493 99
1727 285
2522 1190
6001 582
7146 921
7420 312
7564 455
9517 8378
69 934
119 2565
262 658
305 703
335 4055
416 312
510 658
881 3214
1008 1296
3314 1110
3656 7532
4278 309
271 701
359 10025
610 109
1545 9307
1899 54
3513 424
434 5126
459 263
716 7782
790 1896
853 455
1465 268
2467 717
3264 878
325 379
413 981
665 5325
1007 2725
6574 1944
66 65
291 347
343 100
395 6769
741 1087
4365 315
5094 3126
116 275
281 326
369 826
600 353
3869 361
959 1241
1114 898
3683 1373
87 1542
334 591
350 639
351 310
393 497
693 974
735 7432
1037 1349
1914 9602
2667 315
3705 664
5379 427
9626 318
110 623
418 623
469 276
929 348
2380 1073
5272 635
72 83
107 108
339 300
438 475
851 680
1483 1132
1563 286
3060 523
3339 366
3649 268
3711 599
7664 115
53 50
70 101
195 162
270 634
289 3074
317 634
343 3591
362 6928
401 276
3923 897
270 1572
292 753
306 119
792 5427
865 556
1267 271
5271 2251
8983 657
98 351
271 1261
509 5454
883 4784
930 8914
1899 51
262 4922
324 9211
472 97
1604 353
1837 276
2175 117
8494 638
66 3997
433 2337
493 440
682 123
1795 921
1870 677
268 653
344 828
416 348
434 1146
504 101
813 1190
883 2226
1041 3581
1559 2998
6558 9915
7483 320
67 65
125 61
265 787
808 924
985 1090
1216 381
1225 2332
5791 115
307 268
311 8603
378 1402
532 291
674 4047
877 432
911 1456
1715 732
2437 492
3031 1102
3489 1689
5504 309
6644 596
79 77
284 285
423 322
474 302
676 107
766 300
1331 275
1991 402
3290 285
7294 1753
7521 2279
83 117
426 705
674 7754
821 319
2055 455
3044 276
5418 1705
5944 748
6259 4568
112 549
263 2346
306 580
316 97
618 9049
633 631
72 374
98 327
378 1786
423 897
461 7952
471 716
5522 3055
5608 281
68 83
914 1398
959 1661
46 1533
54 51
292 582
320 2546
492 291
567 104
627 303
944 356
1094 2021
6046 400
72 65
287 271
292 917
317 365
418 295
1099 1516
1157 2414
1515 905
1664 7889
1833 361
3803 100
4727 4719
109 528
274 329
322 2143
1647 353
3988 455
6698 1168
109 111
118 263
122 3778
195 168
279 1005
308 2189
492 361
890 496
4574 1311
7022 2869
72 68
122 9718
262 370
267 300
282 4172
378 117
1255 53
1797 1967
5957 3343
8524 1479
650 2802
861 8194
4228 1270
4583 791
6373 1131
336 302
438 272
3582 309
3903 3434
4646 2690
301 6344
336 7918
766 307
1334 1677
5173 1111
8069 6412
98 275
101 281
291 8092
730 111
940 285
1003 354
2974 115
3406 2128
3799 9465
5479 432
7069 1290
10384 527
101 272
344 86
731 286
1138 870
3903 1270
350 5467
5698 759
117 824
471 89
2320 5425
2816 1257
5859 1701
7403 2387
42 125
122 2423
313 2018
409 596
452 115
522 6744
2442 623
6259 8898
6757 606
8088 2626
56 52
434 729
533 1541
536 6724
602 3240
1832 601
5307 1190
5338 10116
5390 285
6508 1328
312 267
344 68
426 4431
536 267
952 2329
1527 692
1646 2654
6271 366
68 904
99 298
282 400
341 1029
419 3297
491 352
883 275
1093 319
1202 101
1559 514
2691 664
2766 371
5314 623
282 1244
350 114
413 277
627 319
1764 276
4158 272
4560 1570
76 67
112 263
322 455
350 2240
390 339
434 268
1444 6019
1583 101
3430 3571
54 55
116 946
266 705
350 5703
1305 115
3799 10393
73 70
272 268
284 3527
324 72
329 4540
503 1742
2197 550
341 372
413 316
794 1113
1016 314
1108 1699
1156 529
2643 276
5717 365
7455 9283
8318 761
8381 567
102 720
117 543
341 7972
1607 104
2373 526
311 3316
412 5537
2867 494
4571 684
80 5498
82 83
111 1610
320 116
728 2185
792 432
1436 1303
2545 550
3136 300
7147 1158
8993 3254
266 102
309 5671
341 80
434 1205
463 907
1675 285
3451 809
4891 276
350 1631
2493 267
3180 1852
5407 1643
7091 1102
7382 285
84 5679
107 528
117 319
292 103
311 791
329 381
479 116
499 365
536 316
637 322
994 631
1885 688
3654 1844
5916 631
277 878
345 6640
421 275
557 1689
9349 315
118 277
295 267
400 290
570 1346
912 3495
995 380
112 285
317 8145
416 6559
568 303
988 1612
2429 285
6005 1083
8159 2162
66 73
296 2987
808 366
1458 424
1665 2056
2165 276
7234 4878
7799 2764
69 70
287 1086
378 2728
479 114
2221 9463
4386 1738
7077 121
385 593
389 6536
742 2388
2766 593
5692 6503
116 508
287 666
304 2182
324 121
536 791
908 2034
1012 5872
1048 9361
1458 6355
7543 496
8333 7622
108 485
329 874
341 380
796 3182
1079 111
1520 6752
2437 309
2641 381
3359 8576
3489 285
10141 374
46 1869
79 115
271 105
459 105
627 727
1295 1623
2472 3214
2689 1070
3935 2543
4959 8314
7748 1147
326 315
522 2675
2228 290
3591 2085
6791 2568
7134 719
434 1808
438 346
459 452
626 286
740 307
778 314
2243 1409
2642 285
6406 115
53 49
70 949
104 487
304 111
308 856
439 409
1431 6218
1565 6523
3400 430
4408 469
6311 1699
77 384
339 308
991 1572
1690 409
7322 8067
263 496
268 1132
541 9562
990 1070
1054 653
262 924
304 271
324 469
472 6853
518 3383
681 508
740 108
1071 859
1074 2716
4236 276
4752 98
336 1612
431 562
1100 267
1550 1539
2313 268
3373 1005
3406 1338
5632 290
295 365
402 352
413 2475
503 83
517 3514
723 2382
939 529
1709 4658
2218 115
7176 635
69 100
98 409
274 7707
321 272
324 855
326 764
378 528
431 318
431 4926
538 115
549 424
741 375
5545 351
5836 2251
69 71
306 1685
318 353
389 3861
806 9531
1002 1460
2197 380
104 286
282 8260
1140 5427
1155 1439
1343 5643
1658 455
2621 497
4502 366
7328 653
273 108
770 101
930 549
1899 50
2511 346
2511 538
3002 276
5748 103
6161 525
56 51
102 1449
104 2189
575 312
702 1273
1626 2046
4304 752
4532 3036
5331 455
5401 9646
6068 8660
8821 353
472 77
558 2524
794 277
861 117
1602 330
1997 285
2870 353
3692 314
5045 5303
5156 275
9365 567
10424 567
292 3240
382 6571
393 379
522 407
587 384
678 550
711 864
7722 455
279 1206
331 275
386 502
414 303
418 1896
503 1429
1157 6460
1984 857
2126 263
2207 1326
3229 276
4482 864
67 80
277 111
345 5361
637 1767
656 314
709 3433
3927 272
9611 10169
80 487
390 770
390 6774
402 97
411 99
476 8065
1630 701
1764 353
1987 1339
2225 2937
3421 276
4949 366
5698 1759
6185 639
80 86
111 97
117 590
117 6415
264 332
707 283
2504 280
2639 578
3089 2460
4806 729
4984 2271
6528 673
6698 314
10618 2084
105 539
108 1180
390 957
533 1146
879 1738
944 450
1585 327
6734 525
9625 4012
114 692
334 2579
397 404
480 315
556 109
795 375
2734 455
3411 276
4461 105
48 50
66 77
571 2086
1196 119
3457 869
6002 9950
71 314
272 979
304 280
398 9835
421 2463
454 1542
671 1619
678 366
689 2202
1594 721
1899 49
5900 309
6425 651
109 280
324 2202
446 7166
570 272
883 5912
1849 1707
2374 115
3496 8126
3635 9935
6060 365
6368 399
7810 275
68 82
306 520
378 322
419 3249
762 51
3411 381
3544 119
4977 379
5047 115
5799 397
6296 353
7915 6043
32 126
97 1200
112 2837
389 501
394 283
683 285
843 1418
1658 365
3529 1072
53 51
118 291
325 574
439 114
1910 477
2136 365
3850 115
6020 399
6188 309
6975 554
471 79
474 2786
503 10509
665 626
1082 276
1652 544
4361 365
4455 9623
8299 4883
48 57
67 82
105 497
109 1418
324 508
568 105
647 285
1138 10357
1602 1780
2063 631
3087 315
3833 351
4416 110
7283 1032
390 600
766 348
785 5003
831 302
1237 101
1331 424
1991 554
2191 8931
2763 5265
3438 5757
85 82
96 46
109 110
434 266
2920 315
4932 319
6502 272
7303 456
7740 2018
8023 6852
9273 111
32 290
97 111
795 266
884 10134
3324 1778
3494 3085
4869 1473
5295 529
5907 662
10848 320
39 39
431 5852
434 907
3231 5788
3332 701
4144 115
6172 653
6486 554
6592 425
102 1808
434 395
463 272
491 5096
513 1032
1886 285
3341 385
5653 365
7100 9409
104 271
382 492
745 275
1585 486
2004 2004
331 705
412 505
426 5930
434 443
472 266
698 285
849 103
1034 281
1594 437
2049 105
4018 285
4089 361
5511 280
5962 2156
325 272
488 544
594 3161
707 874
837 4111
4752 1689
10 910
46 36
56 49
100 116
195 167
317 407
438 409
459 789
510 9066
5262 1303
6369 425
7172 325
87 1860
397 276
563 1187
644 332
5624 10457
6175 112
355 3778
375 2345
690 1050
729 967
861 374
2259 2586
3645 100
3771 539
4007 550
10187 946
107 348
311 1631
324 280
370 753
588 302
660 1521
728 3391
812 440
1644 371
2693 1654
3406 2665
4916 268
9607 3571
62 60
580 361
610 116
930 7922
1055 309
1735 983
4251 277
98 326
471 823
472 6086
602 3473
738 4288
796 534
1148 3566
3508 9756
3796 115
4570 432
5573 300
5904 1338
421 3605
460 307
776 931
1308 642
1431 285
4228 2162
7233 425
53 55
418 401
476 4347
1378 1019
2401 497
5056 361
8144 97
8979 371
77 291
296 121
395 2959
1422 5472
2063 281
2948 111
3348 437
5187 275
5301 285
5595 280
53 54
2875 366
3998 1339
5648 1083
6510 574
48 56
65 828
109 681
319 1942
634 103
932 719
3373 1561
5911 315
40 40
334 268
341 2631
361 285
465 1135
973 5204
1625 366
1702 10193
4534 9250
6221 315
98 506
112 1523
459 4121
728 578
783 268
1140 3144
2716 562
3715 3240
7467 432
79 80
304 666
378 514
522 330
963 268
1186 1631
1204 680
1545 2244
1776 309
2218 353
2452 10167
2779 732
4374 3298
5256 5256
6133 1569
48 51
262 463
334 638
452 813
1476 840
3141 589
3221 7599
3332 115
3513 285
4301 905
7337 424
8479 6643
8674 276
9312 3115
111 680
287 1083
434 97
446 114
678 527
4482 425
4520 414
7016 455
10727 3343
109 356
274 440
447 268
693 1460
796 2033
990 3690
2667 1656
5107 612
42 58
69 291
70 76
79 68
115 1098
279 323
458 116
556 121
762 52
1167 1778
1737 5120
4287 121
8143 8184
104 291
434 285
454 2062
909 103
1782 850
2221 9151
2406 3652
2860 557
2999 508
3715 263
4557 275
6007 285
263 404
271 266
282 4341
306 1743
418 104
459 121
518 263
518 902
633 400
644 101
843 295
1309 330
1442 275
2245 3144
8980 757
85 84
413 97
817 302
1334 651
1812 2594
2215 98
2916 280
3750 835
10609 11021
41 45
194 160
265 375
287 997
291 494
459 700
2938 286
4065 399
4220 539
7068 3590
77 114
341 3124
1649 701
2191 115
2217 9758
2333 102
4167 278
4698 623
53 56
262 8608
266 99
319 495
400 496
431 2549
727 381
794 4347
2262 268
2429 381
8936 770
195 177
341 5801
474 110
690 2359
795 6880
2215 1111
3279 1241
4745 1823
5560 365
449 508
477 275
1157 824
1282 97
1467 538
2005 280
7950 759
32 63
689 110
810 1953
810 8808
2435 1072
3489 276
6993 379
7947 427
8131 3344
65 325
67 69
262 366
1943 7605
3344 529
4105 276
5150 819
8691 401
306 680
698 101
1308 514
2067 869
3060 300
9487 1013
99 325
274 327
296 366
308 764
311 491
378 76
378 318
1518 316
1918 117
2301 1377
2302 285
2544 687
4089 606
8789 455
69 534
279 623
446 392
788 263
838 5241
1585 479
4008 372
4919 291
5021 114
426 428
434 4396
449 353
659 10899
691 3228
1617 1083
1914 1753
3578 1623
9788 402
77 267
262 512
385 409
431 67
434 981
531 86
1266 2329
2992 924
108 929
383 353
413 465
911 10536
1039 6341
1100 7272
1393 2616
3542 530
274 3009
291 862
566 7677
963 110
1187 291
1565 545
2748 7310
2990 905
8059 6507
11275 479
304 2735
975 663
2026 280
2429 276
2623 10122
7001 361
8047 10155
8476 590
86 68
284 3589
322 616
351 512
378 1086
434 1042
460 425
876 1165
1031 455
1263 276
2150 456
2526 5358
4182 10889
4950 946
8704 477
282 121
390 1946
449 11000
454 7256
640 295
1137 4604
6453 276
6768 394
8393 84
54 54
105 574
306 620
317 1602
323 4072
324 10254
393 1044
415 3200
419 10342
461 6881
1389 371
1399 455
1544 1852
2560 1561
2627 663
3471 450
76 561
263 291
304 400
431 79
458 555
536 10517
1430 455
1432 3672
3835 285
5465 366
10348 275
10450 2072
58 42
298 538
384 285
419 10925
3996 878
7410 329
72 283
82 351
83 291
284 116
322 508
389 2367
563 115
1221 544
3290 424
4134 924
7099 557
118 308
610 2257
996 300
1012 8597
1127 804
2734 550
3960 2589
5343 366
8797 477
111 122
438 384
503 78
1723 4055
3031 2982
3050 921
5959 361
6554 285
7575 309
47 40
118 97
274 508
323 318
858 10037
3409 5073
4890 1356
6435 318
7353 496
305 10988
325 352
473 290
481 271
536 114
613 6824
911 3747
3154 3211
3258 183
4163 878
4505 280
6069 365
317 325
324 943
1068 738
1868 97
4020 2130
8819 820
10534 314
287 1397
302 2520
382 582
419 9634
428 312
1225 8574
1714 309
2420 352
4451 455
9716 275
9937 291
262 1579
287 824
517 10129
691 3445
944 10847
965 761
987 515
1031 775
1139 3515
1649 885
2100 3642
2507 508
3951 285
3964 562
5398 508
7487 6147
56 50
100 105
317 348
389 325
389 397
403 394
413 326
418 511
459 356
836 2097
985 100
1018 353
1209 425
1422 109
1688 365
2020 121
2201 3653
2399 3226
2848 3219
4291 92
5267 4568
5904 946
6027 907
7738 300
11276 616
287 561
297 4264
323 1180
2467 115
5225 661
5313 309
7781 8183
362 120
362 1473
842 1834
1522 10697
1652 1659
2134 8338
4552 7549
296 9475
300 105
304 5222
594 121
2618 285
5860 117
6132 330
8853 5273
9635 1183
10218 4704
51 537
101 117
265 97
277 3871
331 1206
337 139
621 798
5893 275
48 52
287 267
333 401
378 65
378 899
877 3226
1416 2233
1545 1274
1809 534
341 110
341 8253
640 885
1196 266
4051 2046
4894 425
7778 361
8439 424
10340 285
110 4360
283 286
354 582
749 298
831 379
851 1168
1233 4173
1578 1322
1877 1601
4929 276
5276 497
7119 574
68 2005
323 277
323 278
324 433
324 2764
413 111
417 1482
747 110
1007 115
5658 115
84 72
102 404
108 354
269 585
287 9241
350 121
378 80
378 115
674 2687
826 729
1768 805
5571 309
8568 10461
102 530
270 1243
282 72
299 1073
300 268
304 1397
331 101
389 8455
1001 9679
2508 119
4326 307
476 10321
1003 295
1768 330
1907 276
5193 3090
5347 1301
194 179
318 280
345 3591
459 485
522 974
571 1759
1148 1296
1225 3482
1862 981
5008 326
5235 121
8157 117
8526 1539
102 353
418 2220
2351 3257
3500 276
3735 272
3987 353
7899 268
8416 101
8625 662
9111 5443
270 9846
1687 1890
2531 371
2652 7621
4874 3405
5216 1195
10955 425
72 268
87 83
316 5096
633 315
798 2349
1245 115
1545 475
3806 9667
7153 1301
7456 276
99 3556
274 4635
465 285
1156 308
1278 506
1403 285
1886 276
2509 497
3035 437
5959 285
8655 5508
48 54
295 404
311 2039
336 122
341 653
421 1786
434 641
883 1111
6542 8117
77 67
344 319
412 2148
570 7893
599 1439
660 9071
848 623
1017 651
1295 2139
41 1774
46 45
339 651
503 502
1755 7583
1951 688
2780 1656
4495 116
4775 115
6032 268
7268 115
284 824
313 1044
324 1294
341 267
341 4686
369 98
472 291
503 8477
755 2931
1138 1326
1841 285
284 6900
296 329
304 500
324 5210
413 401
1213 409
1253 332
1713 109
1825 501
3018 1172
6471 1811
8878 6867
9034 280
111 283
273 2821
416 308
423 271
433 356
466 104
911 371
2779 267
3342 1311
5197 1890
5278 8500
9584 10423
65 73
101 5930
296 10805
363 948
879 10635
1779 7075
3390 1945
11283 1244
32 59
80 666
122 596
307 308
330 1375
390 327
536 10617
812 1340
1003 1878
4361 497
6574 599
8445 8388
67 266
990 2671
1079 998
2188 653
2675 2410
7258 721
9910 1132
67 280
279 791
363 6964
382 4601
390 5196
402 116
674 3925
1012 2608
1094 719
1637 732
2319 11327
2405 7812
2650 5995
3109 394
3874 552
6826 600
66 809
312 302
322 321
388 1044
837 976
925 427
1151 319
2134 530
7882 1241
8725 820
103 2505
318 550
320 115
417 1416
536 414
541 813
1139 9684
3928 508
8518 850
283 603
287 5773
390 443
438 104
690 263
1276 399
2136 455
3231 1133
3957 315
5047 99
5791 381
9704 4926
32 2738
281 380
284 314
373 5194
446 1084
494 115
513 107
618 100
1255 52
1358 121
1598 1073
1718 664
2445 1524
2517 653
3221 739
3311 300
6862 590
8645 121
8989 639
65 1906
111 582
348 268
394 10783
476 9134
637 7731
682 124
836 7726
965 107
1034 8290
1564 494
2768 8252
3104 905
6228 104
343 5292
378 405
407 2997
482 1705
762 55
985 6901
1012 905
1020 601
2368 121
5055 616
9968 1132
67 265
81 76
84 4922
274 427
311 2594
350 72
354 1151
385 567
444 286
597 329
2169 309
2845 57
3480 309
3577 523
9037 394
57 54
195 164
265 8590
304 346
339 692
516 268
566 102
728 3405
1331 381
2030 105
2061 307
98 399
270 4150
304 528
434 1251
440 6797
522 1133
563 2502
731 9473
1343 1022
2902 7673
7900 9247
10091 407
32 37
268 406
279 501
281 321
306 904
320 105
320 283
459 1110
1128 6723
1522 268
2218 285
7255 3211
7751 477
8199 285
9873 2008
98 516
114 414
262 400
287 1206
289 330
350 83
382 919
459 11338
691 272
771 286
1094 1881
1164 1303
1436 10322
3565 1172
5239 371
7078 701
263 283
274 570
277 380
296 4173
370 456
385 295
414 365
767 309
1714 593
3887 353
4942 2941
6167 309
9720 813
9737 1404
41 43
82 538
109 567
274 8571
346 462
624 276
945 381
1611 53
1973 121
4237 9190
6969 667
71 108
107 111
283 97
311 6619
336 84
390 286
781 11692
836 3876
1100 4663
1186 346
99 514
101 122
311 5506
317 346
334 2754
416 1837
522 1825
683 492
708 10184
812 492
991 7524
1894 276
3221 1132
5152 4181
7150 276
10567 101
11817 309
32 1487
112 2626
280 452
322 593
341 352
1362 111
1742 2561
2639 316
4228 2025
5167 455
5822 1851
7171 5431
9371 550
9574 998
9929 455
100 1965
325 121
362 330
401 1418
416 263
769 3842
796 2144
3069 508
10387 9124
38 61
284 10610
533 2185
536 4444
925 3278
2511 2866
3587 325
115 603
264 420
291 557
313 7511
385 97
471 617
613 320
709 1380
770 98
1239 1296
1927 115
4535 5658
5712 285
7182 276
7751 2654
48 55
307 280
435 5003
602 286
689 300
689 9192
770 115
1924 271
2541 473
2716 813
2891 1582
4454 3731
7473 692
10950 477
99 4619
226 132
269 8513
270 697
275 4343
320 462
418 3514
1652 529
4861 276
5651 300
8394 1643
32 64
57 50
82 285
317 641
341 407
411 97
419 981
517 1963
590 1456
602 9234
1859 295
1931 1439
3693 950
4063 485
6518 11855
7405 276
9869 2382
1046 268
2084 508
3410 285
3523 1928
3874 824
5362 285
5587 924
5884 115
8669 864
8670 979
101 104
105 299
262 9975
284 1744
317 309
321 120
334 2718
575 120
600 351
3908 11332
5033 92
106 97
119 443
459 585
1004 104
4834 330
5480 285
7054 658
9447 820
9485 8196
80 82
312 8984
463 286
503 312
743 7223
1148 1271
1156 494
2258 2539
2500 4579
4898 1909
7901 11405
9549 642
382 3362
452 599
742 2676
1094 121
1214 61
1722 2459
2652 8169
4625 2797
4950 4551
7072 381
10174 1035
341 1192
351 97
389 72
389 771
413 407
1225 2460
2341 109
3545 1187
115 108
266 543
320 1409
374 885
702 9943
742 1416
1594 460
1925 101
2639 3232
2689 6535
3623 455
3985 1787
4852 276
7394 2778
9025 361
10537 285
77 271
118 286
119 528
280 111
315 653
336 11686
472 9232
2400 276
2671 3263
4319 300
4678 540
6709 276
7046 539
84 65
117 401
280 103
346 477
378 360
471 505
532 1772
678 651
783 5474
1472 1090
2422 290
3283 5472
5154 371
7231 121
10123 11777
77 69
296 320
306 278
431 346
482 651
731 823
822 885
953 50
989 53
1416 3173
3477 651
6669 820
104 465
125 43
274 813
334 8102
336 66
416 5199
449 5843
674 2332
1489 3080
1764 7747
2541 300
2981 582
3445 283
4162 523
4620 924
5013 599
6368 121
7637 2012
7684 739
11375 1319
112 329
116 286
1354 108
1667 9083
4367 497
5852 1180
6240 2635
6719 353
7793 1367
8127 424
8345 272
67 612
70 67
106 105
118 315
471 5406
555 285
740 4724
1715 1357
2116 573
2472 519
3459 121
4919 1409
7255 1270
438 2226
459 977
587 997
1068 319
2165 285
2556 424
3608 1663
4007 651
6686 550
9236 659
271 380
282 7504
363 1521
378 1387
438 414
610 2663
719 425
2092 1539
2386 3739
3107 3287
3167 8162
3345 121
3957 508
4029 146
4638 395
5901 291
6212 636
6404 309
9885 315
296 520
316 401
350 1574
390 267
471 295
533 1487
762 56
830 271
836 4347
858 2277
923 759
1743 277
2019 276
2970 2025
3190 84
4750 5960
5324 115
5649 432
5653 550
100 326
118 4781
296 1509
389 967
431 286
588 121
858 1357
883 2156
1231 268
1318 8450
3999 281
6296 268
102 479
125 3203
390 516
438 348
470 2185
588 9797
1128 3690
1295 7213
2258 3032
2344 3848
9319 701
101 688
102 1042
350 5801
536 1953
673 402
948 2349
1335 623
1568 374
1804 276
3361 2283
7207 1699
112 487
269 931
350 8896
415 4848
536 111
810 1083
1671 384
1887 272
3332 295
3968 329
5823 92
71 101
79 98
122 268
271 280
273 11202
274 4619
287 295
288 330
288 433
459 411
503 115
690 275
1334 497
2477 115
3819 307
6027 4960
12000 162
97 827
98 114
119 3235
263 3863
407 567
423 10781
431 414
636 120
896 1210
2087 158
2672 529
4377 729
4557 285
7709 276
85 321
92 92
302 114
370 283
472 1710
611 12159
1964 400
2689 1553
2823 11343
3110 8562
6396 325
9970 361
270 6086
292 4572
348 276
659 97
674 9889
1008 7819
1012 6460
1492 121
2330 1005
3960 100
9355 1701
11497 753
282 556
316 761
317 401
413 8784
473 295
689 316
2092 759
2927 11318
3746 1083
3904 115
6233 108
8306 285
8337 840
57 56
69 86
75 101
277 1311
279 276
345 11609
409 290
476 1542
611 339
995 652
1138 582
1140 2655
1354 10539
1829 104
1924 4691
6500 315
8499 10003
115 281
434 409
446 1509
740 646
1219 1274
3490 3581
3714 295
6489 286
6609 366
7596 7558
79 104
459 889
517 1896
877 1013
1287 11820
1585 440
1868 351
2783 300
2853 268
3171 519
4693 857
6278 402
7683 432
71 69
309 5195
488 6852
687 3916
1127 623
5517 6452
6040 115
6319 268
6539 890
7759 469
11471 664
99 1433
390 117
390 4244
413 348
453 110
1416 1695
5369 1397
71 83
85 76
305 9550
1514 361
7467 1013
8308 432
119 308
292 316
292 556
331 1529
419 2266
434 5386
472 4103
503 11695
711 2608
2485 365
84 791
125 2965
266 497
304 600
324 657
459 528
678 3212
766 4099
2912 8132
4833 366
5451 286
7881 280
119 108
283 121
286 308
298 109
385 315
985 121
1150 891
1202 1243
1688 1013
3649 4111
5007 295
5306 574
5752 2090
6181 1487
44 36
69 65
99 612
105 402
350 84
389 105
415 659
611 3015
848 1110
1108 3391
1798 824
2843 11938
3165 2128
5260 2779
10217 373
78 775
98 878
323 1825
378 295
566 2097
1416 2657
2397 523
2722 272
3659 61
5608 574
7785 271
8860 692
100 100
226 129
304 491
431 10685
434 7549
438 370
665 3690
1599 115
2282 523
2816 469
4394 67
5152 97
6046 3383
6122 5053
7738 523
120 121
311 6552
334 1418
413 286
438 405
471 7813
629 3038
660 1744
1492 115
1505 1878
1692 9652
1972 265
2120 548
2511 3055
2944 309
3452 4737
6568 280
9468 3228
9906 2257
41 4504
346 295
386 974
393 280
583 116
1504 3083
1835 285
2659 381
3439 2941
3769 1553
4312 315
5111 353
10739 6997
11187 366
77 68
311 414
318 351
721 760
762 57
992 263
2366 300
2870 920
5272 2139
7134 11203
8717 1339
9781 353
32 94
54 50
77 115
262 2784
274 351
282 5933
307 1819
376 319
390 2023
454 286
518 277
577 2345
577 9666
1012 295
1133 102
1440 496
5907 878
6644 1953
7294 112
7683 496
262 1574
268 295
271 3619
431 117
467 2388
535 2033
580 275
1393 931
1430 309
1708 574
4869 267
7453 6218
9407 427
10215 319
36 59
281 752
287 1400
304 105
305 8156
334 342
350 450
407 366
446 936
865 516
1664 492
3746 1552
6592 286
8921 1123
83 76
87 400
264 1705
336 104
356 1339
382 462
387 1813
454 462
900 1168
1585 11306
3461 276
4443 1477
6130 5434
7444 2220
7601 557
7800 804
9555 2821
9849 9996
109 117
342 108
488 409
3109 309
3129 84
5080 2090
5697 353
7452 979
12317 508
78 101
384 1998
415 404
429 307
471 770
472 80
503 2352
536 1780
783 3731
1589 4493
1850 3159
1949 351
4336 1005
91 92
97 430
109 2393
267 399
434 1400
513 10177
541 2487
1071 325
2373 267
2511 1323
3106 300
3217 115
10259 998
10341 1712
10830 12003
99 646
111 1640
273 10077
279 405
307 399
311 276
1004 107
1130 2023
1722 8740
2685 424
3087 1418
3272 11097
3764 302
5080 12237
5297 309
7651 1338
121 275
268 332
344 1375
389 1717
411 6758
493 1660
705 105
965 365
1007 661
1718 1132
1844 105
2876 6578
2902 5172
7037 381
54 49
98 1539
119 6559
296 1070
317 2579
1034 667
1138 512
1626 276
1652 4288
2333 1879
3373 285
4029 154
4039 361
65 103
274 384
277 3407
296 2586
323 118
394 322
419 316
454 1035
510 307
689 1640
1196 121
1344 2579
1470 276
2210 946
7505 105
8849 309
98 4794
317 433
329 1195
333 5266
684 381
1069 1072
1288 1339
2434 1452
2789 646
7883 12156
308 283
350 816
376 6961
421 280
438 681
742 3738
1518 4360
1568 950
56 537
70 83
72 5478
99 281
102 816
284 325
350 504
602 1657
602 2002
807 268
883 409
912 268
1669 3316
1999 111
3561 1410
5107 1083
5277 4961
5706 295
6443 371
78 67
350 1579
360 285
413 307
426 86
434 114
459 381
570 105
1318 2635
1676 921
3337 432
3749 1525
3813 869
5683 662
8634 761
287 580
318 365
504 112
1043 9056
1262 5508
2091 1531
2210 920
3932 662
6122 107
7097 10353
102 309
104 280
110 1624
267 309
393 6080
832 3019
1349 4308
2243 1087
3184 1241
3691 290
3706 4844
6199 497
6340 115
6493 1874
98 501
363 3316
566 116
597 2162
1142 108
1242 353
1520 5120
3706 4777
4134 366
6227 2329
6884 1135
6885 290
9016 4879
46 42
65 99
271 283
287 3688
296 2786
316 272
339 477
390 3080
394 280
412 642
431 2601
877 111
1001 730
1458 420
1481 1261
2537 281
2794 1909
2821 267
3456 115
5747 506
8700 285
10162 2393
11217 315
41 2281
77 713
82 314
309 110
343 555
513 10092
1511 1878
1578 832
1708 427
6518 7280
6657 267
11282 562
119 97
401 840
413 2268
1318 374
2432 4604
3400 4234
3534 7891
3891 10714
4752 6031
34 654
263 761
275 730
299 1964
350 277
350 1165
354 268
354 739
382 11683
471 9739
672 1183
832 529
849 373
953 57
1024 739
1144 404
2202 283
4105 6260
4208 283
7065 425
7077 477
7593 290
41 42
72 122
267 276
341 599
421 119
434 3970
693 6962
1343 1953
1779 110
1812 276
3003 427
5428 717
5455 276
9445 315
9839 353
117 286
125 4504
311 3242
345 119
546 2178
1225 110
1780 276
2091 885
2208 11030
2289 101
2310 1677
2347 272
2839 405
3684 285
3911 115
5086 4825
5321 4360
8766 12028
8845 534
102 115
119 5199
272 122
311 11707
336 835
546 118
551 8611
1236 761
1464 1303
1669 713
2894 921
3014 1509
7551 1683
9499 372
304 824
304 2391
343 2460
419 1375
431 2952
437 1910
3551 550
4271 458
4606 3818
8048 2261
8768 427
111 1659
274 626
350 308
350 9315
412 11365
418 447
734 98
736 596
794 2097
1142 6912
1310 275
1804 732
3087 10527
3542 2391
4163 1131
8033 1113
112 492
266 278
270 462
277 578
334 397
386 103
452 121
476 1574
807 115
816 115
933 280
1383 280
1989 101
3844 276
5276 365
7225 2551
7289 307
8417 326
11280 5096
32 275
296 4542
395 371
1783 950
3751 299
5488 539
6843 275
10294 365
68 922
72 2409
226 137
273 12318
282 977
341 603
378 275
392 114
463 298
485 701
2639 1050
3878 115
7015 353
7539 664
11548 9734
70 105
284 1738
301 3909
320 268
1047 276
2076 497
2838 115
5902 730
11451 523
262 1200
281 616
297 98
307 2543
398 6412
466 2711
929 97
1918 8894
4621 10529
5087 392
5338 1844
10127 562
10749 593
58 1533
76 80
102 739
109 1294
115 921
117 315
284 9481
287 3655
396 719
413 6019
734 1477
735 11887
1308 268
1557 905
1768 298
1835 276
2938 314
2999 276
3003 409
5807 3401
6154 2631
6365 285
7395 268
9055 7536
9080 406
9533 10938
67 5467
99 2226
112 353
117 268
283 268
284 11224
413 267
1026 3702
1553 733
2739 268
3500 285
4750 4142
7098 10587
8217 110
8289 7277
111 725
275 483
322 653
433 353
446 2718
660 458
680 290
795 483
1901 5742
2527 115
2537 2359
3385 84
6386 3121
7508 309
7567 276
7958 9606
262 121
279 1027
382 3982
390 5443
438 12759
471 10504
482 10351
855 353
1671 557
4275 285
5141 697
5712 276
7027 115
262 9977
282 281
386 2675
424 857
633 596
1059 112
2115 280
3073 56
4615 1132
71 1158
270 681
311 1439
379 1190
503 82
522 1741
588 2332
1219 2295
1308 10383
1472 310
1545 500
2191 285
2260 120
3451 1083
3546 275
5880 381
6210 300
10023 662
10550 8272
12397 12665
95 2738
98 263
103 1110
459 997
518 103
1330 497
1411 309
1832 2209
3165 3555
4508 275
5935 1404
263 730
274 791
281 105
292 1485
378 5817
413 82
434 2327
438 456
533 114
1564 529
7324 1469
83 68
98 299
98 469
343 3137
627 2821
1069 300
1807 688
7708 767
8186 121
44 445
266 534
282 540
311 2023
333 979
387 41
459 271
557 276
595 1720
627 2090
637 504
731 400
1735 2086
2078 276
6783 1106
104 403
109 1679
316 109
376 9417
437 380
524 314
535 1206
629 7507
778 1852
1416 3000
2650 2487
2677 793
5602 3263
7395 353
8841 898
52 537
271 1303
274 974
312 1095
318 394
342 280
350 7750
390 504
471 475
1138 10022
1958 432
3444 309
4352 9594
6111 309
7117 738
7278 653
8164 298
270 636
282 409
304 6648
324 286
339 2012
346 544
377 281
535 599
843 4181
1378 3671
2919 1944
3150 738
3153 11011
3209 281
5052 1131
7631 1095
112 111
263 330
271 508
274 1244
348 97
350 101
429 7245
526 116
575 106
1831 8339
2316 813
2822 732
3846 361
4809 1712
6410 869
98 8078
104 329
731 353
1255 537
1343 1117
1647 268
4510 276
5019 761
5536 8473
5886 2710
6354 1569
12981 11049
84 578
286 1643
412 473
438 397
457 4941
541 348
706 719
711 3159
1862 68
2401 550
2544 1061
3073 57
3653 107
5217 931
9547 353
9639 477
11498 662
57 55
112 591
115 1703
118 320
270 4378
325 281
350 67
402 272
440 285
622 97
990 1180
1297 1948
3890 523
4106 3983
5080 103
6228 7702
7150 268
80 68
311 2081
341 8646
1408 285
1762 658
1850 664
2215 4941
4507 2937
6594 1570
7466 285
9443 120
10360 1881
11729 401
11843 5335
11904 462
100 906
103 114
326 268
340 465
390 1262
431 322
459 117
510 1660
519 427
731 263
1268 562
1515 447
1621 3118
2260 462
2776 4064
3600 557
3603 318
3946 787
4029 136
5802 500
108 272
274 299
292 450
316 2543
608 366
1354 1765
1823 539
5313 276
6743 136
11865 460
12871 360
334 121
350 1521
421 1738
563 12446
629 321
706 109
744 115
792 6389
904 1180
1059 285
1964 819
3730 11104
3737 752
8942 1195
10713 276
11470 492
109 646
268 869
274 3181
299 321
329 822
378 307
996 330
1137 10770
1423 653
2116 1244
2845 52
3366 635
5659 2559
6347 730
10941 574
104 4092
306 291
365 322
409 1953
503 428
572 110
609 309
709 3653
796 271
1156 8162
1305 1032
2923 543
6377 309
9368 1564
10458 315
63 33
76 65
103 8138
105 121
263 394
281 425
282 462
282 1286
283 455
378 414
418 4099
438 3303
1006 276
2705 526
3031 485
5060 309
5307 7284
8940 290
66 272
101 407
265 410
326 115
413 117
439 1123
634 120
647 276
790 1572
798 404
1139 1799
1150 2181
1276 1168
2227 1319
2661 1778
3339 276
3998 946
6396 824
6456 878
8926 285
69 108
386 8913
463 103
522 302
625 361
658 263
1034 840
1037 11724
1144 1982
3371 1989
5237 314
8018 10990
10752 931
11001 8517
11660 525
77 73
103 3436
277 455
283 820
413 68
493 880
541 725
1066 300
2321 11826
2426 433
5510 310
36 782
70 65
115 316
270 10678
341 624
390 612
434 288
566 4347
1281 687
1817 653
1991 3562
2087 130
2160 539
2230 1539
5267 8219
8077 692
8930 353
9412 552
84 508
100 823
240 159
274 652
281 114
350 406
385 399
412 11697
438 97
682 3478
693 5062
967 1195
1337 309
2005 13381
3351 4658
4373 1190
10674 406
68 538
92 44
270 658
314 885
317 4207
323 373
326 428
389 591
416 486
1422 8320
1735 447
2330 1561
3755 1911
5200 658
6765 4838
83 3883
285 285
350 370
389 485
390 2893
446 504
493 2459
554 13192
840 677
1513 267
1556 537
1560 103
7060 11534
9253 976
9332 309
10154 4401
10 4927
36 654
84 316
283 427
304 591
313 1068
361 315
706 548
953 52
982 1165
1476 1616
1588 309
3027 268
3073 54
3083 381
4130 10813
6352 295
57 52
63 63
322 642
355 104
378 308
454 992
471 3888
585 2731
862 10575
1186 2463
3200 539
3258 169
3545 276
4277 309
4352 508
5688 3511
6288 300
7366 327
7379 111
10283 658
68 318
83 346
105 119
272 99
274 1602
282 1192
341 65
390 356
702 2732
1126 631
2231 97
3314 3383
6138 2000
6394 295
281 112
554 9760
1807 1822
2581 6075
2652 5054
3089 112
3264 6579
3684 424
8054 444
8431 295
9801 300
46 782
287 528
287 7351
351 567
402 276
421 308
426 68
522 424
531 9932
532 8697
535 291
702 2796
1130 6552
1617 1552
2091 730
2251 4270
2303 381
3073 55
3535 1909
4510 315
5717 455
6178 295
7483 3989
77 66
532 101
975 1852
992 111
1071 310
1130 267
2301 9961
2661 283
3073 53
3727 775
4819 525
10586 5980
10624 276
266 2745
285 348
317 830
378 961
471 71
861 1521
876 7336
887 8622
1442 623
2178 1449
2333 118
7115 285
7601 3470
10710 501
275 1643
306 458
323 319
414 275
434 1449
511 10206
1980 276
2030 291
4620 315
4726 596
5091 3405
5343 285
6415 121
6636 272
6706 1338
6958 326
7233 701
8599 280
8876 13301
9162 366
98 624
98 9400
110 775
119 265
414 529
438 452
438 514
1239 458
3635 1095
4169 267
4949 332
11245 1707
12928 8643
82 80
282 12150
287 268
305 3672
407 97
413 356
1293 3207
1809 1928
4027 428
4372 371
4585 824
6302 642
8130 8130
304 4099
350 325
378 561
378 8680
796 550
1100 280
2371 885
5071 462
5893 276
7838 285
69 88
110 1524
368 5013
459 799
551 1072
597 342
770 295
959 1172
1563 277
2178 601
2445 924
2645 817
3496 1298
6435 1168
7090 4285
10213 5459
11973 9168
94 92
119 400
277 2009
282 638
285 117
329 298
334 3911
350 392
438 666
472 299
580 9960
678 1861
754 276
821 1045
914 491
1425 1712
2515 285
2885 276
3165 2665
3250 601
5267 856
7267 300
7711 950
9040 7028
9989 1072
296 6655
304 1569
310 99
370 878
378 4542
480 1948
482 463
594 2821
881 6723
994 1303
2662 854
4371 115
5019 552
6539 12289
8396 10544
10020 3121
13443 121
112 276
426 6342
513 9622
879 653
3806 557
4230 327
6265 285
7531 425
77 1294
102 97
317 3778
341 1703
389 406
396 7840
406 371
459 11412
484 101
490 157
509 366
520 635
978 268
1580 9131
2917 276
3455 3138
3668 2441
4672 1452
6199 365
7711 635
263 2199
274 326
274 1717
289 11791
334 550
390 3766
434 326
610 4198
796 5197
1211 353
1938 10512
2754 121
2848 291
3710 3710
3835 115
4325 314
4871 109
8370 974
9621 4124
10976 1561
11628 4704
39 41
103 3111
116 4540
262 3514
413 308
476 2097
491 315
532 314
674 7379
953 54
1611 57
2792 1640
3217 285
3748 115
4302 115
4628 13459
4869 7314
6156 115
7350 309
111 84
115 7087
291 321
307 285
322 729
372 9783
416 12804
439 473
439 1259
902 285
1043 9978
1327 721
2994 7625
5473 2410
8049 1705
12217 371
76 83
101 3343
263 302
304 365
311 5579
608 286
711 115
790 111
872 309
1589 2713
1991 2718
2061 2931
2345 268
3366 314
4372 315
7785 497
9948 276
10332 352
72 403
100 3689
112 97
115 322
350 69
376 6997
387 40
431 666
437 7378
472 2779
522 5011
1803 285
2792 281
3490 13354
3639 265
4163 321
4443 107
6132 3278
6373 878
11879 593
76 374
79 87
112 6641
282 7276
299 118
334 1311
342 404
395 267
412 917
903 2713
1138 641
1472 1073
1578 603
2108 47
3112 285
3392 315
5724 520
8199 276
8336 275
9498 300
50 1482
83 1703
102 381
280 462
320 309
321 430
363 981
419 491
471 315
580 1643
743 6522
1378 1200
1557 263
3350 998
3668 2881
3881 319
5569 764
5814 550
9766 115
10000 974
32 1533
109 899
330 121
341 1117
454 114
1467 771
1567 680
1580 10408
1735 1398
1812 443
3804 272
4301 1270
8048 1095
69 5930
297 556
341 85
350 815
373 729
416 3240
416 4937
434 673
439 599
1428 285
1556 53
1800 920
2160 3200
2757 115
2799 465
2839 582
5295 107
5445 395
5677 309
282 1274
298 2394
341 68
412 1741
932 272
936 372
1130 325
1318 109
1331 1005
2063 275
3423 1610
3712 309
3889 12352
4235 13019
5111 1087
5395 119
6228 3629
8745 824
10490 508
10601 631
101 1268
274 11892
313 487
375 4288
461 320
577 835
597 1524
861 1357
947 869
1244 285
1768 2144
2075 309
2336 300
2801 626
2963 11071
2970 974
4258 857
5200 267
6380 314
7930 642
9985 738
10998 402
13319 300
105 395
111 372
267 701
291 1643
311 4417
627 1090
693 603
914 929
1266 4000
1267 312
1722 1703
1783 315
1903 4418
2049 97
5719 2866
5776 869
5804 115
46 93
74 286
284 662
302 1953
311 326
324 5530
331 268
351 405
426 4129
860 285
1568 1241
2541 11809
2841 276
3503 276
6217 267
7475 276
9713 5128
11969 1013
104 469
287 275
323 526
336 372
390 841
394 573
566 10440
644 1042
1475 285
2845 54
6481 290
6721 11553
6965 4636
8362 1540
8930 268
11539 365
11806 998
57 49
80 2732
98 612
264 1640
272 361
304 8509
378 277
405 276
674 5584
1004 12653
1138 98
7769 309
7878 616
8956 381
68 3689
112 9243
115 107
262 656
362 271
418 2457
434 12295
472 381
481 1257
766 107
985 677
1082 11563
1537 3211
2889 285
3649 1623
7995 775
110 1710
263 406
380 856
413 13198
503 100
514 392
693 4288
741 288
817 10676
1076 730
2207 2501
4072 11124
5140 596
5976 67
6425 550
10250 813
84 67
114 775
125 45
285 366
314 642
330 105
431 268
517 623
532 414
536 1444
953 49
986 13567
1066 12558
2548 115
2783 626
2834 105
3430 110
3755 2128
3764 1073
3963 97
4191 102
6130 13964
6990 1525
13491 4055
66 725
262 1975
362 874
470 549
595 277
609 1452
1043 98
1148 1501
1150 8610
1235 278
1706 5009
2653 290
6565 623
7915 4987
9099 544
9777 2931
10008 6546
10199 365
13076 13493
77 380
271 267
296 406
350 516
412 12577
421 103
431 713
435 280
459 407
740 957
1112 8992
2061 1874
2689 312
3166 1572
3572 3278
4128 371
6500 12118
7266 931
7470 1168
7774 1180
10052 1120
10058 315
274 401
291 267
324 272
334 3288
390 4953
416 13433
434 1998
438 7766
1592 3232
2508 1090
2660 603
2845 53
3684 276
87 265
107 104
299 1509
331 346
331 904
356 862
384 373
431 9490
743 2695
1378 625
1565 844
1715 10401
1943 7454
2011 276
2192 276
2701 10249
2845 56
3268 739
3308 379
4968 950
5761 667
8599 2775
8942 424
9281 6145
11578 544
108 1070
313 11745
389 82
416 87
416 105
731 11509
766 1799
1088 285
1210 539
3236 1569
4169 291
4362 7064
4668 409
5013 1542
5383 494
6528 1301
7313 606
12766 878
83 8253
98 110
395 616
434 1459
510 3218
647 582
678 8756
1017 1677
1705 115
2245 2655
4236 285
7361 1610
10126 4563
10262 121
98 1131
112 601
296 2925
317 1028
324 511
452 907
522 14022
760 263
953 51
1090 295
1126 395
1722 1450
1768 10082
2178 101
2639 582
3374 946
3895 8577
4574 2906
5226 285
7748 552
11089 4777
70 528
101 1089
389 514
443 276
803 406
832 108
851 2268
1100 4571
1481 115
1723 97
2610 102
4779 280
5087 1619
7950 2086
9082 318
10270 115
32 8892
97 4259
195 160
277 539
302 291
354 3818
413 666
438 841
460 267
488 3871
1140 1013
1812 2147
1870 821
2917 285
3269 2051
3414 295
7815 315
7925 366
8528 495
11463 352
11721 268
119 780
389 277
389 2626
416 5038
522 14150
639 552
708 12335
2341 100
2927 739
6501 2086
7656 2012
9106 3278
9408 3287
9809 1095
12764 5415
42 44
46 58
65 428
72 351
80 291
98 318
341 370
359 5528
439 323
450 272
479 302
647 275
689 271
693 13394
754 298
794 103
990 375
1002 974
1031 276
1727 7954
1839 309
5079 424
8013 121
10516 397
98 596
111 465
304 1574
317 10462
431 452
459 5853
532 8653
597 7544
627 3055
959 593
1559 6043
1593 4009
2674 13585
2720 285
3469 272
3489 275
4029 171
5469 492
6007 275
6306 309
6746 2501
9847 105
10216 3043
104 114
282 514
327 97
390 1459
415 1042
432 101
454 864
459 308
725 121
1567 1271
1583 276
2927 1237
3667 280
4857 1032
5515 3126
6467 3115
10675 97
12377 283
282 356
284 4110
359 5637
363 12392
382 9740
476 680
498 115
911 353
1446 281
2845 55
3196 497
3341 1381
3535 4837
4054 291
4606 924
6386 277
6501 1759
7740 3798
8370 277
8632 664
9723 115
108 6224
264 1323
326 101
477 276
837 2002
963 353
2457 425
5212 1090
5668 3328
7243 285
7397 85
8257 1131
8519 285
13327 9563
67 300
83 67
118 295
361 567
368 11744
390 320
522 2897
697 116
812 554
887 103
3074 2275
4279 13326
5245 11712
6199 315
7487 2309
7576 115
12367 2220
57 51
69 1936
70 657
76 97
338 3159
341 570
407 281
531 11434
877 108
912 7427
989 50
991 11648
1071 102
1293 7092
1331 7678
1538 1619
2207 12070
2650 10359
3077 4658
4468 361
7145 1032
9271 373
10201 1319
11878 81
103 907
112 121
112 9593
305 3181
343 3078
359 8903
472 312
488 276
633 3821
769 4096
900 268
1523 290
3363 1257
4960 100
5176 761
6593 780
112 322
292 5222
296 1380
298 719
446 791
1862 3640
1883 631
1925 523
1964 2505
2316 4575
3089 109
3416 550
3693 374
7283 508
9172 380
10477 479
68 8056
376 268
413 370
459 295
459 3566
503 854
533 309
1138 105
1543 2897
1958 497
2263 285
2274 10352
2422 285
2467 276
3195 285
3954 2232
4668 377
5601 2713
6057 11321
7246 635
12633 857
69 118
71 625
102 1121
284 11749
356 295
686 62
691 318
760 330
914 570
1621 458
2281 92
2806 2529
3357 108
10824 7419
10875 496
13272 290
72 84
76 895
80 6536
86 283
108 623
120 295
266 4358
331 314
341 538
350 405
373 113
471 97
706 979
848 10176
982 285
1411 869
2262 2850
2320 606
2470 281
3005 2127
3486 295
3830 285
6154 8740
8340 869
8355 310
8696 1418
9162 121
10541 775
12015 447
13383 381
70 326
101 322
268 739
274 477
283 1491
386 677
397 101
439 2608
577 3159
650 7239
709 346
1358 285
1653 315
2126 1035
3714 277
7370 661
7805 1473
8193 298
10024 462
10928 889
98 314
116 114
279 624
341 9589
368 283
389 65
390 2490
450 276
503 112
608 5238
838 5980
1056 366
1094 13155
1248 275
2142 3211
2260 103
2853 353
4367 455
7252 121
9675 1241
273 6572
354 2332
390 104
595 13805
2782 276
2845 50
4361 651
5761 556
5848 98
6542 4015
6800 365
7503 9333
9115 290
14230 1701
68 506
83 7276
99 109
279 485
282 13958
287 703
336 78
411 365
413 495
415 13471
571 9163
743 101
832 1659
1489 11535
1674 276
2507 361
4931 9460
6836 3716
7925 295
8906 527
9703 1643
10980 3468
71 65
80 80
80 271
297 705
318 497
374 97
413 2735
471 540
760 5913
883 339
985 310
1318 8108
1368 104
1674 427
1987 394
2699 2778
2734 497
2783 4323
3146 869
3572 2513
3830 276
4067 1340
4673 302
5156 101
7882 898
9493 809
12172 309
14454 2349
263 7991
281 557
282 2034
304 3861
316 115
341 1831
413 528
439 10496
602 1311
796 9710
801 2582
1213 7519
1358 878
2650 2185
3089 1349
3603 281
3693 11532
4748 365
4969 84
9829 115
32 424
79 325
83 322
296 652
311 4992
313 295
334 713
336 121
431 73
687 280
716 97
1165 4182
2862 898
3132 381
4312 276
5092 121
5944 379
7054 2686
8195 316
9466 3329
9544 351
13307 477
98 1963
104 1274
279 1657
306 2268
318 272
326 1338
341 77
438 380
488 323
566 13612
848 271
1235 1915
1803 276
2019 285
4443 1487
9268 120
10614 3287
32 1685
85 67
100 497
104 530
263 1206
288 1933
320 308
382 511
409 121
412 733
431 1387
454 2147
731 2543
1059 10295
1330 365
2604 3019
3189 657
3661 312
8070 2206
8678 567
9784 475
10965 13694
36 45
98 339
111 272
273 10997
301 6079
350 10256
382 463
575 8554
633 1244
1522 10521
2079 623
5630 1319
8881 1405
9423 68
10286 1290
10945 574
65 118
262 7287
292 320
320 272
334 1380
337 178
389 263
431 1766
431 9694
452 108
471 67
627 543
627 738
1126 356
1310 381
1520 295
1956 758
2045 1818
5705 1241
6007 9048
65 104
77 84
98 8226
100 360
104 483
118 6962
330 3427
343 14615
350 780
426 115
532 591
721 120
833 905
1047 99
1129 318
2660 1147
2848 1729
2992 302
5272 1623
5281 752
5668 356
9700 1005
10223 1910
99 402
274 4922
355 13436
413 816
493 4150
633 392
633 945
794 10112
1114 13346
1127 115
1441 653
2911 2728
4054 1180
5873 821
6400 275
8366 2745
9620 371
11929 97
80 375
110 105
296 2329
409 399
438 5082
633 2095
871 280
1128 6160
1148 638
1253 10566
1355 574
1824 3030
3439 1087
3836 98
3985 1660
4918 303
7463 13912
12064 663
13131 121
82 84
112 771
125 7227
282 527
282 10385
289 107
291 111
378 14045
390 5527
413 1717
503 659
686 92
1806 12248
5321 276
8230 824
9965 501
11798 361
72 2475
79 86
111 356
270 2252
287 8939
302 430
414 276
536 272
724 268
767 115
1090 2755
2227 3212
2798 9834
2956 275
2976 394
3253 276
3513 381
4441 57
6665 276
7359 1357
8684 374
119 13156
306 110
324 299
350 486
350 1222
402 1491
434 381
636 401
678 300
1221 8116
1732 6075
2230 353
2383 80
4074 512
4481 739
5562 12390
6743 164
7037 290
8049 4396
10562 105
12571 285
266 636
273 5319
282 109
292 832
292 1121
389 540
416 1206
426 642
996 433
1112 114
1233 6546
1522 570
2426 554
2674 9842
2963 1195
3165 4664
5094 1449
5799 3249
6232 101
6550 13074
6974 3186
7861 268
61 40
76 89
125 3478
286 2349
311 1070
324 277
363 13644
378 1444
437 360
633 2520
637 2064
884 491
1128 1180
1600 3869
1999 603
6432 653
8523 512
9382 407
9564 309
14377 5355
83 1171
313 902
354 1132
457 12228
790 617
818 7061
1493 1147
1602 107
2615 275
2898 83
5581 523
6081 267
6935 115
7171 281
8278 276
9347 315
9374 121
83 401
86 2050
103 295
103 1525
115 483
118 508
262 527
308 105
389 1151
414 1207
434 1035
533 10854
555 276
660 1550
740 14581
995 3514
1285 353
1318 12687
1523 116
1598 3856
1662 365
3258 177
3500 361
4348 281
6974 2337
6993 102
7482 562
7684 1132
54 537
344 67
459 116
792 1032
953 55
1139 1962
1325 8534
1341 6769
1520 10033
2423 1640
3326 57
4598 276
5959 606
13399 6488
92 42
99 1165
109 3717
114 4164
274 268
277 850
289 13894
304 4691
313 469
317 326
350 298
390 430
437 3212
602 1619
689 342
995 554
1073 285
1293 312
1743 365
1920 424
2822 557
4154 6459
4324 623
4352 692
4565 717
5712 268
5873 4703
9518 8032
10117 110
12758 673
71 573
85 68
279 1090
299 298
318 373
345 99
385 365
418 1844
458 976
471 69
472 268
831 870
877 7427
929 638
1621 501
2432 3230
2548 623
3591 639
6327 759
7596 465
7999 268
8163 14019
8377 365
9155 556
80 84
263 1915
284 951
317 3726
407 286
493 2559
558 318
629 116
671 2393
682 2738
777 1111
952 1778
1669 4073
1732 2455
1808 276
2146 921
2614 115
2618 276
2768 392
2795 1852
2992 100
4268 309
4443 98
5156 280
6326 285
7074 1183
13408 7235
88 88
291 677
324 491
390 2251
831 99
1671 1262
1706 9084
1806 821
1835 664
2845 51
3009 267
3324 2086
3711 1944
4265 315
5211 112
6109 1677
8612 7279
112 2827
287 491
292 339
324 504
343 7348
390 1963
416 6475
493 322
803 8894
842 5566
925 2085
996 2143
1980 1283
3221 1909
3439 3407
3873 276
4040 1123
4828 105
4931 7064
6232 5148
12899 121
68 283
77 519
78 314
98 730
108 527
217 142
316 821
317 6475
454 516
520 285
691 13325
792 2636
923 1521
1020 111
1094 2461
1097 835
1144 371
1186 2749
1318 107
1440 1032
1464 285
1727 12422
3165 1338
4059 550
5079 574
7224 759
9078 642
83 12542
316 2279
382 267
471 3074
482 1509
1167 263
1215 379
1279 276
1524 11031
2375 381
6645 283
6979 2663
6984 12626
7381 432
7824 4181
10040 1601
102 263
286 320
288 332
421 2289
463 1473
588 12230
643 41
760 103
1224 116
1885 1822
3359 554
5709 5566
6057 8698
6918 2740
7469 276
9483 319
36 92
87 585
105 550
279 4411
407 936
431 365
568 7277
571 703
594 514
1233 2626
1538 1311
2204 525
2417 66
2806 721
3190 83
5407 976
5449 2012
6308 12452
6480 309
7444 9871
10224 7562
10448 314
106 111
117 118
270 892
282 12068
306 4544
317 14113
356 1643
393 100
434 626
471 2994
472 5779
536 14613
833 115
996 1375
1273 979
1621 109
2452 2551
3129 83
3377 404
3635 280
4306 6523
8714 574
8734 120
11489 616
13142 603
73 100
98 943
99 2821
100 8056
295 325
382 307
472 1437
689 97
842 300
909 3790
1138 6703
1825 1182
2333 712
2843 1182
2883 381
3166 2185
3252 101
3361 5472
3406 114
3572 2143
4311 285
4789 309
5267 1294
5559 539
5716 516
6486 2487
6826 4164
6839 659
7001 121
7452 738
7666 463
10910 361
12802 319
12932 1135
100 346
102 907
194 187
707 425
991 7922
1941 2913
1951 5124
2215 2139
2301 2189
2610 5005
2621 651
3070 9504
3504 5128
4457 1132
4791 494
5193 371
7025 8562
7455 2670
8462 1270
295 998
313 308
359 277
452 425
604 102
989 49
2390 123
2526 854
3586 424
4834 277
5091 1357
5167 315
6681 303
7291 299
8146 115
8670 319
13029 1738
68 570
110 267
118 1778
296 356
375 9762
431 271
480 424
536 1033
649 705
723 2501
989 52
2301 2811
2452 115
4921 115
5848 7113
6187 1866
10021 2567
10834 921
79 2671
97 680
413 402
426 1814
470 5782
503 5348
602 9741
659 104
906 121
1475 276
1885 4244
2426 265
3392 550
4306 545
4626 856
7210 322
9653 361
13110 2404
100 922
102 105
304 3427
318 508
321 1407
395 266
459 65
856 275
887 3417
1783 998
2548 7336
2947 525
5322 623
6030 1195
11269 791
12396 1404
304 530
324 749
378 2774
389 285
412 2376
566 1890
689 280
796 104
813 101
887 278
917 14247
984 353
1093 401
1418 97
2000 1087
2429 455
2832 2438
2901 115
3461 353
4228 1180
4614 1753
6069 1346
9999 381
34 782
110 567
279 7381
314 557
382 841
476 115
571 11796
618 3883
1114 998
1344 298
1593 381
1797 285
1920 115
2223 1313
2587 365
4069 500
4780 1328
11483 3619
12303 425
13259 309
65 1705
112 348
376 721
390 329
419 8720
571 379
627 548
914 1044
1432 401
2910 1146
3122 12004
3200 394
3429 523
3691 275
3962 1701
4219 4418
7099 642
7366 3215
14822 1910
122 599
272 1316
291 98
340 1569
345 11556
362 409
471 596
533 5115
602 4173
608 1398
682 91
1295 9509
1375 275
1709 322
1784 455
5168 847
6232 275
7193 974
77 891
108 570
119 2147
121 469
262 1340
270 9589
307 267
320 107
354 3362
362 404
566 7795
571 8566
788 332
906 12582
975 732
1186 5116
1225 2048
1476 12931
2087 171
2282 275
3283 9426
3654 791
3952 315
5557 2593
5591 9289
7564 315
8926 276
10657 11647
60 47
71 82
105 1298
119 285
304 276
471 9588
973 1477
1218 318
2666 2252
2862 1172
6757 427
6926 6342
9488 8531
10397 6289
76 815
101 477
265 299
306 12809
322 365
336 1477
350 70
409 370
426 67
459 275
473 1261
480 2847
634 99
801 310
881 401
906 8719
1278 8831
1424 931
1857 411
2721 931
3872 285
5510 351
5681 580
6791 392
7947 717
10132 432
12800 10559
273 1268
287 1816
297 828
298 7860
336 394
370 351
378 591
389 2914
407 1689
473 1439
634 278
674 1268
719 701
1653 285
1671 3401
2110 268
2284 508
3379 9510
3395 425
5351 5361
6499 366
6933 677
8337 1270
9484 552
11702 5458
66 351
83 314
115 898
274 647
279 277
323 729
324 5038
339 117
346 351
407 314
412 3731
466 764
541 5933
577 1323
633 2877
706 5671
785 1683
883 2139
1937 6191
2223 356
3039 824
3164 2869
3578 4784
3864 276
4195 4129
4706 276
4950 3254
10361 14025
79 303
105 407
262 286
282 469
282 2475
313 8402
328 460
334 7087
413 10778
432 462
476 339
639 268
731 2609
996 6355
1585 1529
1674 268
1914 721
2841 280
3136 455
3360 61
3578 1111
5282 276
5814 315
9897 12315
11024 276
12825 13658
14046 2206
116 409
123 2738
277 1948
287 318
341 11819
438 65
1129 2713
1370 885
1483 404
1555 309
2337 330
2399 543
2678 361
4251 5664
5260 2185
5365 813
6393 116
8384 6912
11566 3555
12279 14330
12514 658
13714 432
80 77
100 1509
292 356
359 104
363 107
389 312
411 121
438 406
476 856
633 1766
702 3329
796 4314
990 1906
1108 3581
1282 13034
1344 1778
1362 515
1416 2762
1671 11185
2061 9158
2150 276
3036 1035
3262 525
3361 308
3400 6407
5717 315
6308 425
6448 2162
6980 623
7871 280
8227 285
11052 5912
11467 752
61 45
265 450
270 330
317 5703
389 76
446 121
1082 11859
1950 354
3265 45
4348 574
5369 263
6520 15083
8367 12643
117 1147
269 827
270 2668
282 1243
286 315
709 556
1921 427
2260 9782
2400 285
2422 1195
2509 455
2883 1261
4668 3743
5597 799
6059 1656
6369 701
6799 115
12861 761
78 267
83 69
85 1933
112 352
262 117
262 300
262 4400
284 13431
384 100
390 406
418 2023
426 310
431 1274
471 902
1056 285
1066 13846
1105 103
1213 2034
2043 276
2100 12112
2234 309
2282 3257
3046 6647
5753 4725
7448 638
8034 285
9108 1418
10682 10427
11742 732
32 385
41 33
65 102
99 271
104 320
106 3871
108 1816
111 759
281 527
370 4719
378 1720
401 272
463 97
475 276
495 290
611 864
689 623
783 456
837 276
989 51
1002 277
1186 402
1333 275
1416 1478
1806 2725
2195 309
2674 2826
2777 1810
3461 115
8976 115
9266 275
10929 793
14192 11508
34 58
65 86
83 121
109 348
115 280
273 414
279 905
341 512
368 4977
405 280
472 370
472 907
982 10046
1156 370
1174 268
1266 1283
2223 1089
2768 530
2839 673
2961 46
4930 309
5239 5696
7469 285
7470 314
8193 1262
8864 267
10327 361
12935 285
13532 99
70 505
77 77
89 314
101 271
103 309
103 573
262 1953
285 819
341 433
395 712
416 7562
426 1014
437 1792
438 320
482 897
503 14859
563 7154
610 10456
637 2522
742 537
796 4973
916 115
1611 6387
2191 4198
2435 14141
2966 84
3623 1072
3764 2777
3836 110
4910 53
4966 281
5008 552
5063 10649
5087 281
7660 10611
12363 539
13003 1550
78 71
93 36
101 3893
102 469
115 414
287 5650
336 5527
370 2056
378 105
438 69
446 617
493 2275
549 275
551 11507
597 450
728 4135
1047 112
1557 5335
2383 14026
2674 108
2899 2805
3322 13309
3749 3257
3918 286
4268 6335
5039 714
5219 2285
5767 309
5868 275
6182 285
7872 115
8768 663
8837 567
11009 280
11640 856
92 91
104 308
104 400
117 2461
262 263
287 1412
292 430
341 605
415 118
426 14191
438 826
471 514
506 856
627 9320
861 99
870 115
2604 658
2730 495
3295 920
3786 3634
3931 11078
5515 496
5684 309
7762 4838
7993 13556
9850 4883
10703 381
11307 557
84 5463
284 878
292 2290
323 339
345 302
558 395
597 3982
610 12987
627 7348
636 332
702 348
736 5265
1133 302
1360 537
1495 1013
1674 7427
1753 121
1914 111
3272 14031
3333 361
3503 455
4113 276
4552 1146
8312 462
8452 673
10095 539
12696 692
14296 286
14952 401
70 485
80 549
283 321
287 384
316 4886
331 2033
336 107
339 268
341 79
412 5005
434 65
434 511
435 2953
587 325
1079 3991
1226 4111
1578 3064
2142 3434
2823 12079
3395 2616
3692 3652
3927 115
4018 15265
4169 105
6419 276
6513 276
6768 1095
8725 1516
9042 485
9754 309
12573 494
108 1085
194 169
311 347
313 11848
324 1086
390 3648
412 9596
413 414
678 924
731 105
763 98
788 1721
1186 6535
1735 5013
1770 121
1985 1110
2136 550
2556 508
3357 1131
3565 2285
4105 590
4958 327
7380 309
7815 692
9482 281
12002 275
12540 14743
13784 372
108 977
266 485
302 504
318 3111
329 2959
396 538
438 271
438 9543
452 97
558 4203
2394 1005
3326 53
4035 6260
4108 1468
4942 1087
8280 3238
13387 508
15449 2162
77 263
100 638
274 6824
328 108
345 1563
434 2786
685 3182
794 11597
1607 12946
2110 379
2239 309
2431 15369
2445 121
3369 424
4678 14187
5150 2778
5522 310
6030 424
6328 268
6734 3445
10298 15274
10681 276
49 2388
77 791
100 314
117 102
275 121
295 290
313 1400
369 330
430 105
435 267
454 400
520 432
587 14361
706 3920
711 1340
1112 1821
1183 2051
1255 54
1976 508
2063 315
2093 285
2678 4819
3258 187
3326 56
3691 285
4068 5843
6020 2199
6068 4849
8012 315
8043 2777
8308 496
8876 4952
9382 2668
10188 2404
15093 998
32 445
280 567
287 713
324 11298
329 760
341 3240
438 601
472 105
488 492
613 112
693 2357
708 950
709 1146
740 267
764 1290
875 1111
1135 869
1369 847
3073 52
3985 544
4959 514
8555 365
11839 1029
12659 275
86 966
100 527
270 15545
323 824
342 115
400 268
470 309
491 104
503 433
602 2072
778 5872
985 3186
1036 2663
1209 1195
1211 268
1762 405
2116 452
4069 318
6999 3574
8257 298
8813 276
8995 105
9097 658
10531 1989
94 45
100 385
350 951
363 13745
376 14341
434 485
848 8385
1390 275
1476 494
1625 885
3423 112
4035 15101
5682 109
6425 365
7361 1659
8289 302
9045 3652
101 113
284 450
284 10728
291 1531
292 891
305 7710
409 13357
413 450
435 11384
472 1602
1451 537
1470 759
1581 1418
2130 283
2303 424
2375 285
5282 285
5534 9072
5973 4670
6027 2232
7681 733
10118 2895
10298 280
12860 567
98 1290
106 117
263 1874
274 447
282 10244
324 82
434 407
609 552
849 4225
1140 12466
1522 10954
1676 1172
1832 1013
1868 121
2617 1359
2772 281
3167 529
3828 529
5702 276
6018 606
7172 1837
11465 121
32 224
267 325
296 9694
321 1915
341 500
389 6364
402 465
438 411
473 424
940 281
1030 409
1341 121
2341 3133
2838 707
3523 276
4287 10855
5179 365
5455 115
6020 692
7042 15113
7960 115
8948 14880
9113 295
288 7411
334 496
341 684
369 12651
413 1705
426 298
434 298
446 462
461 302
491 275
509 3212
2428 4186
3314 2073
3506 121
3889 394
5111 15403
6526 291
6598 504
7022 4763
7567 275
14646 557
41 63
76 360
86 291
94 7132
108 4619
109 342
112 375
269 11158
325 508
471 105
957 351
1112 9158
1431 3655
1470 11157
1783 497
2875 374
4054 1070
4411 3470
4773 7760
5414 309
5706 121
6200 7296
6984 3200
8685 121
10959 272
70 80
110 5135
273 659
287 2357
292 469
317 268
341 76
389 121
415 514
421 449
431 7962
472 405
491 321
503 116
709 4844
731 15561
777 6092
781 1821
1176 13035
1577 353
1925 1113
2734 1874
2768 462
3889 2973
3905 271
4810 115
5362 275
7327 525
12194 315
14979 9032
32 95
68 105
71 2505
109 318
287 392
302 501
334 5238
350 1006
377 381
390 1631
402 3612
426 332
434 8548
438 1412
533 554
659 105
660 2459
689 512
790 6224
971 3478
995 1896
1071 13711
1790 365
2063 276
3394 739
3683 593
4101 14802
5380 286
6118 688
6873 392
7289 1849
7881 761
8714 281
13515 1409
13621 8219
15641 623
10 32
270 824
277 365
296 360
298 1712
305 2573
329 267
362 8903
386 824
390 8939
416 6256
459 1412
1600 353
1662 114
1671 2268
2291 290
2912 501
2992 15979
3410 539
5560 496
6919 275
116 681
282 492
283 272
296 5798
393 705
400 315
434 556
453 114
471 538
533 339
627 680
888 275
1017 477
2052 897
2083 1338
2320 739
2538 309
2899 121
5007 9353
5911 365
6376 280
6599 1053
8555 315
9352 300
9773 276
70 108
104 402
226 7727
341 83
359 372
378 13287
414 110
454 830
689 277
903 4781
1088 276
1440 432
2451 281
2470 3562
2757 285
2776 299
3234 653
3519 1151
3874 974
4669 616
4869 13874
5898 281
5927 353
6032 920
6049 744
6545 298
8669 885
10132 496
12525 291
42 46
67 10686
77 314
311 2266
330 97
367 295
396 2582
709 105
999 465
1754 1663
2372 1035
2386 717
3326 50
4163 13495
4419 2248
4955 15257
6738 673
8230 277
8686 285
84 73
91 40
99 1076
102 326
125 124
317 600
341 263
350 76
350 9441
352 425
389 295
389 10244
472 715
522 15231
629 4952
796 9707
1047 2257
1138 15619
1204 399
1812 626
1907 102
2055 115
2315 1172
2681 4358
2970 824
3813 268
5296 275
5403 640
6253 3278
6526 1032
9297 4015
9547 268
10168 599
13951 104
65 934
279 3709
316 1387
319 1381
324 12138
326 290
413 280
471 570
533 285
790 117
862 295
1034 2279
1692 1765
2227 272
2776 11907
4144 285
4336 5749
4625 3211
6496 739
6513 455
8548 596
11818 1073
13094 99
32 13422
99 487
104 356
265 119
299 277
304 815
322 308
325 433
341 67
378 440
390 15734
513 7272
580 285
642 529
656 285
722 281
740 12529
1016 105
1047 7235
2051 280
2845 49
3696 427
5688 3111
8507 529
9603 1619
10475 268
12276 924
41 1869
68 67
70 2847
97 530
266 564
279 1744
292 432
394 1963
429 3470
516 291
728 983
1386 281
1451 50
2643 285
2667 550
4440 295
4513 268
4927 4927
5262 5431
6541 285
7016 315
7674 3028
8678 730
9484 1147
12212 732
71 384
72 67
80 69
83 77
117 122
299 302
459 346
636 97
760 275
849 8813
889 585
981 97
982 13261
989 56
1008 13365
1114 6767
1809 1849
2142 10639
2202 267
2953 732
3570 593
3891 267
4293 111
5380 739
6209 40
6311 1521
7115 290
8636 647
8800 591
10117 661
10759 945
12502 1168
14169 314
15760 4285
34 59
93 40
98 272
110 295
125 5670
287 307
322 497
345 15424
417 2676
426 6632
521 103
656 5204
879 1357
989 54
1003 3581
1008 1501
1191 1165
1355 631
1401 263
1753 10427
2848 11512
4236 115
4874 4749
6337 707
7197 556
10071 97
11849 4948
68 855
80 97
87 65
301 697
313 97
341 395
438 554
454 8673
462 97
493 104
627 112
1225 11062
3336 366
3425 821
5276 315
6501 759
7995 315
8881 6912
10014 530
14211 1013
14589 290
103 3134
110 277
115 276
122 275
267 2048
270 977
287 9233
321 97
333 1095
390 943
434 2695
810 267
814 97
1017 295
1522 1628
1900 315
2039 1967
2110 1434
2465 276
3341 1110
8439 290
14441 399
14907 100
15149 1460
32 93
84 4551
111 312
115 599
282 7783
287 492
317 10625
320 315
321 2000
324 97
344 76
350 6824
412 268
459 600
471 556
790 322
1142 1405
1268 556
1478 5044
1580 11301
2741 1759
2883 10570
3136 315
3421 544
3529 562
3940 134
4809 366
5140 7903
7253 73
10346 312
10740 371
10943 7819
11192 1206
11766 548
98 3997
117 3740
284 617
350 3653
390 8998
472 104
766 1881
795 13440
1002 4888
1012 1572
1012 4701
1406 2332
1538 276
1545 8458
2113 268
2556 11545
2801 280
2806 267
3578 6578
4527 552
4977 1550
7098 3754
7977 11894
9876 9881
109 514
281 455
296 599
304 1200
304 9164
368 2357
376 10993
378 283
407 460
418 3709
459 463
471 286
622 2062
629 265
637 360
808 10113
933 692
937 285
1545 582
1592 11857
1949 1542
2263 381
2949 874
2994 69
3209 115
3667 651
3903 3211
4834 824
4968 998
6200 1834
6505 5303
7682 332
7700 309
8323 455
8582 1521
8921 316
9081 11425
9744 4245
11297 6648
14993 599
72 82
104 11220
105 455
116 780
117 738
287 1837
296 582
301 410
418 8460
689 528
726 396
731 2162
1308 443
1416 2424
1776 3186
1846 2202
2816 5459
3326 54
4286 309
4918 111
5154 593
5201 276
9069 109
9207 7636
10034 299
10943 11618
273 11710
277 295
279 266
291 404
306 460
307 701
316 392
541 491
728 4749
989 55
995 657
1097 6341
1287 394
3035 112
3060 10542
3326 51
3366 13580
5595 283
6599 5431
8235 374
8540 15148
10596 300
11163 2056
14925 365
83 1098
104 288
301 502
345 7196
384 10767
415 109
416 4323
740 15376
1278 12342
1502 1247
1559 268
1583 97
1922 2847
2528 1659
3134 1387
3505 276
3769 499
4497 539
4534 15615
4565 8955
4959 6577
5816 4259
6873 122
7025 295
8837 701
8960 943
12808 4368
274 907
277 477
291 103
291 112
311 473
313 681
350 10686
383 623
402 10934
471 12765
514 351
566 3591
568 15328
660 14249
682 45
698 275
707 268
833 4064
1151 323
1464 276
1692 1328
1829 101
3271 761
3597 823
4067 462
5079 281
7442 2501
9697 285
9759 651
11137 3055
12239 427
12351 538
14193 290
77 99
114 1677
300 642
336 1909
378 1665
390 405
402 771
413 830
536 348
602 495
849 102
860 6860
883 268
1108 380
1157 3043
1257 267
1308 375
2341 6647
2839 295
3477 497
6344 554
8081 497
11023 365
11888 371
12617 2491
12835 449
65 4184
108 924
267 3515
317 121
326 1437
388 1963
390 285
414 115
930 14974
985 14475
1126 9165
1282 6563
1483 379
1545 329
1708 1439
4462 115
5313 285
6303 427
6430 6531
8625 732
9104 380
10480 330
11117 347
11251 351
11593 8533
13296 308
16734 321
41 654
282 9502
284 479
301 3807
390 6707
416 2251
418 1738
431 557
524 266
534 361
536 2202
706 834
795 380
836 3805
1225 970
1267 1738
1650 12108
1800 353
2783 443
2832 276
3411 115
4265 497
6051 1292
6598 549
8639 102
8709 974
9125 616
10376 285
10957 651
11046 281
12253 582
66 76
85 77
99 1083
106 1033
120 120
287 2493
299 404
317 351
323 1759
461 15538
727 290
735 14033
2639 1825
2863 10817
3019 661
3608 555
3761 16519
3945 285
4628 307
5212 5303
7029 276
9569 414
10865 14174
12933 1206
69 372
117 105
324 830
344 10811
413 487
446 799
459 365
472 308
502 97
689 268
991 3961
1026 885
1589 8481
2007 1200
2134 9243
2783 1259
2848 111
5820 14110
6267 2745
6700 804
7304 2522
7651 2128
7691 2457
9940 580
10149 462
10895 108
10957 365
11074 432
12322 455
13352 12733
68 76
68 348
82 475
100 1166
108 366
295 286
342 2279
382 295
390 1375
413 512
446 6655
627 14879
778 316
790 2493
912 16652
1344 1168
1458 6629
1713 2097
2208 687
3073 51
3678 425
4394 71
5079 653
6768 8501
9009 857
9108 1601
9836 427
11174 315
12580 1013
12631 616
12632 465
14021 9425
69 302
112 402
119 540
274 599
279 951
322 477
332 1005
389 323
390 506
459 1896
463 117
510 267
522 1623
532 1539
608 6602
674 620
978 117
1138 116
1218 11616
1908 946
3005 1244
4984 496
5560 651
5802 4099
6161 277
6448 658
6615 2668
7482 813
7575 878
11946 539
12086 2969
14200 5148
14383 290
66 4794
86 320
98 725
108 5853
109 380
279 392
311 8509
320 347
334 299
378 823
611 1373
676 1659
790 7615
1042 462
1702 860
1705 291
1907 285
2380 5197
3227 501
3336 635
4154 1468
6308 701
6532 1449
6772 69
8394 97
8786 4111
9526 6962
10987 3719
11176 309
68 365
80 76
281 567
296 5115
344 14287
382 4493
411 497
423 14248
456 276
537 537
551 1005
1253 495
1476 557
3414 998
5469 2252
7104 497
8476 1053
9352 1259
10511 115
10782 1005
11074 1013
12125 115
78 78
109 351
270 6226
287 1738
362 1934
419 626
426 2178
431 69
438 2156
446 3222
446 3468
459 10455
522 14164
636 771
821 321
982 835
1063 276
1100 3925
1566 661
1697 351
2024 730
2258 1561
3377 116
3587 272
3840 111
4441 55
5876 404
6380 119
6564 101
6863 424
8355 1501
9433 738
9595 346
9712 855
10135 1405
11835 309
14497 1163
66 326
101 298
287 348
296 286
350 432
356 638
394 286
416 8828
459 3242
536 7862
563 13123
790 485
957 115
973 1042
1082 3716
1489 114
1768 8560
1774 40
1900 276
2452 111
2940 2805
3326 55
5045 1373
5366 905
5698 1778
7024 2404
8700 361
8968 6691
10927 462
12039 1717
84 86
106 286
108 1151
113 7184
284 992
380 424
412 106
413 16069
671 1975
868 10436
906 710
987 277
1178 101
1421 11377
1667 99
1734 508
1838 285
2574 315
2694 323
2792 120
3683 9881
6898 1259
7338 115
8332 1869
8431 275
8771 732
11012 8389
11330 907
11789 761
67 3301
72 105
291 266
409 1035
608 13426
633 501
689 1398
1202 1449
1358 664
1639 931
4997 16525
5099 12260
5650 314
5766 3772
5785 479
6049 101
7117 543
9640 976
14610 89
43 43
262 12847
282 13842
306 6866
311 1380
313 716
324 10253
345 321
378 67
389 339
431 902
503 12435
513 4047
522 13969
800 115
879 15253
883 732
1649 263
1664 13482
2436 1852
2634 381
2981 1948
3597 1182
3623 315
3761 5053
4910 49
5858 268
7072 290
9110 314
9236 3848
9999 290
10764 285
14805 1135
92 3965
110 979
279 465
341 2275
376 2289
378 325
390 1183
411 5053
476 3805
557 302
693 15918
762 3487
914 7287
927 1165
1139 394
2099 562
2193 275
2197 1677
2812 606
4997 276
5972 295
8366 112
9433 979
13968 500
14712 263
16231 11762
74 117
100 267
296 497
296 8156
378 4155
426 1891
471 11134
472 342
483 8472
531 3182
608 10543
644 1089
1255 56
1267 329
1563 271
3074 263
3283 809
4200 1619
4871 462
4871 6414
6032 353
6368 366
7977 348
8990 664
9407 897
11256 2393
13752 1180
61 34
83 520
100 506
107 103
195 151
274 3215
275 104
279 479
284 4601
287 7423
306 414
350 15505
382 8061
395 111
431 320
434 271
434 5773
454 436
459 527
471 83
577 9479
812 2487
1138 102
1278 5528
1293 1029
1416 2945
1633 285
1975 275
2215 1477
2473 508
2722 1151
2853 1072
4154 752
4959 815
5338 491
5380 1262
6070 2755
6105 539
6337 677
6502 11077
6685 2012
7289 5678
7577 495
9725 11754
9735 1268
10655 13663
10716 319
11378 277
12566 9424
13133 501
14430 496
73 79
108 5869
109 397
116 634
119 505
286 425
311 263
314 267
378 2182
519 286
532 929
960 1075
1138 3553
1379 39
1803 2033
2853 285
3119 10382
4602 1701
5108 424
5207 1640
5280 69
5556 921
8318 1061
9142 1301
12414 295
70 70
105 501
121 268
311 110
328 1612
390 10080
402 379
415 3848
416 600
426 116
433 351
482 401
511 5557
611 111
681 427
749 276
798 548
886 2501
1343 12470
1386 574
1699 100
1862 612
2284 285
3039 14785
4968 374
5259 404
5973 1200
6599 631
9864 285
12893 3083
13050 276
13609 1183
13707 1147
16059 616
16166 462
66 82
80 1033
98 860
115 3840
279 1294
329 739
362 11986
390 1319
416 8872
417 1695
418 1398
434 280
446 815
461 14263
470 4730
589 298
965 1659
1470 1759
1592 111
3943 68
4086 943
4240 124
4441 53
4532 115
5753 1665
8612 840
8819 1516
10035 2162
10747 427
13911 12119
14976 1131
107 835
114 2139
265 705
341 1274
344 13763
461 100
482 8516
790 12588
861 322
1008 118
1236 931
1244 314
1446 285
1987 826
1989 276
2063 455
2794 4848
2834 639
3307 285
3883 757
4021 10803
4101 10664
4574 392
4911 3368
5141 12774
5390 275
5668 478
6150 3396
6258 624
14886 315
84 79
86 280
100 9727
104 283
107 599
114 400
114 673
114 1825
262 6577
266 2144
283 495
316 98
316 497
331 16874
356 353
363 6012
413 822
433 574
536 714
554 120
659 7284
731 12037
896 5433
1521 315
1611 55
1688 5773
1782 1469
1921 276
2075 501
2336 5222
2497 15423
2735 298
2963 290
3142 761
3406 4664
3440 495
4365 281
4567 309
4750 1767
5432 523
6221 285
8103 272
8396 528
8743 8553
11501 544
12944 353
14145 432
14535 16394
84 82
270 2244
284 905
284 1200
289 104
362 107
394 977
395 399
416 121
426 83
426 14582
431 638
459 487
546 1757
576 115
666 298
812 406
899 10829
1139 636
1461 49
2476 16987
2642 8594
2938 5995
3018 2913
3196 365
3486 99
4067 1070
4585 285
4955 280
6071 13306
7065 295
7505 1452
7835 276
8377 497
9319 295
9355 7075
9585 302
10199 651
10448 1168
11978 366
12462 365
13871 116
70 1808
77 397
80 710
108 286
431 1124
438 1183
459 1469
522 2629
689 121
796 312
1472 396
1907 5237
1925 300
2341 7101
3543 309
3721 1303
3970 68
5023 79
5203 276
6659 309
6706 2665
6917 443
7359 4135
7580 3159
8269 15908
9712 578
9776 462
9990 424
10795 361
14039 1868
15775 295
68 115
268 902
325 850
338 424
345 14467
368 3240
370 115
431 280
459 354
471 515
522 5664
533 450
602 7256
736 366
790 1412
1043 738
1583 905
2541 710
2604 2064
2627 397
2661 1328
3134 1035
3378 268
6765 16262
6927 1724
6974 6830
10378 7655
12515 427
12824 283
13973 280
14095 11837
68 326
69 1612
100 3015
112 277
123 45
282 14804
306 265
311 2493
325 111
390 281
656 787
831 102
1504 272
1545 1881
1594 1298
1718 404
2274 13533
2417 5386
2472 374
2535 315
2823 100
3089 2463
3154 1270
3326 49
3535 6407
4625 1270
4667 276
5008 752
5168 3653
5306 105
11148 105
14316 315
74 2133
266 97
292 3815
311 770
312 567
356 406
374 462
421 998
434 354
437 286
446 12298
452 103
626 267
637 107
855 285
1237 2102
1566 8292
3074 97
3077 1072
3360 47
3636 409
3901 4198
4779 3137
5099 13858
5986 3216
6686 574
9189 315
9581 310
10009 998
10311 593
10759 2248
12721 717
15838 276
107 109
112 380
262 2133
390 540
412 8824
430 97
431 823
431 11315
705 97
863 885
1215 10608
1825 17051
1947 98
2472 9385
3317 13153
3923 115
5295 17230
5692 4103
6178 263
6202 1090
6501 1778
6551 8646
7693 1083
9703 730
11125 1117
11409 366
11720 550
12585 2834
13517 550
16831 3222
84 402
97 5122
109 556
282 16089
285 295
285 832
291 624
301 11462
311 463
389 327
390 917
438 79
471 2847
822 425
1228 275
1558 2513
2341 428
2867 899
3073 49
3104 1035
5565 7296
6838 2821
7617 653
9617 1915
14108 478
273 303
286 295
296 12224
336 86
413 1583
457 16966
527 310
702 406
731 1328
800 360
973 475
1139 12337
1213 10474
1282 17295
1354 6141
1565 408
2429 508
3193 268
6014 2133
6200 3085
6229 6870
6958 361
11359 496
12075 115
14565 1893
14718 950
16502 16319
262 314
282 624
291 286
914 8484
977 298
1227 1542
1825 492
2530 381
2661 8428
2778 539
3073 50
3656 285
4441 52
5142 285
6233 351
6352 567
7801 276
7824 10147
8047 395
8326 353
8461 361
8784 738
9985 979
10183 1113
12873 1029
15128 79
63 41
73 88
78 70
109 5725
116 1041
264 15637
270 351
289 332
291 263
341 295
356 105
378 512
390 450
401 2441
410 1509
438 327
459 1816
633 1303
841 100
1069 544
1126 1412
1138 286
2204 290
2573 1131
2938 479
3326 52
3921 574
4486 8517
5278 6923
5517 549
10070 717
10330 276
11709 1773
14677 921
65 1162
106 101
114 1061
270 9302
291 2826
311 322
334 5222
341 4953
364 2850
378 406
389 83
389 351
500 286
995 977
1012 4417
1126 405
1150 1891
1236 1540
1934 330
1950 574
2259 3292
2573 276
3516 921
3733 5120
3833 1257
3921 281
5688 850
6049 7795
7137 263
8665 2277
9345 268
11852 115
11992 556
13641 3840
13785 12694
68 3619
110 308
195 163
270 392
270 8116
324 346
350 288
413 6563
499 101
513 16498
522 16709
1186 3115
1462 10864
1786 371
2191 1878
2258 525
2965 92
4105 5148
4861 107
5565 8342
6419 285
8081 365
8600 76
9248 455
9268 760
9413 850
9777 8652
11989 13734
66 815
87 327
112 1243
268 680
284 6567
341 348
341 432
383 121
390 77
390 557
504 98
681 405
735 110
849 13141
1066 6786
1267 485
1803 13768
1809 271
1925 3257
2333 116
2503 10381
2584 495
3264 1131
3361 5118
3390 5439
3970 69
5560 497
7963 692
8527 276
8573 5486
11864 371
12945 109
13470 2441
14050 360
14356 1780
69 3132
83 119
324 841
334 666
334 3009
382 327
389 414
431 323
434 3393
438 365
492 1192
629 309
890 97
1167 1942
1319 111
1327 371
2933 48
3134 1270
3513 508
4716 432
6132 2513
8526 11317
9138 5237
10301 427
10991 285
14533 554
14657 361
71 115
101 276
268 290
296 16482
297 1612
328 17266
333 98
341 898
341 1207
400 275
413 770
413 2423
513 15437
678 13187
728 1569
849 16363
877 268
1515 6643
1632 574
2061 6573
2344 15756
2599 115
3350 898
4262 295
4443 2051
5159 494
5522 2866
5807 1262
6182 5922
10820 104
11773 280
12526 371
13106 443
15016 308
76 1816
109 1121
277 117
282 295
288 2513
313 16478
324 5082
332 4941
390 639
431 399
434 6900
461 15861
580 121
722 285
731 582
884 2266
1255 55
1318 99
1360 4255
1406 555
1907 11239
3119 11844
3129 68
4571 283
4574 397
5159 1659
5362 276
7011 309
8520 276
8766 3200
9498 1525
9707 276
11297 528
12052 1013
13190 3017
14099 16620
79 9987
98 271
102 824
277 717
302 885
306 2094
316 1663
339 1677
378 66
388 3655
459 7962
471 2049
671 1311
770 105
1369 1090
1602 275
2373 111
4156 8042
8835 931
8884 263
10148 365
11146 2850
108 3013
116 662
262 1744
324 799
341 641
344 82
351 730
378 5082
385 286
431 411
459 4155
571 4550
755 1113
777 1452
795 3617
879 455
985 526
1015 1013
1023 276
1043 13460
1255 50
1369 116
1428 424
1489 323
1560 8348
1633 115
1797 116
1931 574
2472 647
2479 103
2783 1770
2898 69
3565 730
3663 121
3733 295
3979 3216
4332 664
5185 57
5552 593
6053 276
6384 379
7010 115
7359 3405
7505 399
8416 275
9351 309
11397 302
11559 590
11860 115
15511 3085
16001 352
17031 9417
37 782
98 534
102 1192
266 114
277 105
292 13492
295 752
429 101
449 465
459 348
558 9740
568 310
597 4686
731 11794
743 286
996 544
1343 9727
1386 455
1636 12425
2017 1147
2653 424
2801 4973
3496 112
5380 3401
9410 449
9500 276
10040 365
11256 267
11769 7677
12306 280
13615 1456
13974 115
69 85
108 277
111 827
279 9962
282 10196
296 491
296 505
306 332
325 268
334 14682
395 1207
470 7611
572 104
613 99
778 3716
861 15516
948 3515
1266 5869
1511 13056
1636 111
1798 1982
1921 1147
2408 276
2436 663
3577 1259
3691 424
4620 121
5861 425
5883 638
6198 115
6467 115
6517 701
6594 110
7784 623
8235 998
8417 1998
10588 286
11738 352
12314 512
13560 277
109 840
274 356
274 13111
295 462
302 392
311 832
402 3861
608 316
709 12382
752 399
1015 432
1160 1852
1507 549
1809 17119
1985 850
2084 11893
2477 276
4317 309
5281 819
5653 315
6037 4697
10216 15497
14254 2711
16126 6832
17025 7378
72 483
74 714
83 330
102 2073
108 356
263 372
274 716
287 2586
289 1032
292 905
446 1070
459 291
619 3216
703 1274
1001 105
1047 1501
1162 664
1197 308
1233 121
1416 3051
1672 2090
1725 17205
2008 869
2061 12169
2889 275
3286 9242
3314 596
3658 732
4033 84
5561 276
7142 1111
7252 309
12547 276
77 2298
83 760
116 407
121 302
303 631
304 596
320 567
341 3840
389 1772
397 1132
443 115
482 12964
778 580
831 115
1043 115
1126 10963
1737 885
1764 268
1767 2248
1918 356
2120 18087
2201 325
2201 404
3645 394
4752 7113
5150 116
6618 285
10528 760
10576 4961
10740 593
65 2352
66 409
75 605
112 951
274 1460
279 1301
283 353
284 523
287 5579
311 290
336 323
341 5041
350 1868
426 11945
477 321
597 4493
597 9783
691 10352
1016 366
1255 51
1431 534
2099 1661
2135 1283
2193 97
2581 309
3167 356
3507 285
3744 580
3903 2797
4117 2501
4251 1606
4780 17535
5141 110
5141 501
5159 11779
5601 4781
6722 115
8007 847
8221 1818
8745 280
10596 3257
11096 109
11119 310
32 5256
68 1166
69 688
111 402
274 1087
277 3754
304 573
324 604
389 86
413 14327
513 13681
536 770
536 841
685 308
743 1286
883 3090
1265 869
1432 400
1991 680
2061 13300
2160 356
2190 315
2533 9762
2883 115
3565 1531
4268 1187
4365 550
4441 56
4454 6257
4597 427
4620 775
5783 549
6763 4055
9197 276
9513 85
9598 497
10531 4418
15144 300
32 33
79 75
83 2631
114 761
262 14544
282 5238
311 492
311 11063
313 658
324 66
378 1192
378 16402
402 1956
407 276
412 12348
427 3030
438 1210
517 17758
602 539
707 353
933 276
1016 1400
1545 491
1885 1407
2627 717
2985 102
3031 11941
7452 548
7542 286
8213 2185
8635 268
9988 920
12797 701
14593 374
14688 770
85 73
102 271
196 171
274 432
311 1572
341 87
431 409
459 6520
493 12090
546 106
990 2094
1451 51
1995 10664
3074 1976
3252 5204
3751 1338
7117 319
7224 1778
8962 121
10371 1375
13038 365
14014 101
14038 1346
16409 366
17242 574
17571 104
99 714
102 1251
108 4164
110 325
114 312
298 495
311 1180
343 101
346 286
350 580
384 115
411 500
434 370
438 286
452 2232
471 65
517 2081
610 119
610 3485
655 1879
1451 56
3268 1132
4033 69
4174 1151
4361 455
5476 290
7577 286
7723 414
8507 1654
9152 730
10449 578
12134 946
13524 479
67 512
114 596
269 281
304 949
305 4550
318 920
330 621
382 105
387 39
413 516
418 491
426 88
426 8177
522 310
602 10111
693 3121
1212 276
1321 16976
1457 266
1560 17883
1563 121
1992 10194
2452 1982
2615 501
2965 44
2981 275
3649 3090
3872 276
4018 890
4108 5650
5322 276
7183 33
8148 16336
9110 298
9745 3320
10466 97
12889 527
13098 115
14003 9010
45 44
69 805
103 7710
106 291
114 759
115 1050
116 105
311 4542
318 111
324 516
331 1738
336 715
378 6679
384 295
384 992
396 2820
426 76
431 327
470 5115
482 414
493 500
577 2251
734 4941
972 1323
1285 115
1880 121
2581 272
2614 101
2783 2895
2919 272
6328 353
6681 3121
7365 3085
9098 2931
10874 295
12324 322
13159 319
13351 3013
14321 496
15804 804
18201 764
66 314
95 92
100 263
108 580
195 166
277 761
290 285
341 300
433 1005
891 121
985 8683
1273 738
1504 6675
1964 752
2007 3690
2416 921
2445 2925
3890 1525
3905 460
4394 75
4726 1761
4880 381
5022 2931
7160 97
7839 351
8771 1357
12776 5031
15565 16470
16527 283
72 76
85 80
103 617
302 286
324 352
350 327
355 11368
359 1521
367 7419
389 300
390 380
416 530
431 281
438 329
709 271
856 567
944 271
988 18025
1313 107
1416 1416
1621 1005
1806 10194
1844 268
2020 463
2100 351
2132 1005
2604 992
2843 275
3110 17462
3535 7296
3923 717
4326 4469
4527 15800
4910 56
5071 1982
5079 8617
5129 2279
5468 285
5645 4150
7010 276
7024 2490
7027 14702
8327 3434
8928 424
9156 5742
10088 14340
15168 290
15583 1970
66 80
92 93
114 1874
263 15088
274 1670
276 662
279 1084
317 5266
372 479
471 2522
513 2779
522 18040
641 268
683 667
914 366
989 57
1047 13036
1308 97
1448 10410
1825 353
3227 112
3231 12301
4200 574
5123 115
5562 14476
7666 409
7705 276
8995 380
9581 11994
9763 1717
11515 380
13849 1013
15380 603
70 573
93 91
110 120
298 101
301 705
336 13271
385 998
389 2690
394 657
394 8226
395 298
463 636
518 16100
533 2487
806 108
1432 3383
1495 1032
1520 7635
1739 3904
2258 15699
2352 275
2774 286
2992 399
3262 276
3649 409
4440 701
5022 1050
5281 3083
6182 275
7067 115
9271 1909
9569 267
10271 8348
11006 365
11257 460
12872 1200
15309 447
16716 366
77 79
116 855
267 105
274 6459
311 384
313 2034
378 79
413 5358
446 6224
471 80
472 365
503 75
777 3090
925 2513
952 759
985 3920
1253 1089
1278 684
1424 1540
1428 290
1709 525
2411 1948
3035 99
3272 375
3604 309
3954 549
5359 1874
5682 601
7137 473
7590 268
8506 869
8833 1090
9113 111
9256 1070
10959 673
12189 285
12989 905
13825 366
14783 7295
34 63
40 123
49 1416
102 14052
266 1663
280 494
282 432
282 2202
286 316
287 281
287 681
295 1881
302 1244
316 463
324 308
334 491
406 4155
413 380
546 2629
566 13298
595 9961
1128 1375
1160 108
1186 4218
2508 278
2550 2913
2708 280
3279 1661
3361 8320
3899 2332
4007 497
4054 479
4374 5242
4638 1290
4957 552
5071 13213
5395 121
7205 460
8327 3211
9973 16047
10030 315
11592 6385
13500 427
17054 16095
84 70
284 2251
287 449
292 365
296 1398
311 346
376 298
419 105
419 2754
423 1936
434 76
438 276
438 5000
471 2268
731 73
741 266
806 2409
877 12940
1028 285
1667 12656
1768 5116
1805 409
1807 4613
2304 2687
3002 115
3314 447
3460 16873
3751 7954
4002 115
4795 392
5039 352
5071 2090
6132 2143
6203 281
6441 3353
6468 353
7583 285
9776 13102
12973 496
15332 2850
76 512
80 799
98 329
109 365
110 117
263 308
296 666
296 13194
301 4129
308 567
336 71
389 3015
390 76
459 11914
471 271
472 12622
482 14203
627 979
706 3883
735 7419
1318 4989
1467 280
1611 56
3438 405
3962 3376
4251 2592
4306 844
4984 1404
5383 12437
7801 285
8462 1070
9967 427
11196 556
14196 4837
15293 501
15597 1210
46 40
70 469
72 291
92 123
292 12205
304 17412
330 11512
341 16683
370 612
385 291
471 401
471 440
472 511
517 2764
602 17732
610 14756
947 115
987 5844
1141 3983
1518 16329
1609 280
1867 280
1905 108
1931 281
2373 118
3084 664
3529 813
4209 508
6118 3622
6219 68
6471 411
6526 112
7812 352
9952 115
10634 957
11931 17882
12404 110
13581 1320
14178 1086
14568 12612
15557 115
17301 820
17927 1338
32 511
93 59
97 97
98 10080
99 2018
109 105
112 8455
115 1165
265 318
267 285
274 580
283 529
302 285
311 1656
317 9249
323 1553
342 1131
378 1479
394 121
418 288
426 98
522 104
602 13670
656 103
742 2424
907 97
914 9064
1202 329
1236 2616
2692 850
2792 2568
3868 2046
5656 6832
5712 353
5736 664
6158 115
6993 1296
8635 409
10430 11880
12052 405
12467 2959
17114 2393
82 3303
83 3778
84 1086
99 392
264 460
268 107
274 832
284 114
301 330
302 902
334 642
378 4465
409 276
472 2784
533 10683
562 122
650 7061
702 309
711 1187
736 17515
911 15240
925 10465
1077 375
1807 267
1926 32
2160 12178
2208 6080
2690 309
4461 14645
5137 380
5383 3740
6181 697
7126 552
7736 327
9097 267
9870 6075
13214 285
13312 276
14873 2710
15430 380
68 2546
108 365
262 500
277 3619
312 286
342 527
356 922
359 15085
389 356
414 1915
434 10555
474 1456
476 798
541 814
951 115
1202 713
1216 424
1317 15389
1923 101
2432 1540
2689 1742
2888 268
3437 263
3769 4072
3806 6212
3826 2368
3835 276
4326 111
4882 539
5451 495
5826 353
6014 11893
10435 6831
10471 692
10777 115
11133 309
11154 374
11789 653
15478 13972
97 283
101 529
104 14987
270 921
271 404
271 4568
289 11063
306 514
311 1910
341 69
345 9083
385 550
390 771
390 9381
431 1606
431 8056
522 4411
546 2199
633 433
745 5738
914 617
1058 631
1553 118
1649 5148
1708 281
1735 585
2333 310
2457 885
2928 381
2963 1357
3342 469
3564 69
3654 2493
4839 2895
5366 1070
6481 381
6855 8577
9067 3368
9397 820
10576 840
13270 1550
15753 17696
66 115
83 1679
97 854
99 465
110 505
122 111
271 323
287 504
296 116
296 1400
305 4173
378 69
685 3848
724 409
1037 13666
1059 109
1138 2455
1476 17058
1494 804
2215 3090
3733 701
4128 898
5089 1298
5112 477
5278 673
5322 115
5508 544
5610 115
6347 12702
7593 424
7883 447
10491 1811
11037 574
11346 936
11645 1404
17304 976
45 40
74 591
76 823
80 280
114 885
280 286
282 374
289 1521
380 268
547 342
599 283
665 300
1017 1874
1714 371
1783 374
1803 6335
1842 4110
2313 946
2449 48
2843 272
3964 813
3987 268
4657 2654
5555 3925
6746 6881
7900 109
8888 263
10307 631
10551 662
10953 585
13021 1320
83 107
83 430
112 9400
262 1834
262 2414
277 2143
289 8213
299 3562
319 2745
323 840
379 276
418 443
421 550
426 82
454 479
626 946
665 729
691 492
1228 104
1436 511
1903 17245
1923 97
2171 10107
2875 950
3031 353
3215 6530
3410 276
3526 437
4565 642
4606 1151
4734 6503
5091 4749
5272 4784
6822 84
8384 1773
8655 18250
10628 462
11374 497
11931 8183
12615 351
14276 8533
15084 573
68 84
82 515
239 191
270 113
271 2513
277 320
334 5933
368 1286
378 82
390 4207
416 97
426 78
459 2216
459 5454
476 272
514 11862
522 13924
633 549
685 286
689 406
697 1132
715 285
731 830
770 567
798 2513
1126 997
1451 55
2142 409
3312 36
4361 550
4990 268
5656 8340
5895 425
6311 2850
8020 562
8268 4888
9106 2143
9728 285
10219 931
12796 764
13064 1890
13379 508
14960 775
17126 309
74 1710
109 791
109 1891
112 666
195 186
274 3121
279 2391
283 381
308 1539
341 411
350 73
389 729
390 463
476 16544
511 662
610 16965
728 1523
888 1301
1043 2857
1490 1460
1589 1810
1611 537
1723 110
1862 7903
1985 3427
2530 424
2574 497
3439 17448
3667 315
4441 49
4583 8389
5911 497
6987 373
8422 1222
9006 379
9447 1516
11827 752
12644 920
13243 455
13606 318
14332 12813
17300 1371
67 281
71 70
83 85
87 1837
100 374
102 1744
105 1948
107 707
115 1171
263 4112
268 661
284 2391
287 13563
304 813
313 5346
324 67
341 356
350 299
378 342
389 830
413 639
437 1013
471 6124
532 7783
731 5838
1059 97
1267 4819
1343 111
1431 2033
1475 664
1687 8974
1987 18260
2083 4664
2126 285
2264 115
2301 681
2500 1373
2891 2199
3221 404
3258 176
4914 4417
5129 1890
5418 1404
5474 268
5683 878
6764 1516
8043 302
8055 276
8423 5749
8734 2925
10009 295
14631 9197
18992 189
40 34
45 62
50 2388
65 1477
99 6153
106 469
273 10907
305 342
311 7912
318 730
416 2439
452 309
522 570
636 13453
740 19086
790 936
877 15445
971 123
1034 318
1066 115
1255 49
1358 662
1378 10496
1653 455
4219 115
4228 263
7000 3121
7420 281
9763 8975
11691 309
14400 11472
15576 361
103 365
109 103
276 1712
280 1270
283 8182
297 275
320 2470
324 327
324 351
341 5296
341 10760
356 327
374 298
374 1373
378 936
426 323
426 12963
438 115
452 4960
514 298
524 291
627 3772
659 121
689 17141
762 2388
875 1623
959 998
2041 525
2544 1286
2897 834
2963 374
3231 15418
3534 3090
3764 705
3936 309
3958 116
4035 13520
4394 68
4795 573
4834 868
6268 276
7458 869
11928 1834
12589 3814
14216 379
15378 275
16515 145
16877 97
17690 121
84 5530
103 465
311 1006
390 271
409 267
454 11183
551 10523
629 8292
637 658
1060 1405
1128 905
1441 6525
1548 921
1812 348
1868 1319
2705 974
3014 5637
3075 7031
3119 16380
3315 69
3683 374
3845 1028
5399 285
5766 1356
5792 739
5859 7075
6239 330
7321 10356
7833 399
8884 7511
8934 104
11682 315
17459 404
38 92
75 69
79 5564
98 5443
102 6569
112 2732
274 770
282 2414
291 2062
378 12205
382 7782
418 653
426 1964
426 15808
472 300
518 314
602 2376
636 113
689 8697
1112 5115
1341 599
1564 366
1589 759
1732 8765
2801 534
2862 115
2886 315
3390 2988
4372 365
4419 432
4441 54
5217 1540
5848 651
6296 920
6691 661
7456 315
7692 5637
8301 2357
9166 275
10463 1013
10898 1124
12236 277
107 277
274 544
275 291
281 111
297 12476
336 1323
350 402
368 277
377 291
390 1400
400 539
431 443
454 603
461 3925
637 514
691 687
709 397
709 1375
740 14390
861 10640
1059 1750
1174 115
1585 1319
1754 12906
2069 1757
2428 1135
2839 108
2928 281
3156 443
3654 1765
4299 268
4574 15567
6085 19174
6927 105
7090 10220
7092 539
7119 1290
7577 2025
7702 9010
8499 286
8776 4015
14195 395
15056 9192
16631 108
32 917
70 473
72 4092
78 5655
118 411
118 479
262 8339
277 308
277 399
279 8428
332 1477
336 120
350 716
387 43
413 1397
441 302
471 346
580 286
674 16049
689 346
837 1866
842 5579
868 99
945 1852
1451 54
1545 4099
1859 885
1918 308
2497 374
2661 1106
3190 6740
3221 373
4275 275
4320 309
4486 16314
4569 653
5299 1663
12754 701
13216 1283
13308 508
14513 10528
14930 862
15314 366
17721 111
77 82
98 841
100 2523
103 1437
119 10966
262 432
270 514
289 2048
296 15340
336 18072
374 285
378 2994
394 625
412 9189
431 381
433 332
435 5528
446 713
518 890
588 6990
681 1032
725 115
728 272
877 12120
972 835
1021 353
1378 299
1992 4663
3035 3569
3431 97
3654 591
3730 377
4133 1172
4669 642
4833 1172
5469 3083
5819 895
6598 9682
7824 15279
7921 1563
8595 1283
15157 1123
15553 285
69 278
71 9254
98 308
98 3555
109 992
125 6650
285 97
305 720
324 4572
339 523
389 432
390 1574
416 453
416 462
434 462
471 8752
472 17521
532 681
563 6169
571 9313
709 405
769 2676
779 18034
812 1243
900 1933
1122 5431
1126 6619
1502 17811
1564 298
1621 6957
1829 596
2054 16424
2422 424
2689 1073
3087 8680
3423 1753
4189 308
5059 276
5538 366
5645 17348
5802 1050
6313 1459
6329 353
6364 77
6456 276
8055 285
9114 1090
10069 4259
11222 1460
12398 603
14253 2784
15234 7295
66 86
78 79
109 400
271 2143
296 7646
324 2393
341 105
341 2020
380 1072
389 18947
393 697
627 11957
716 659
755 1147
881 1098
991 2636
1012 523
1257 104
1611 54
2889 664
2950 612
3217 556
4834 9596
4910 52
5162 115
5349 14797
6402 298
6432 280
7142 3254
7647 15435
9485 17894
11269 3242
13452 5725
13490 10866
14078 9682
100 1286
110 673
262 10780
284 791
287 707
287 12191
297 17329
378 18793
389 902
421 8967
431 17312
517 625
536 105
711 14991
731 351
1020 1640
1474 5265
1735 7422
1739 4663
2175 15862
2386 9993
2806 437
3763 160
5635 11340
6508 500
7266 1540
8013 1339
10601 1303
11766 1045
15068 3598
16331 1579
41 782
66 68
69 2463
77 97
112 420
274 15078
277 271
295 380
302 402
341 86
362 11329
389 1005
389 3632
433 272
434 16516
487 920
742 3051
902 272
1012 7912
1046 315
1127 1085
1369 1088
1408 281
1545 1509
1556 52
1692 2359
1862 400
1904 121
1919 276
2019 3515
2366 1183
2587 550
2614 116
3060 107
3491 128
3534 1111
3890 3257
4871 7398
5611 869
6080 752
6222 353
6502 599
6517 121
7708 379
9757 276
10183 552
10229 606
10418 17447
13421 657
15114 567
18712 530
87 72
282 814
282 9610
311 596
334 1529
341 379
362 394
369 4844
407 1053
434 540
454 105
479 18498
613 2459
683 4242
708 263
724 8288
790 813
810 6758
812 5995
831 2178
1137 4142
1420 440
1490 295
1783 365
2405 16179
2701 268
2748 1243
3544 659
4108 752
4565 1852
5150 3473
5522 721
6001 16507
6396 3717
6638 730
8312 905
8636 2459
11656 1165
11792 309
14002 5678
15443 425
118 111
262 346
282 342
286 9782
287 300
287 657
307 271
311 1583
317 6522
331 286
350 1937
378 485
389 4987
416 320
454 16284
509 1316
666 642
731 82
737 14848
742 3000
777 1357
1840 946
2049 104
2479 13566
2701 2850
3035 458
3332 425
3545 14133
3673 365
6182 110
7440 295
8024 276
10630 4240
10980 263
11160 365
11800 115
12690 12527
14075 501
15705 496
15752 16642
15755 1937
79 484
99 1328
104 2295
125 93
264 13311
274 771
284 2568
295 856
324 770
378 447
386 603
503 383
728 12792
731 18001
863 5120
1130 580
1589 1778
1662 400
1667 17750
1674 353
2052 427
2610 15390
3038 285
3047 315
3119 6690
3608 2353
5061 601
5219 295
5394 2261
6227 496
6302 3352
6812 92
7065 1712
7993 1319
8020 5847
8381 380
9021 1645
9497 315
10238 14023
10650 3510
10965 520
12900 10757
14224 404
14885 266
16441 631
77 450
111 8477
262 285
267 17995
282 6226
299 100
318 1525
341 495
350 339
375 1787
390 12263
401 271
413 2295
414 99
416 759
509 9504
959 677
965 529
1069 1387
1157 17959
1467 286
1494 1151
1776 2337
1795 593
1803 7103
1862 14665
1885 372
1955 6543
2415 97
2891 117
3638 1035
4475 15904
4919 15352
5366 815
7722 550
9153 110
9468 366
10628 1035
12796 856
13809 500
14455 662
14566 7213
14627 826
15124 115
16084 1656
69 115
69 4431
79 71
103 596
116 885
119 121
279 9089
426 77
434 351
458 276
521 1738
600 878
602 1089
610 112
836 8804
1230 4135
1926 4124
2067 15276
2078 920
3056 361
3561 379
4105 3358
4246 455
4898 1982
7725 315
7846 302
8077 976
8555 550
9497 8335
9629 701
43 40
67 479
67 4613
93 41
98 641
99 114
105 599
282 5579
292 2092
296 703
324 115
327 10394
336 2368
341 17213
350 3181
376 16863
394 2081
418 7504
433 107
471 463
488 463
493 263
513 9525
536 453
580 111
633 4316
801 14398
806 2998
858 3405
1043 99
1150 107
1344 2056
1369 263
1449 115
1568 1095
1697 759
2171 277
2435 841
3350 374
3826 473
3931 5514
4167 104
6056 405
7500 701
7567 2162
8311 115
8833 263
10987 460
11992 667
13950 3975
16583 1601
55 537
65 447
92 782
99 523
119 902
263 2012
279 491
280 263
289 15059
311 570
317 707
329 462
336 1853
341 823
378 1407
389 6778
406 396
414 1132
419 3329
438 70
438 11046
506 100
536 406
546 103
674 6567
721 9426
832 494
930 440
1662 450
2222 399
3761 17902
4089 276
4251 974
4706 381
5161 400
5245 917
5343 527
5428 121
6987 97
9218 653
10360 500
11148 380
12133 2745
12586 11070
15612 642
15722 332
67 1528
102 2931
104 18499
278 97
283 2357
284 639
289 2749
305 288
317 10113
342 5122
360 361
378 4649
414 3790
446 4444
499 112
541 3911
627 277
712 290
735 9062
772 309
848 1881
914 4762
1094 1569
1099 424
1191 353
1278 2953
1406 1407
1410 399
1451 49
1451 52
1473 366
1630 366
1883 281
1885 1268
2104 379
4035 13227
4834 373
5407 2086
5488 921
6508 462
6799 101
7631 2261
8948 1982
9180 394
9287 653
9362 14786
9971 4436
10945 281
11010 47
13856 309
15214 318
15468 3091
15713 9210
18127 634
49 1695
83 82
85 75
99 329
99 5467
101 485
104 110
125 5076
287 899
288 840
296 1212
296 6452
304 1825
350 14866
376 555
388 285
393 120
395 970
470 3865
472 348
518 824
602 300
646 397
649 12752
691 3200
911 681
940 574
1100 2490
1150 529
1186 4966
1330 550
1492 366
1669 554
1832 6786
2116 7615
3279 921
4910 50
6665 285
7577 19085
8531 280
14788 276
66 79
84 5210
100 452
102 312
108 348
108 815
271 291
282 3688
307 425
330 1146
341 11368
384 380
396 101
413 271
416 2491
454 2387
585 110
629 5474
689 117
865 5435
982 14262
1020 14205
1118 121
1148 1210
1360 4892
1432 1397
1611 52
2231 2522
2245 12684
2701 17526
2818 1319
3608 112
4486 497
4851 76
5156 1087
5259 878
5721 280
6194 115
7878 8115
10119 1699
12730 2551
12900 18803
13115 636
13410 432
14241 112
15043 217
15780 713
16463 606
84 76
263 1320
305 5788
336 298
341 72
350 2290
378 462
385 497
389 405
402 281
431 300
454 4579
471 5654
674 8831
1037 361
1080 122
1310 281
1319 117
1657 115
1922 351
2930 276
3009 401
3009 4019
3267 13928
3490 281
3750 2973
3962 4118
4108 433
4461 4879
4480 591
4513 920
5301 14345
5820 275
6476 16826
6686 271
7165 283
8384 108
9580 661
9774 285
10189 115
12166 1541
13457 1477
14056 3515
14650 101
16154 374
66 291
77 4992
119 5038
273 104
274 2229
277 2941
279 1729
289 1404
303 4533
350 2036
398 11158
400 111
412 8695
413 1146
429 265
438 14953
459 1831
633 323
749 353
760 776
877 409
970 381
1011 110
1060 1005
1563 104
1702 1247
1732 11999
1925 18161
1954 14882
2274 3815
4440 265
4461 9245
6049 4608
7463 7310
8063 276
8135 105
9090 399
9205 265
13895 280
14481 263
15126 373
15648 548
16210 280
75 276
109 519
110 516
111 276
286 394
287 1311
289 2948
317 12622
334 354
344 108
361 18374
382 1810
459 4401
482 4848
520 361
580 276
602 907
610 2501
778 950
1812 6577
2097 116
2215 100
2472 401
2674 379
2694 17323
2963 3391
3027 276
3084 1818
6863 285
7676 469
7759 1619
8635 946
8687 16011
9938 115
10126 268
11579 3405
11925 353
13473 115
16445 4245
16600 295
17303 19368
67 514
94 42
114 2012
118 1976
269 1540
270 339
273 3161
311 300
350 268
389 1523
389 2062
390 978
416 72
426 1864
430 3518
446 2568
471 8402
485 425
532 10499
541 2266
599 1195
602 1766
644 485
689 771
1150 589
1253 1529
1320 107
1505 9509
1566 309
1702 316
1722 2523
2243 3407
2260 527
2301 12700
2316 117
3171 9303
3262 562
3267 5606
3706 3427
3730 8597
4264 425
4461 1035
4979 7031
5235 295
5295 697
6357 56
6386 1460
7881 443
8033 268
8362 931
8595 496
9011 14146
9747 1945
10578 2072
10667 13093
11222 974
11229 11775
12686 15916
13494 427
16112 366
17483 1206
18770 379
102 573
106 115
296 15348
317 504
317 8138
321 891
336 268
341 5006
354 3137
372 268
380 353
384 97
413 10832
433 495
434 17243
457 98
472 267
577 8765
627 6901
731 111
734 100
801 1296
1036 664
1181 267
1188 14962
1507 2185
1669 291
2432 16673
2541 749
2610 12762
2776 3468
2963 2277
3889 760
4236 268
4279 10410
4505 8252
4864 427
5007 477
5819 1244
6671 110
6706 2128
6855 263
7214 3740
7410 16466
8229 281
9639 371
9839 375
11566 1911
13297 4784
17482 9615
18954 2608
70 263
77 1304
104 4444
116 623
311 9770
324 15846
341 1258
344 77
393 351
474 677
506 9953
509 841
610 8473
689 322
740 3151
887 312
1016 491
1281 1268
1630 115
2383 5028
2415 307
2426 5995
4897 116
5185 53
5220 309
5241 285
5531 115
7021 957
7805 1967
7899 276
8229 631
8969 285
9120 309
9446 298
11646 13988
12754 295
13392 3983
13554 16052
13913 552
14419 277
15399 815
15999 2713
19406 5890
69 87
71 3436
78 82
78 1904
89 83
100 356
118 2609
118 3111
121 114
122 105
274 2023
282 3562
313 4962
341 351
413 3984
434 7731
461 3544
510 10793
704 281
743 600
796 8065
851 15716
972 2902
1037 14931
1059 623
1522 11244
1536 1006
1693 767
1829 2423
2223 342
2258 19886
2687 276
3196 550
4002 3115
4446 17796
5916 424
7193 277
7248 276
7299 330
7623 272
9643 1261
10843 2062
11023 1656
11118 977
11733 285
12549 12264
13638 946
15865 353
16242 2925
16318 538
49 1482
71 72
73 66
78 80
114 580
282 6081
311 514
336 318
350 19829
370 97
440 1643
472 7710
522 19863
627 1753
684 850
727 285
731 300
1003 17335
1248 4663
1255 57
1266 409
1436 15618
1987 100
2889 574
3080 730
3337 902
3751 17445
3849 309
4021 4686
4163 4860
5225 314
6586 121
7674 295
8977 115
9700 501
10331 2501
12287 9953
12639 557
13510 1257
14620 1172
16175 115
18741 730
99 931
102 556
114 500
114 10022
119 268
273 266
276 101
277 3278
284 12864
287 1631
329 1998
341 1787
378 1780
378 2885
426 1088
434 6319
536 322
611 351
626 3434
693 280
749 275
877 3690
1400 17909
1402 115
1504 1286
1522 6704
1568 898
1804 268
1823 550
2508 2740
3046 263
3459 4081
3905 7840
4955 276
6738 1301
7162 404
7768 276
8336 101
8537 285
8772 458
8962 477
11956 281
12378 1818
13558 2337
13570 10598
13679 5742
15179 101
15235 539
16728 121
70 79
74 889
80 440
87 1371
105 5355
107 291
110 9739
111 4259
112 462
125 4254
195 180
292 7304
307 1418
316 501
322 567
341 3709
350 6417
400 2162
407 272
416 465
421 761
454 1485
465 105
472 72
528 1117
536 291
600 97
723 3012
731 2948
790 3222
977 1131
1077 15805
1192 267
1267 1509
1377 285
1608 2410
2310 692
2556 15962
3069 2357
3117 582
3999 606
4441 51
4890 281
5097 7031
5476 381
5488 898
5656 1271
5835 477
6528 4000
6623 268
7290 67
7742 946
7871 653
8845 2033
10229 361
10731 1911
11483 111
12548 275
13410 1013
16298 295
16759 2410
17344 4658
68 407
68 562
78 789
98 824
112 300
114 354
116 506
262 312
262 556
268 527
270 14583
274 17060
276 298
277 497
281 508
287 1619
307 1264
311 638
387 782
413 1799
426 475
533 1243
556 15788
633 505
644 430
771 267
890 820
1002 820
1039 1404
1047 16788
1133 5925
1441 2252
1751 115
2104 1967
2233 53
2302 276
2701 2056
2701 9353
2764 299
3258 171
4139 83
5022 8992
5980 309
6357 55
7054 639
7410 1509
8623 869
8906 15939
9169 365
9228 121
10250 562
11207 497
11235 1707
11595 365
13828 1168
14414 1340
14910 268
15395 1773
16618 2414
18551 831
18576 739
19218 2387
87 77
102 285
105 13031
295 550
311 6724
320 111
341 1319
434 323
472 485
493 1881
518 1397
533 549
742 1695
994 525
1126 562
1360 3487
1556 50
1585 402
1688 1640
1727 299
1857 3230
1921 1113
1973 110
2061 295
2136 6289
3086 658
3258 167
4330 1748
5469 4015
5878 309
6239 776
6836 684
6948 2279
7337 717
7867 739
8514 272
9378 276
13576 9449
15419 2051
18757 759
37 654
70 1035
78 4887
80 78
82 115
83 286
83 312
109 12874
279 850
343 17279
378 492
390 9241
421 898
426 484
431 10411
434 957
482 285
563 835
597 277
633 3074
659 2162
669 1738
806 15679
975 11942
1008 497
1047 110
1267 307
1857 18206
2065 537
2075 20336
2300 315
2380 119
2511 280
2985 5925
4035 13956
4114 285
4130 3335
4743 280
5168 411
5529 353
6227 100
6700 7621
7072 285
7119 557
8423 3032
8475 19167
9772 13890
9850 2582
9855 276
9990 285
11395 69
11632 1311
13798 285
15381 19165
15834 1643
74 346
78 5135
98 356
112 710
115 6530
225 187
270 1090
282 18711
292 2295
317 4582
325 116
344 4627
380 508
472 73
518 348
522 8340
527 117
832 276
991 114
1030 16266
1130 9258
1139 271
1186 519
1360 2388
1687 8490
1784 315
2087 136
2099 2009
2161 835
2876 1111
3361 314
3667 497
4068 5003
4198 276
4297 365
4880 424
5716 3766
7225 6003
7476 115
8013 366
8163 298
8518 381
8852 443
9598 455
9948 275
10646 998
12082 80
13064 109
15198 280
16612 17553
17389 717
83 961
103 266
119 1274
334 1165
345 108
374 276
431 719
437 8305
438 624
472 407
482 3249
535 18207
995 1963
1519 1095
1589 16590
1742 399
1812 623
2099 12091
2761 798
3153 6212
3337 5435
4287 17322
4510 432
7369 497
7647 12760
7800 12436
9894 4112
10309 111
13139 2133
14367 2614
15270 361
17516 295
33 654
47 13413
112 1998
227 128
292 998
297 4546
316 315
334 9770
334 19180
341 285
374 523
387 42
390 753
390 5725
416 19485
421 14818
427 114
469 979
510 666
531 80
637 8457
716 111
831 3770
879 2277
945 424
1128 12737
1186 15870
1308 18806
1344 12962
1667 8457
1973 2982
2164 53
2215 1623
2420 764
2432 17390
2642 121
2739 285
3267 5806
4480 1244
4536 121
4625 6246
5141 606
5898 1619
7681 4816
8144 4005
8462 462
9880 347
10372 889
11675 366
11713 108
11912 1929
12480 898
13400 8610
14405 1151
15019 330
17270 366
17422 280
19876 998
20190 1948
47 62
65 7918
86 115
115 2735
119 515
121 103
281 98
331 3562
346 1387
351 1085
370 121
411 732
418 9258
421 929
434 2148
461 624
472 2893
503 9987
522 266
1055 371
1059 3200
1159 2148
1209 276
1334 97
1718 379
1800 4110
1829 604
1863 275
1926 910
2479 3356
4215 491
4297 497
4716 1013
5087 1311
5783 2185
6162 12832
7313 361
7361 2937
7531 701
7705 275
8033 353
8961 19179
9899 115
11088 298
13510 351
13990 19194
14396 946
15812 19715
16002 759
16184 1521
16676 859
17378 298
18592 1479
20036 3260
67 443
77 1086
79 410
83 79
273 9987
287 456
331 550
341 288
346 1270
350 1206
375 99
401 285
413 997
418 316
434 19549
463 662
469 116
471 16713
537 49
594 5654
597 105
687 121
742 2657
744 361
793 465
930 5566
1202 8673
1592 7615
1608 3973
1832 495
1885 7028
2100 111
3279 998
3464 1948
3991 105
4325 121
5107 809
6718 570
7173 677
7778 276
7972 508
9114 1035
9156 857
9374 425
9472 3101
9757 285
10439 462
10794 465
11658 285
11742 662
12322 315
14488 590
15540 663
16595 353
17233 18323
17759 1013
66 323
79 72
99 4375
105 2340
108 267
109 1643
112 2914
274 501
274 1089
274 7103
277 730
280 346
296 12842
304 348
378 15458
390 69
431 3911
438 83
438 267
454 14153
459 3726
472 514
555 115
598 1418
709 3352
740 11626
1037 10295
1144 379
1375 701
1451 57
1459 120
1607 2377
1738 267
1832 365
1938 443
2245 1911
2963 13173
3437 456
3494 20176
4130 1967
5071 373
5185 55
5586 492
6265 115
6347 20376
6885 285
7044 6148
9287 308
12039 8458
12305 3138
13193 4172
13292 1405
13777 365
13786 1748
14542 295
15209 3975
16423 1477
18632 1701
20284 19898
66 707
71 67
85 5280
92 125
98 997
101 268
111 286
115 1192
116 5530
119 450
264 4401
292 5817
301 103
306 9622
322 105
324 275
350 356
409 424
412 326
416 638
418 497
459 272
836 729
1060 18617
1097 115
1273 319
1335 4081
1386 315
1432 2594
1692 8984
2160 2340
2234 16725
2320 16392
2585 424
2822 351
3141 870
3233 920
3373 314
4510 455
4535 10308
4910 55
5562 1404
6051 8824
6073 1090
6927 491
7071 285
7812 1491
8368 3739
8648 276
11669 1106
12122 286
12857 501
13724 18110
14492 2959
14740 880
14753 4073
15631 739
16654 653
38 4504
66 105
97 113
98 1313
111 383
263 775
270 997
274 15877
284 2216
313 7423
314 13033
322 1501
367 314
378 681
378 12874
382 4848
384 904
384 1643
416 1274
434 17224
437 397
454 495
454 10499
459 347
516 105
535 4741
580 901
665 380
709 7830
735 6619
742 3173
812 997
830 97
879 692
884 4762
978 462
1066 9313
1224 309
1354 9441
1530 381
1556 49
1696 1878
1857 809
2330 115
2432 931
2860 353
3359 4542
4461 11356
4570 285
5132 285
5403 487
5529 268
6178 701
7651 2665
8103 268
10490 1032
11096 6414
13016 483
13172 122
15249 361
18949 10003
19052 623
103 299
104 117
108 601
125 91
263 12180
264 117
322 117
324 463
341 2357
342 105
393 342
411 7750
419 392
422 4225
431 17345
459 591
459 1910
459 3672
691 112
740 5186
777 12792
896 99
995 11711
1051 115
1318 110
1472 319
1676 11219
1797 276
1810 280
2246 455
2417 68
2744 281
2779 110
3692 15146
4054 905
4343 276
4419 5427
4714 664
5185 51
5429 10136
5597 3612
5825 17487
6310 4849
6357 54
7286 19798
7963 497
9117 2826
9720 562
9781 268
10002 40
10149 1070
11281 1821
11627 2357
12817 12751
13109 101
13638 353
13723 285
19385 1944
71 816
73 69
80 71
82 356
99 1574
102 475
264 10489
274 2062
280 283
281 692
282 9593
304 554
363 9031
390 8226
415 612
426 2769
434 1906
452 1982
487 701
541 325
566 13284
575 5961
769 2388
1043 499
1108 9302
1580 7965
2075 1005
3165 10801
3314 400
4108 15759
4874 2277
4901 525
5166 800
5916 281
5973 530
6118 1822
6499 1192
6863 276
7119 281
7333 107
8010 580
8643 309
10508 1822
10645 729
11976 9383
12357 373
13132 1460
13202 290
14143 20080
80 4737
99 115
105 458
109 580
262 906
323 854
350 20241
351 285
360 424
378 320
385 692
390 1521
413 13487
414 285
421 921
431 14519
472 2062
611 904
622 739
629 302
882 62
1003 11533
1138 6012
1236 653
1662 405
2051 116
2088 285
2426 2457
2705 374
2806 18939
2844 10524
2917 275
2928 574
3309 6417
3333 606
3357 697
3421 115
3719 557
4191 116
4782 14643
4919 318
5185 49
6046 2073
6448 267
6773 268
7156 276
7833 406
9142 4000
10071 286
11192 291
11702 2189
11928 1019
12362 600
14694 950
14923 12511
15100 1131
16908 295
17048 1322
17477 1106
18601 17050
87 1163
92 59
108 6754
112 3612
197 141
277 998
311 19642
312 497
317 5311
351 298
380 107
390 288
431 76
434 432
454 11185
571 374
588 1133
687 1090
736 430
736 983
1008 11618
1059 98
1138 590
1293 1146
1435 115
1550 946
1632 424
1804 662
1877 12264
1949 601
2075 409
2305 295
2707 95
2741 1778
3283 1552
3545 10793
3604 1187
3806 816
3960 6535
3985 495
4374 118
4570 1013
4825 581
5014 869
5531 2755
6314 639
7543 276
8769 596
9366 730
9787 1183
11133 394
11303 1861
12543 809
13584 2935
13904 515
19719 19083
81 85
87 291
98 15747
110 286
115 14156
119 453
296 1705
312 268
324 600
329 701
330 116
335 329
350 1041
390 2754
406 268
416 314
454 2252
454 4926
472 3385
472 8009
527 103
660 19164
916 623
1065 5241
1202 440
1362 603
1386 497
1576 501
1677 399
1722 1787
1806 17342
1868 267
2635 18028
2882 285
3038 115
3060 309
4374 2053
4562 61
5245 11329
6138 112
6471 496
6594 276
8403 268
9725 1601
10562 730
10650 554
10795 606
12137 314
12576 12833
15219 18683
15480 523
15584 100
15689 661
16124 717
16446 339
68 374
74 3034
84 1876
84 4540
84 13380
92 5670
103 3181
125 47
125 1315
282 14016
287 759
297 101
334 3329
342 2635
350 17467
390 1313
391 3515
431 2523
472 65
473 309
532 4203
570 1151
597 19281
709 3427
728 397
743 1319
754 662
831 3863
1122 9048
1150 3607
1925 2973
1979 353
2699 9295
2885 121
3227 1663
3449 700
3845 970
4085 276
4191 118
4377 1989
4839 1006
5054 115
5510 263
5562 318
5659 5641
6221 276
7442 20403
7981 103
9347 455
9876 1373
10042 291
10156 314
10443 5725
10630 408
10731 1338
11595 550
13283 399
15913 824
16027 1262
65 342
66 308
73 3190
104 401
108 329
112 103
267 730
302 573
302 631
316 437
319 14611
330 271
334 1146
341 634
350 352
357 793
378 326
429 402
434 117
441 339
446 1086
450 97
794 13602
1082 427
1109 20319
1150 2777
1215 1699
1278 15569
1310 290
1432 596
1594 112
1636 10128
2225 508
2436 322
2799 16453
2822 1257
2848 443
4076 487
4734 1911
4799 276
4895 285
5019 1113
5185 52
5368 115
6933 6414
7528 3049
7892 427
9016 496
10710 1005
13490 1910
13605 268
14338 1290
16361 5102
19181 12198
19709 13527
20421 820
69 394
84 69
99 323
117 2654
118 623
263 1531
274 700
282 1090
282 1163
311 2774
392 302
401 109
411 692
413 1380
438 19937
439 492
511 380
637 646
683 556
687 406
875 2139
1117 458
1196 342
1295 1111
1308 8086
1406 1061
1459 300
1513 312
1550 642
1611 51
1621 1561
1702 3725
1706 7678
1727 298
1812 514
2241 775
2617 4663
2816 115
2927 20279
3608 552
3874 1460
4195 1864
5185 56
5837 9031
5855 1131
6146 529
6518 557
6839 485
7173 2279
7376 2551
8131 20196
8250 114
8327 2797
9098 967
9104 582
10657 539
10998 2718
11637 276
13679 857
14143 8450
14537 321
14563 111
14596 315
17293 567
18013 567
19386 2090
47 46
67 646
68 351
76 1124
78 10504
79 1477
103 414
263 321
279 9977
280 596
296 402
296 8177
312 107
336 410
336 2212
362 19859
426 271
449 2020
454 322
513 7837
558 514
794 374
860 318
1043 14172
1204 401
1294 121
1406 285
1431 119
1489 16107
1528 285
1607 2148
1887 1944
2171 2973
2447 3159
3134 112
3751 6459
3931 5361
4533 318
4746 1264
5211 1349
5752 1909
6372 816
6593 115
7015 268
7596 1569
7656 365
8400 97
9279 18063
9446 5198
9580 108
9764 921
11836 821
13262 580
14667 285
16025 1268
17998 819
18272 300
19296 308
86 1521
100 5852
103 920
115 2021
118 567
265 2777
276 276
279 18464
284 4686
311 2784
311 8305
316 1241
350 714
390 2774
433 383
437 329
438 582
599 285
687 286
706 1090
982 1323
1082 2668
1344 5961
1556 55
1715 4749
1950 424
2562 552
2748 15675
2959 112
5258 455
5260 549
5528 6867
6339 19359
6373 298
7225 380
7590 276
8209 112
8229 574
8323 315
9870 11624
10245 276
10530 2441
10768 1165
10874 701
11012 791
11640 764
11731 661
11971 97
12495 307
14543 1319
32 1582
68 66
103 9232
344 70
363 8720
382 263
389 462
413 1727
416 500
426 550
438 288
492 946
503 1290
577 1757
602 15652
629 2768
706 827
727 115
985 3883
1138 4786
1295 701
1560 12994
1650 653
1722 684
1735 10627
1745 409
2274 121
2527 276
2556 280
2927 1132
3172 3865
3301 272
3301 291
3310 309
3960 118
4069 9383
4191 458
4751 1187
6313 432
6510 281
6836 1044
6960 1073
7244 121
7994 15802
9274 1035
9374 366
9523 475
12778 6900
13659 869
14018 719
16761 12837
16854 2393
18573 1061
21579 798
76 832
84 307
282 1397
304 1738
308 268
317 651
326 111
378 770
382 5506
384 567
389 298
390 2671
438 902
438 1808
472 76
502 11861
536 11991
541 562
727 850
795 7245
837 1111
890 267
912 1998
990 3393
1138 5619
1148 3915
1186 10704
1217 379
1448 1477
1669 348
1807 12627
1841 16790
2298 11844
2839 291
2957 14401
3663 477
4362 16547
4367 365
4399 309
4570 276
5008 1113
5911 550
7055 353
7253 4972
7986 455
9791 276
12428 97
12566 11152
14226 268
15064 1910
18869 2593
20032 295
21515 365
41 9306
68 79
87 409
108 411
266 1435
268 729
299 101
311 3362
328 17606
338 1323
341 2393
350 703
378 1124
389 18704
418 265
431 13194
438 117
540 309
566 14704
575 3055
778 427
944 121
990 1121
1112 967
1144 998
1358 8807
1360 5189
1504 405
1923 6629
1941 1778
2134 18844
3957 4112
5556 3028
5979 581
6200 15905
6871 115
7711 374
8494 2827
9081 17324
9523 5307
10480 2143
11499 10206
12732 18841
14936 4781
15269 299
16120 677
20534 348
63 445
71 77
83 407
99 8207
105 453
265 277
282 2493
311 5135
312 1172
313 291
323 283
324 414
330 3064
341 889
346 6514
384 268
385 508
386 13020
390 7905
392 286
407 6781
418 1881
431 8858
435 115
446 4335
459 392
459 1244
472 539
532 6602
546 110
687 612
745 824
836 3344
879 4135
1559 12887
1580 12475
1585 929
1938 2655
2175 380
2571 5148
2911 9959
2961 643
3153 98
3253 285
4063 3064
4441 50
5592 19843
5825 309
5873 2097
6510 115
7100 111
9810 11555
9988 268
10631 10202
12013 276
12834 5836
13124 2745
14415 1095
15654 3344
17438 16000
17689 494
19616 404
69 114
80 79
99 2415
119 272
264 11138
270 4762
279 6475
336 14096
390 703
419 13604
431 316
471 11848
480 2139
513 16785
540 394
566 8804
590 121
709 450
816 276
943 285
992 280
1695 49
1702 385
1764 5486
1842 4701
1964 291
2318 1656
2373 827
2863 767
3691 276
3901 309
3943 84
4348 285
4439 309
4894 366
6441 315
6743 165
6895 285
9041 13474
9142 673
10028 290
10148 550
11119 1501
11738 1491
14157 432
14967 606
16400 121
16442 111
16554 1338
17584 20407
17980 2710
39 58
67 1767
68 3303
77 515
112 934
264 122
302 450
302 1418
304 1844
341 16916
350 1083
376 3863
390 1121
418 9871
453 3030
463 1982
471 2545
495 307
541 286
689 323
706 738
731 411
849 19914
1422 8560
1578 512
1585 291
1646 401
1722 312
1868 353
1930 1006
2463 104
2903 4604
3087 365
4052 1525
4306 408
4315 115
4374 310
4572 314
4643 2470
4910 51
5602 562
6051 263
7044 353
7182 574
7258 14957
7373 276
8081 6389
8940 424
10963 432
13178 310
13820 121
15273 440
15421 18324
15425 557
15520 1367
18030 10801
68 73
70 1400
104 1937
125 6301
197 171
287 17241
291 3212
324 285
333 501
334 1665
341 437
346 121
362 12302
413 8111
452 286
522 1934
666 97
743 105
787 652
1090 112
1093 548
1319 110
1333 272
1410 567
1676 898
1803 10488
1923 427
2125 280
2603 4418
2667 651
3546 2252
3548 10489
3668 20817
3719 642
3908 321
3932 13281
4163 112
4301 3211
4706 281
4911 3012
4918 14937
4942 859
5140 329
5565 2008
5591 749
5719 21836
6149 57
6871 276
6990 1259
7353 365
7482 307
7742 115
7743 7185
9427 5122
9540 1013
10124 77
10468 2226
10491 2329
11394 2671
15653 17239
16411 2012
17046 318
18606 17029
19604 1200
20159 285
68 77
83 280
89 101
102 14466
110 2049
115 268
125 4202
263 603
270 527
280 529
302 651
304 17107
307 112
311 288
323 104
350 593
411 19264
416 15479
446 456
510 1788
563 656
665 544
682 9631
689 318
689 1583
731 5413
883 2850
975 266
1081 2654
1749 120
1768 534
1835 115
2116 791
3359 2487
3505 1311
3786 653
5185 54
6393 98
6443 21057
6975 309
6999 11871
8934 821
9635 2130
9849 20386
11472 705
13605 353
14057 281
15024 12089
17536 4241
19122 920
58 92
68 638
71 73
76 585
108 950
109 406
121 6741
313 19293
325 631
326 103
344 8659
370 3989
378 116
378 1765
393 121
431 2856
440 1117
509 427
546 2346
674 970
960 1120
1476 703
1504 1041
1568 2913
1625 950
2720 496
2823 117
2901 285
5595 1601
6064 869
6448 7544
6875 13302
7977 767
8878 275
9862 804
9880 443
10551 1131
10863 9275
14073 2970
14823 108
16879 1268
19334 16437
76 462
77 8342
87 82
93 123
108 4601
292 1244
310 116
311 424
324 105
389 9549
390 469
413 105
413 20170
431 74
441 119
482 4686
536 4719
563 13442
643 654
671 1339
689 351
731 65
1002 115
1027 307
1030 3012
1076 290
1585 286
1654 3260
1719 351
1938 13655
2865 885
2966 69
3931 1346
4465 89
5071 2025
5429 21197
5681 1123
7568 1712
7888 276
8001 1102
8928 15041
9228 15010
9248 692
12104 10813
12745 401
12812 6714
13892 979
14386 1525
15070 523
15469 1868
18849 361
19440 353
19666 267
78 6427
84 557
98 658
99 1569
103 307
225 185
263 570
271 425
274 1852
283 1113
284 3989
291 380
296 530
296 2754
307 15290
323 1070
324 370
324 4242
334 3242
346 308
350 77
363 9934
374 308
390 82
390 3678
405 111
431 906
459 69
468 1032
472 1042
563 2051
618 2777
633 889
685 11290
740 7463
832 265
1139 6928
1443 3055
1490 974
1556 56
1556 57
1593 3754
1721 101
2030 399
2844 8756
3136 365
3178 285
3608 3226
3629 111
4139 69
5042 658
5455 285
6232 3358
6699 268
9248 6289
9342 6571
9830 108
9921 931
10952 115
13332 539
15842 946
17415 13637
32 7943
70 440
270 370
274 603
278 401
285 291
311 1477
334 15125
341 1340
350 411
350 483
394 380
444 20317
471 117
471 409
516 353
588 19323
944 7813
1082 7747
1218 16215
1308 485
1411 623
1592 604
1611 49
2525 1381
2739 1165
3267 7930
3873 285
4702 1132
5022 8652
5422 1948
5861 295
7199 365
7337 427
9106 2513
9297 8372
10550 114
11137 2866
11720 365
12682 397
12806 399
13487 732
16843 7008
67 1028
71 8138
79 460
107 7517
111 105
270 22173
273 2716
282 1956
286 380
344 12105
362 97
370 1631
378 300
389 4886
413 322
461 8719
463 4960
493 300
493 314
740 18070
812 4542
994 1311
996 1292
1144 3043
1257 3617
1269 4575
1319 97
1664 1834
1829 290
1943 8297
2138 4812
2281 40
2328 115
2452 6003
2754 268
3505 1619
3548 100
3962 2687
4990 285
5848 1418
6741 404
7324 11825
11050 315
11424 268
12096 17211
13704 347
14060 1032
15859 667
16119 661
16211 321
17394 121
18420 380
19853 463
32 537
32 654
66 348
76 7699
80 4972
84 830
102 291
102 1027
107 116
114 104
116 657
197 161
279 1086
282 3085
284 17840
304 561
341 82
344 88
413 69
413 312
418 15665
431 65
446 905
513 15551
528 447
649 278
689 286
706 118
925 116
1007 8673
1017 13709
1318 103
1448 98
1461 53
1611 50
1692 10937
1735 7504
1943 302
2629 385
2678 612
3303 76
3490 105
3729 309
3769 319
3874 1113
4402 15781
5531 315
5608 519
7072 276
9113 3619
9493 1552
10491 496
11257 1689
11888 593
12712 2501
12945 677
13819 115
13892 738
16194 1058
17785 8288
17911 97
41 34
100 554
262 19936
270 1044
286 3344
287 1090
287 1572
389 1286
414 2725
417 2762
430 373
438 9644
459 3013
531 20973
569 36
601 3111
674 100
741 636
796 2821
1127 1032
1202 4769
1436 2279
1472 1610
1662 291
2129 6341
2319 21599
2694 20213
2697 998
2810 2501
2835 427
2964 394
2990 276
3002 8532
3290 556
3542 4686
4262 371
4365 365
5559 285
6308 286
7626 285
8352 739
8743 11274
8837 885
9253 1601
9380 86
9836 717
11196 824
12893 10111
13317 7532
13367 280
14058 1132
14368 497
22237 3527
41 2965
117 593
263 380
274 263
282 1151
292 1206
308 97
324 1286
329 1132
341 15136
390 89
413 492
454 13765
459 8571
472 1028
511 2850
522 14324
577 6341
633 402
832 298
1099 97
1129 411
1139 97
1521 667
1662 348
1753 275
2061 283
2087 145
2207 5007
2961 93
3417 298
3505 469
3761 13000
3836 21651
4716 924
4869 21622
5050 1098
5407 1151
5468 115
6233 2745
7205 688
7797 974
7833 13642
7954 1970
8089 20021
9789 14778
10292 458
11709 9743
12023 885
14190 381
14940 280
16086 300
16723 599
16909 1610
17133 2745
18628 1152
18804 6928
21001 10884
33 91
67 7769
68 7334
69 5671
97 1450
104 2594
280 998
292 1397
301 12661
317 447
322 1477
390 4173
395 13269
426 6897
454 6908
474 115
522 8041
567 101
643 782
689 298
723 7061
795 18266
803 16549
836 821
896 1247
914 1710
1209 295
1293 7008
1350 56
1431 6572
1559 6572
1576 1165
1732 19656
1857 1610
2511 920
2511 2002
2777 15178
2823 700
3039 820
3287 115
3307 276
3309 455
3668 19629
3845 372
4509 309
4638 1874
4782 8565
5216 290
5861 3368
7186 286
7453 119
7963 455
8148 4962
11118 2081
11243 285
12502 314
12521 285
12550 1660
13026 361
15018 9920
18621 567
19170 623
20042 15477
21222 1910
22008 3702
69 485
70 82
72 121
85 11434
86 4033
87 528
99 102
112 400
196 135
295 400
389 84
460 427
461 5122
597 449
978 353
1012 377
1137 320
1150 13000
1732 11624
1940 673
2898 84
2920 497
3563 399
3597 12112
3750 373
4404 14293
4882 309
5061 109
5185 50
5276 550
5278 303
5301 832
5510 1268
5538 281
5682 6793
6069 1677
6357 53
6662 593
7098 329
7656 651
7743 276
9410 321
10307 13343
11576 12018
12259 642
13472 353
16915 371
19480 567
19605 271
21723 567
75 83
82 1237
84 409
98 3766
101 460
263 5696
270 19875
292 687
292 12864
370 263
395 97
412 118
418 4777
431 82
434 5457
446 18450
532 346
595 460
665 21591
678 348
680 820
685 460
794 8804
916 508
1006 1187
1082 574
1173 1183
1191 4635
1514 3236
1588 6170
1630 885
1825 15563
1847 1172
1905 314
2005 380
2604 265
2801 5520
2848 1893
2877 3495
2938 1089
3486 9733
3970 84
4100 115
4195 3175
5201 285
6674 55
6743 161
7044 373
7805 379
8786 1623
9757 623
12631 8115
13293 635
13884 730
13904 19674
15333 18412
15523 760
16295 400
18616 361
19807 616
21592 13988
76 4601
80 72
89 540
98 1896
105 351
108 4879
114 9949
263 1132
320 701
334 2493
341 816
350 1398
350 4375
372 263
390 7559
411 371
437 268
531 103
558 12045
656 98
687 112
780 103
794 109
1043 1879
1125 285
1331 9084
1363 456
1363 5486
1462 13234
1522 2522
1556 51
1560 9425
1739 1359
2160 11974
2393 677
3060 4533
3366 1168
3464 276
4034 2143
4537 869
4702 404
4910 57
5211 1750
5505 309
6149 54
8362 5606
9650 309
9675 898
14861 351
15311 4740
17285 17285
17659 804
18395 281
22114 394
67 8031
70 1205
263 739
284 5006
287 283
302 323
307 931
314 330
317 14862
343 2262
378 7422
413 538
472 651
474 109
563 2251
655 9893
985 112
1114 1778
1350 49
1424 115
1478 4892
1538 115
1771 353
2030 1531
2376 268
2860 855
3457 121
3518 730
3600 1456
4039 606
4480 562
6115 456
6210 1259
6598 2779
6791 1311
6799 361
6941 101
7623 1944
8268 277
8684 3581
9397 281
9490 285
10292 834
12778 14482
12944 425
13216 496
13351 8603
13619 692
14472 361
14809 356
15174 15200
15474 791
15782 361
16277 424
17726 105
18228 263
18424 9071
18940 868
20998 5979
41 96
57 537
68 97
84 268
98 3376
114 1893
117 450
263 1359
264 4116
304 4953
306 20684
311 2586
318 356
331 7475
350 87
350 1816
378 659
382 409
386 934
389 977
390 10728
406 15347
416 20956
426 7628
471 121
471 1710
503 122
522 2749
524 1306
532 17356
577 115
599 315
633 19845
672 2130
684 115
731 77
742 2233
742 2762
766 19041
865 2414
911 19014
945 285
1055 921
1406 263
1588 2559
1739 3012
2146 8534
2164 56
2641 1439
3275 53
3312 125
3491 131
3548 16592
3751 2128
3945 276
4365 775
5747 601
6681 1915
7010 285
7176 399
7415 315
7513 1061
8230 974
8595 285
8776 20090
8886 68
9138 332
9352 523
9814 2097
12586 361
12644 946
14308 2340
17175 729
17200 898
19637 920
19967 631
42 8142
74 469
76 68
77 6679
103 562
114 1044
115 395
116 4962
119 2491
270 4186
273 121
274 3242
284 647
287 414
287 1068
389 384
390 263
413 1400
421 6572
434 1319
438 84
457 5068
471 307
488 8947
517 286
536 1407
551 427
604 5703
858 4135
889 19561
1063 1326
1100 17543
1150 7384
1341 285
1406 5498
1626 623
1732 120
1740 1376
1923 578
2452 885
2887 7031
3262 813
3414 2913
3519 280
4307 8729
4465 72
4480 573
4565 663
5141 361
6007 455
6441 455
6486 582
6625 432
6863 381
7716 623
8229 508
8595 276
8906 19214
9714 276
14344 18066
15440 327
16540 552
18256 285
19555 366
20180 267
77 111
119 1837
282 18629
298 272
306 21616
324 5599
324 9975
331 485
339 1874
350 1998
350 22332
378 2409
431 104
438 430
454 540
472 1786
518 1934
536 360
629 4245
662 105
702 322
709 263
724 1059
742 1478
795 1106
909 1699
930 8719
1063 12678
1068 115
1137 22074
1178 4878
1233 266
1398 105
1687 2635
1695 2945
1735 3688
1857 5806
1979 268
2218 1131
2259 399
2472 18293
2512 1744
2689 3115
2701 101
3117 353
3411 424
3696 1013
4614 13342
5193 2139
6415 425
6731 14452
6918 19042
7580 302
8805 280
9427 19287
9581 11083
9692 115
9864 276
10309 380
12642 920
14956 298
15184 523
15656 6465
19633 121
22207 2162
22688 308
63 39
78 617
84 114
87 3235
103 625
262 318
266 120
304 1946
314 101
324 4809
331 2212
334 957
345 4677
374 300
378 716
386 112
390 624
431 14871
467 1416
531 108
533 101
702 7166
734 8683
736 1050
790 1834
1001 2713
1010 3983
1112 3632
1156 673
1502 1760
1545 4788
1973 1962
2036 1131
2370 108
2768 1529
2807 998
3360 45
3825 276
3868 268
4002 8383
4748 550
5175 1509
5212 263
5407 759
5468 276
5624 1852
6182 276
7251 371
7661 115
7674 921
7931 599
8417 759
9500 477
9603 574
10376 276
10402 67
11018 692
12557 286
12824 2404
13356 9250
14715 730
17216 109
17780 281
18761 2969
19522 280
80 402
98 771
101 581
107 16467
116 10524
296 1283
334 891
341 8645
368 13841
380 112
438 759
438 12742
687 432
810 22531
883 7760
888 603
914 1244
1330 1677
1406 298
1447 869
1832 3064
2146 1172
2234 18787
2378 1088
2776 1180
3500 508
3654 3242
3895 268
4019 122
4346 10907
4773 593
5079 1311
6146 2529
6226 121
6764 285
7986 315
8365 1645
8629 12355
11087 115
11593 5847
13049 1602
13939 285
14063 432
14498 748
14936 2713
16871 8617
22683 14935
66 19547
68 385
84 2898
110 692
114 3427
115 320
121 1569
281 401
296 12106
311 318
311 6964
402 567
423 267
431 77
431 5109
449 1569
471 11880
472 414
517 281
532 1206
601 477
602 2877
620 17101
637 7769
669 271
671 105
709 97
1125 276
1424 425
1537 3434
1574 115
1580 17850
1735 380
1900 3527
2380 98
2405 658
2604 298
2621 315
2952 366
3031 280
3236 271
3390 950
3418 897
3535 2090
3721 12980
3793 12345
3903 6643
3965 41
4033 72
4614 112
6210 1493
6763 1404
7096 76
7639 432
7768 110
9552 22277
9574 374
9910 739
10459 3814
10708 285
10936 7230
11421 550
12740 1283
13016 1788
13424 104
14653 2025
16073 856
16998 8249
17604 10107
19714 616
21099 6108
21365 707
67 70
68 12169
69 112
73 72
80 420
82 3074
83 2275
83 11819
86 5413
98 8111
102 567
102 2290
108 1398
112 1541
115 18453
117 1616
263 13527
270 1896
273 302
274 365
285 101
304 1367
312 283
326 97
326 599
331 15233
338 290
339 380
346 272
368 14586
409 2520
416 1398
459 277
471 10200
485 9085
597 111
825 12436
981 285
1702 7519
1918 18289
2415 501
2783 514
2912 16103
3227 6273
3705 1818
4117 2148
4169 3571
4193 115
4897 20182
5645 300
5783 13991
5783 15624
10607 309
10768 380
10869 998
11727 1654
12147 898
12699 3074
14419 824
66 111
66 4900
67 13995
78 5406
84 115
99 1041
100 351
112 3301
262 1212
262 11585
304 22788
334 97
341 2994
350 9550
370 105
372 314
385 111
416 65
419 612
419 1552
463 4321
472 4012
589 9072
706 121
716 508
742 5533
766 491
914 10161
1002 1113
1112 11636
1209 285
1507 1487
1754 1187
1829 272
1831 506
1951 7028
2129 121
2145 8032
2160 118
2263 692
2301 6997
2378 102
2447 14403
2463 276
2911 329
3136 497
3748 1095
3769 10529
4199 2340
5390 276
5561 280
5581 285
5973 3717
6149 55
6390 115
6493 1677
8043 9145
8081 432
8423 501
8600 83
9540 432
9728 280
10034 1375
10397 692
10799 2261
12084 14146
14175 3818
14560 539
15837 12107
15889 115
15909 425
16077 5566
16091 267
17072 582
17455 14647
17457 399
18519 384
18578 1759
18786 4568
20600 4360
20681 477
22235 450
80 325
87 5199
102 4000
104 1509
105 460
112 10934
116 9160
195 130
263 661
272 353
272 496
284 5467
314 280
337 179
341 20426
350 351
363 309
386 1073
390 10500
401 105
412 16904
413 1975
416 463
608 11825
633 266
688 642
689 348
710 285
725 295
1341 314
1350 50
1354 299
2171 824
2424 48
2447 16137
2692 381
2956 276
2964 22426
3279 401
4202 40
4392 276
4829 276
5150 404
5365 373
6203 492
6247 1072
6361 280
6386 974
6419 115
6586 353
7153 673
7176 366
8618 115
10475 399
11052 268
12549 824
14288 21051
15070 1259
15247 399
16640 16700
18577 9610
19882 286
21804 22209
68 314
72 1124
76 316
85 114
93 92
99 780
110 738
115 105
119 486
281 102
284 1998
289 372
301 1738
305 281
311 3726
324 117
324 291
324 325
372 280
411 108
415 12795
418 1705
426 80
438 6096
510 514
541 1316
610 19760
755 14924
1008 98
1165 267
1225 332
1309 520
1597 653
1735 8872
1950 1320
1964 8372
2718 283
2757 1135
3231 2094
3232 266
3374 268
3406 3555
3449 1524
3482 6104
3608 3863
3638 5009
4163 115
4649 868
4950 291
5802 263
6384 18693
6644 4960
7297 276
8010 3911
8422 1572
8537 290
8892 12297
8979 477
10437 1206
12281 4582
12843 658
13630 115
13739 406
15064 8305
15162 371
15926 424
19395 2850
66 5196
67 15181
77 280
82 78
98 380
100 1748
109 10543
113 75
282 1572
287 20637
291 4012
378 4992
389 992
393 303
413 604
415 5879
416 283
426 4662
430 285
434 4895
438 18729
449 775
454 582
459 599
471 291
472 400
479 108
517 3589
531 67
689 7507
796 1738
881 19718
944 10832
1060 323
1218 295
1431 3556
1585 111
1754 2501
1776 12283
1806 2367
1829 4073
1913 496
2142 1270
2289 1049
2409 101
2573 2764
2650 554
2699 9032
2721 108
2881 97
2931 2340
3035 12342
3271 276
3312 1869
3339 924
3536 379
3563 1172
3792 285
4374 715
4620 366
5380 1132
5529 115
6187 351
7182 281
7374 7307
8101 312
8717 109
11099 11099
11342 732
11501 300
14434 285
14648 1338
15426 101
16203 432
17398 625
22078 403
70 69
79 108
80 501
83 1319
111 295
111 346
114 2775
115 348
270 4686
284 452
311 10704
325 353
329 281
329 5678
336 330
350 8154
384 492
394 554
405 307
416 276
438 3292
454 271
531 73
541 17573
658 1619
673 97
693 9449
702 300
710 276
971 95
1140 13750
1308 15359
1374 107
1478 4255
1559 102
1658 651
1803 9460
1806 110
1829 111
2125 356
2201 497
2274 22569
2897 458
3107 361
3696 1168
4750 6701
5170 285
5697 268
5923 12833
5973 824
5983 268
6116 119
6149 50
6149 52
6674 54
6719 266
7011 371
7099 4464
8055 268
8702 121
8888 4172
9161 8108
9842 717
10459 2051
11302 45
11303 315
11358 73
11757 1346
13026 285
13072 574
13684 3263
14364 315
15881 5003
17700 121
17931 492
18965 606
19631 2337
22096 6460
22408 5847
41 1184
71 280
87 8828
102 110
110 527
114 1283
194 171
262 377
270 10803
272 1643
273 116
282 3648
287 16780
311 21990
330 3297
370 356
376 3655
389 7424
450 2988
459 108
488 5566
634 19101
654 1869
687 4953
711 7912
770 2414
790 2252
795 5835
836 99
880 1623
982 4635
1047 5652
1097 1323
1196 321
1276 314
1344 15911
1360 6621
1780 281
1825 2608
2310 455
2328 3790
2452 263
2470 307
2799 121
3027 115
3167 404
3570 2973
3750 17844
3763 137
4073 1444
4614 267
4857 285
5421 440
5645 12789
5703 281
6060 371
6291 285
7518 1032
8055 353
8426 869
9114 263
9529 69
9973 10779
11265 1187
11638 20521
13581 22816
15552 22647
16187 263
16529 3740
16561 465
19737 1192
19770 22952
20827 585
21509 15660
21582 2906
32 196
66 69
67 11317
86 268
100 329
102 9481
104 1619
107 400
112 7310
270 830
272 295
284 1044
292 673
311 98
311 447
320 365
336 89
388 10678
390 80
390 2046
411 23266
434 82
434 889
459 11972
503 6469
533 1572
602 479
602 2885
688 508
693 9384
710 381
745 276
1082 5486
1117 99
1368 1654
1406 13271
1432 6602
1583 105
1722 440
1812 462
1829 7615
1900 115
2693 10347
2726 1821
2903 3230
3231 1853
3388 6924
4372 497
4480 528
4621 278
5173 2139
5677 539
5721 15359
6149 56
6458 1509
7186 495
7402 115
7862 402
8540 424
8956 1261
9120 6901
10188 692
10463 315
10746 10202
13057 111
13266 22311
15152 1439
15521 13840
16321 285
16842 4072
17814 16666
21572 11905
77 3030
100 411
108 511
273 656
299 1563
306 18242
324 436
341 3566
344 7397
359 556
374 407
389 69
402 329
438 121
454 10689
459 285
459 905
460 2133
504 319
516 603
522 298
584 404
601 97
687 263
731 2050
740 115
825 2086
1126 346
1320 120
1421 662
1476 18376
1522 2094
1565 4240
1812 1380
1931 115
2020 719
2067 309
2373 1274
2383 105
2486 15082
2701 6880
3337 356
3646 1531
3787 2240
3932 878
4142 462
4527 761
4620 1013
4716 1373
4843 492
4985 1404
5226 276
5421 479
5562 8974
6380 101
7246 115
7995 365
8510 864
8520 300
9552 11139
9988 353
10201 392
10251 636
10349 266
10492 115
10976 501
11068 556
12776 2440
13057 406
13407 3287
15681 820
15887 309
17444 275
17782 315
21005 7550
70 1121
70 3970
73 404
83 108
84 77
98 309
118 266
239 188
262 5238
287 791
324 10917
324 15589
341 1294
350 634
350 1766
376 9072
419 1729
446 21596
471 277
513 23247
536 314
599 276
736 14782
742 4096
906 11862
1020 295
1130 4400
1202 1792
1350 57
1355 276
1371 3005
1385 275
1386 365
1418 286
1426 3555
1608 780
2063 277
2497 3689
2884 934
2891 557
3244 483
3750 1323
3836 557
5277 12465
5359 651
6169 739
6195 268
6958 10608
6984 16024
7420 3956
7601 1456
7837 2021
8227 276
8567 821
8877 15292
9123 115
9161 7599
9789 111
11675 4989
12137 308
12857 268
13558 330
13804 4838
13860 525
14607 19849
14819 20867
15813 315
17421 18116
18512 285
19154 692
22969 1717
41 955
68 5852
76 327
76 977
80 320
84 2482
116 10253
267 404
274 11803
276 111
282 22141
304 11157
313 13342
317 298
334 12823
375 684
389 117
390 65
390 3514
416 3129
426 478
431 20226
431 21312
536 8653
611 527
860 6793
909 6270
914 6629
990 6160
1139 22319
1218 3254
1406 3863
1443 4542
1476 11779
1537 2797
1650 15227
1835 1818
1857 5606
2061 1677
2099 813
2783 266
3046 6707
3314 1381
3421 353
3737 2561
4052 300
4535 11174
4767 97
5023 83
5080 8927
5150 16311
5356 97
5508 267
5701 508
6476 18571
6783 18995
7150 353
8696 13935
9837 3230
10590 20751
11009 7760
11421 365
12219 516
12290 396
12797 295
13008 552
13724 19596
14456 291
15021 2725
15777 12997
16339 544
16803 371
16992 5003
17346 1945
17450 285
17991 432
19136 8501
19962 567
20672 527
21670 462
49 2676
66 1998
77 120
77 961
108 4182
112 906
116 433
224 165
262 13263
274 2786
286 4905
308 1852
323 361
324 440
324 473
336 65
336 1470
350 384
350 4005
350 17109
366 351
378 23529
413 2182
426 1822
470 580
532 268
532 20500
689 320
689 2176
929 105
930 2329
971 44
987 1937
991 1564
1108 353
1578 10308
1843 2151
1845 314
2191 276
2438 280
2497 100
2560 121
2816 22762
2823 5882
2898 86
2989 96
3003 717
3750 23229
4119 1656
4308 108
4517 2025
4941 1811
5743 276
6334 76
6843 295
7091 17209
7489 2626
7578 394
7666 280
7781 673
8163 104
8380 309
8475 7103
8995 651
12253 864
12827 315
13508 567
16868 370
17905 309
19839 1290
20166 268
21286 16312
22051 18775
82 3091
97 295
117 497
264 312
279 13772
300 101
302 2162
304 1837
359 739
370 1131
378 443
389 308
390 300
398 1657
405 121
434 400
437 1373
471 10166
486 268
709 420
742 2945
744 285
830 487
1339 1381
1530 275
1556 54
2207 931
2642 276
2823 18308
3027 285
3217 667
3345 298
3714 20537
4054 1529
4416 2725
4662 280
7147 1110
7197 21587
7726 115
8039 121
8650 1035
8776 8372
10722 5355
10872 6190
10974 13952
11018 329
11977 424
12094 276
12299 2023
12455 501
15310 353
16941 276
19472 102
21391 9760
44 1869
82 770
98 3080
100 2546
116 5038
224 184
271 433
289 4218
289 10611
302 271
350 16914
378 505
390 73
390 4613
402 816
413 469
418 21954
426 16338
431 356
471 626
472 397
522 98
571 318
602 1206
678 10231
731 395
742 5232
861 519
861 2387
912 1019
923 13995
985 3115
1001 280
1037 606
1082 1852
1129 730
1470 316
1545 1844
1592 12855
1650 4921
1674 112
1754 12214
1992 1359
2011 115
2016 365
2779 1357
2903 1540
3371 18197
3542 22212
4108 351
4365 455
4620 2925
5089 1743
5140 312
5469 1572
5717 550
5848 6031
6131 353
6494 22790
6526 508
7394 9295
7682 10542
7925 599
8136 1168
8888 397
9580 285
9837 23771
10070 427
10306 7159
10420 18505
10749 371
11411 115
12363 2775
12929 491
13124 108
14694 374
15585 552
21049 16207
22099 1241
32 1482
46 92
67 77
69 1484
78 1624
93 93
109 2543
119 115
282 761
289 4544
291 1683
327 108
350 9953
376 4544
376 23742
389 1412
389 8338
390 1582
437 365
459 414
459 17431
477 997
608 2586
627 109
627 121
674 102
689 7389
731 23894
783 6735
798 21829
806 23294
943 280
1267 4619
1350 54
1483 1967
1719 475
2201 20432
2405 4604
2639 2404
2739 15832
2919 599
3039 974
3171 1450
3378 285
3385 69
3505 574
3698 41
3809 6414
4076 719
4510 1013
4673 116
5139 1172
5163 309
5296 105
5403 16391
5469 1834
6149 53
6526 285
6885 424
7247 460
8527 115
8731 49
9287 280
11204 115
11929 308
12094 315
12441 121
12575 1989
14216 1967
14561 309
14669 1035
15814 692
16320 14701
17875 4464
18123 1477
21890 427
71 323
74 67
76 5700
97 286
100 110
101 475
111 529
121 107
226 153
270 1459
281 661
288 120
296 1529
299 98
339 107
359 10640
360 276
407 681
421 24212
438 22199
459 430
496 705
503 107
541 268
613 267
618 1356
634 268
689 111
706 112
706 373
708 20483
716 515
825 267
849 8041
929 661
986 7548
1102 361
1239 4966
1378 465
1884 93
1938 3829
2063 820
2100 21192
2150 6735
2190 365
2603 729
2877 101
3119 7064
3164 11535
3290 2414
3755 2665
4795 1398
5020 578
5028 83
6258 268
6519 399
6565 409
7214 23027
7982 96
9345 12107
9378 285
9724 285
10014 409
10230 527
11341 22269
11359 276
11578 523
11627 603
12096 7358
12712 6881
14728 717
15302 2337
16884 263
17321 115
18569 1645
18626 500
18705 1601
18959 924
20679 399
21176 407
32 197
67 66
72 320
76 405
76 804
108 1381
262 5913
268 267
269 101
273 5124
277 550
301 12963
313 1861
313 7813
341 453
341 2421
390 66
418 430
418 21569
449 97
459 1117
476 8804
554 99
597 14884
600 111
771 97
771 295
870 653
903 3362
914 4335
1148 22490
1192 351
1214 92
1378 1893
1495 432
1559 275
1664 1572
1695 53
2202 399
2897 383
3845 5231
4018 2594
4029 158
4261 4921
4480 12588
4482 4684
4726 1190
4734 20158
5000 65
6199 550
6303 12877
6384 99
6690 809
6746 1326
7160 115
7434 285
7702 631
9445 455
10307 281
11846 920
12212 298
13178 2716
14063 3527
14933 107
15866 1183
16416 286
16550 593
16848 8955
17992 590
20102 6412
51 3487
67 707
76 370
76 475
76 929
76 4645
103 567
108 497
268 100
282 599
336 11615
341 841
350 814
413 22602
418 354
438 3301
444 2764
454 561
509 7378
513 13723
643 63
709 612
714 379
861 22217
888 2745
1225 680
1380 380
1406 1831
1441 6170
1488 1005
1588 276
1594 13185
1625 425
1737 6752
2019 508
2173 371
2319 9679
3114 998
3229 606
3373 1168
3826 22679
4839 13350
5294 84
5743 275
5861 2139
6187 5459
6429 874
7050 22717
7364 121
7568 286
7742 268
8518 385
8687 20891
9150 732
10182 285
11001 14326
11068 1131
11669 824
12044 1799
12957 164
15132 501
16285 19811
18138 759
19341 318
19606 280
20636 599
21066 2728
21960 477
78 76
99 277
104 267
104 452
109 347
117 365
267 1187
279 5757
296 66
296 9166
304 2266
320 263
343 727
356 121
378 84
378 86
380 97
389 3129
389 4536
395 662
407 271
419 5038
446 13823
488 2034
513 770
570 286
639 115
642 1132
689 365
737 3719
828 267
865 10056
882 61
906 115
919 285
1108 116
1160 3263
1278 3807
1754 17749
2051 379
2293 955
2426 351
2479 110
2533 2523
2722 599
3891 5706
4155 380
4383 353
4669 4456
4779 1435
4795 271
5009 276
5682 112
5819 13918
6384 1316
7473 276
8054 321
8956 281
10198 285
10824 753
11245 4933
11641 268
12607 309
14222 1677
17089 3320
18106 109
18924 567
20234 122
20454 673
21292 3915
66 3181
98 430
98 527
105 1509
109 1181
272 1683
284 9384
301 585
304 1400
311 578
331 5116
346 567
360 767
362 12305
368 374
378 339
390 2202
392 3030
413 122
419 4323
443 105
463 323
468 508
472 346
541 3288
712 381
741 11062
766 2906
965 550
1112 11955
1432 5266
2030 2130
2356 616
2366 2925
2497 904
2817 1878
2843 562
3089 4789
3171 7230
3486 281
3496 7622
3636 276
4495 380
4562 62
4874 4135
4945 606
5253 3989
5565 20459
5859 110
5904 353
6357 52
6400 2654
6451 351
7069 17686
7820 309
8345 599
9614 281
11050 550
11547 4164
11641 353
11646 1944
12282 11205
13806 631
15275 298
15947 1645
17381 3218
19890 582
20010 6041
20726 318
22607 263
22917 24247
44 45
66 266
67 322
67 487
84 407
85 69
86 2162
87 432
99 1244
115 2475
122 351
266 3226
280 534
283 330
292 2005
296 483
311 406
325 315
378 1286
390 23783
419 400
441 4730
471 84
484 121
493 520
493 3214
510 2573
546 2463
642 276
796 13765
831 9733
855 268
1126 12980
1139 5069
1337 374
1676 539
1768 97
1832 329
2078 285
2141 1172
2445 399
2779 4135
2783 18101
2966 83
2992 7454
3395 1540
3665 425
3694 606
3806 869
4673 3876
4693 5742
4772 477
5721 10383
5776 268
6001 864
6716 348
7789 280
8731 50
9177 285
9526 936
10090 105
11285 353
11977 13065
12521 290
13378 920
13400 314
17815 3984
19861 729
76 452
76 700
80 906
85 86
100 623
103 308
115 298
119 2251
122 3186
263 374
265 379
283 320
286 321
287 12058
306 2731
318 651
318 10767
324 87
341 929
344 286
350 981
363 20902
375 4150
389 5991
390 5038
395 295
406 280
413 19346
438 2023
480 4684
522 109
536 400
541 12882
698 373
742 3446
742 3842
796 375
881 5325
930 13237
1076 567
1079 1661
1213 267
1392 3869
1398 97
1669 2127
1741 394
2044 22504
2610 15702
2641 285
2774 604
2961 2961
3031 2143
3106 3214
3250 659
3314 850
4553 496
4853 1683
4950 5796
5063 2713
5887 17028
6313 4429
6380 5118
8035 329
9027 309
9045 99
9503 115
9724 361
10058 692
11586 859
12041 21776
12680 40
13468 4124
14395 3101
14642 78
15156 276
15351 957
15525 381
15948 6680
18564 636
19478 17235
20802 508
20896 9190
21067 497
23599 1531
23891 976
63 955
70 312
70 7868
76 5454
77 356
83 272
83 1554
87 285
98 753
108 567
263 14704
282 1013
320 267
417 2233
430 275
439 18637
454 2827
459 283
470 6481
597 4605
618 17987
629 99
678 775
842 295
994 424
1024 23098
1117 970
1126 316
1209 701
1224 404
1237 4203
1343 366
1416 3947
1688 528
1743 550
1745 9145
1753 105
1847 898
2049 10938
2099 1087
2373 7536
2687 268
2985 99
2994 72
3132 820
3164 114
3189 556
3291 12049
3400 10077
3410 2340
3551 497
3654 514
3836 591
4130 15803
4516 280
4626 268
5635 1677
5860 2941
5895 556
6532 567
6862 7113
7042 1029
8334 15949
9253 539
9499 10109
9750 998
9776 21501
10467 276
11462 1485
13392 361
13423 276
14208 840
14560 4112
14722 315
18539 12702
18812 13840
18964 974
19008 325
19655 1257
20657 6691
22580 761
66 322
82 307
101 308
104 1574
110 315
115 520
268 508
271 401
282 433
284 6552
289 2332
292 486
311 626
313 1168
332 98
334 346
341 857
350 7707
389 15647
400 308
412 15448
413 12038
415 7962
426 3032
431 496
434 339
434 2470
531 1602
689 1729
691 1834
709 9634
743 1705
823 103
836 3811
846 950
853 538
877 2461
904 277
1131 1712
1137 658
1217 2072
1305 8341
1348 276
1563 495
1637 339
1638 21739
1839 409
1839 869
1840 353
2026 1616
2541 544
2689 263
2734 1677
2862 1241
3060 295
3141 512
3425 8348
3648 115
4033 75
4300 7507
4445 285
4574 12962
4598 115
4682 878
4750 405
4861 494
4910 54
4949 98
5047 285
5396 455
6057 16351
6080 820
6441 280
6568 761
6758 275
7487 570
7755 121
7955 427
8242 276
8881 1773
9150 11071
9518 9863
11776 280
12812 943
12827 285
13625 13625
14596 276
15976 692
17784 7284
18684 4781
18766 5135
21502 1132
21964 819
70 530
71 1009
77 580
83 414
83 5801
101 361
109 450
262 4619
269 271
270 352
281 365
292 1944
317 511
331 465
378 1837
390 580
390 6417
393 5671
426 84
426 23693
438 295
465 111
471 87
471 462
471 2966
471 12993
472 84
482 475
533 11942
633 11545
649 1612
688 285
690 4203
710 424
731 308
731 23122
796 484
812 7611
874 360
934 20118
996 4288
1030 2502
1128 2094
1245 353
1406 1563
1424 3230
1824 114
2399 1915
2512 342
2627 381
2898 89
3361 105
3572 103
3714 6314
4070 5708
4301 4064
5179 352
5709 309
5972 885
6014 1623
6131 268
6456 285
7911 582
8530 539
8786 539
9020 275
9493 612
9772 22668
9847 283
9921 4612
10230 3433
10738 13227
10816 739
11257 5348
13457 98
13571 290
15049 115
15764 315
15817 371
16774 1195
18768 3619
19012 992
20185 21756
21675 3009
23563 17626
24045 22306
68 68
68 275
78 596
87 6559
97 7422
108 1412
264 817
284 936
284 1151
284 1397
284 2786
289 11701
301 2257
312 295
316 268
324 9249
326 353
336 119
341 7184
350 117
350 626
350 856
378 8481
395 732
431 285
434 286
513 108
678 4012
709 16675
777 4111
906 295
955 46
1128 462
1160 4575
1350 55
1360 2676
1504 280
1622 1261
1638 5961
1669 479
1697 99
1797 10465
1890 280
2170 23224
2174 596
2227 924
2333 98
2912 18507
2966 72
3221 379
3564 84
3806 98
3833 2226
3999 496
4673 727
4674 1439
5383 1359
5609 275
5898 12627
6057 16185
6088 1890
6551 308
8568 24737
9153 2869
9940 285
10312 97
11385 275
11467 1468
11579 1357
13603 478
14228 280
14597 2654
16493 1147
17160 4506
19505 22177
21505 582
40 39
76 105
77 539
83 87
99 380
101 1742
111 20738
115 97
116 2133
121 267
121 353
274 2244
279 4619
279 8460
282 300
282 2244
284 351
284 375
287 770
289 12761
299 712
324 681
346 2635
350 16952
374 1456
377 5678
389 4686
389 5655
389 5685
389 5750
390 534
409 4568
416 271
421 497
426 1705
459 491
459 3943
514 97
599 272
602 17757
689 17331
737 109
783 4245
794 752
795 1788
914 1412
1088 298
1137 759
1141 361
1165 17292
1202 97
1420 5031
1583 285
1738 1721
1885 280
1941 759
2218 268
2227 286
2259 7008
2442 115
2492 108
2511 268
2661 2220
2661 2359
3328 117
3359 21179
3546 492
3719 701
3761 1102
4043 353
4326 998
4935 353
5649 285
5917 16990
5973 2391
6265 456
6523 4240
7303 5882
7539 285
7766 353
7988 2935
8377 550
8936 10109
8940 13065
9172 329
11164 285
11560 97
11679 495
13292 1131
13661 121
15139 4240
15968 3260
16660 450
17828 281
19300 511
20121 15392
20464 295
20655 4662
20675 582
21594 1643
21621 1270
25130 425
66 1574
67 271
69 828
101 484
104 11426
109 6514
112 6043
118 1151
124 94
287 16345
324 2034
326 5847
341 1286
389 70
389 71
434 2881
435 5836
454 2568
454 2728
471 325
472 12603
530 114
536 659
716 320
753 425
753 7381
792 3144
810 4000
842 530
887 24729
1074 310
1140 516
1177 353
1227 16994
1285 268
1343 295
1636 17847
1665 314
1925 1525
1938 2248
2160 404
2178 8575
2223 1529
2373 24153
2610 4966
2634 1110
3348 1289
3693 18907
3921 276
4277 921
4445 276
4767 105
4795 463
4979 12300
5019 276
5082 111
5140 12204
5565 15911
5826 946
6165 118
6217 658
6399 2687
6532 730
6674 56
6674 57
7205 7028
7214 8041
7466 315
7625 83
8023 23566
8312 10202
8645 366
8900 121
9653 606
9675 552
9763 5836
10305 1095
10929 21447
11091 276
13866 327
14821 380
15330 658
18301 4730
18482 16127
18607 878
18662 6647
22012 1200
23874 13859
24785 556
32 782
67 3019
71 76
100 7334
194 186
266 122
272 104
280 687
304 1509
305 420
324 902
334 24717
382 5109
398 931
413 10268
417 2657
454 9062
482 23228
513 529
522 18563
534 116
742 4802
890 562
953 2388
1213 658
1325 593
1350 52
1354 11369
1393 1540
1406 515
1406 534
1563 817
1671 516
1743 651
1856 2407
2094 361
2100 15563
2208 21273
2500 272
2574 455
2641 275
3087 23664
3129 69
3161 302
3332 276
3714 3725
3787 16680
3845 318
3962 2937
4035 501
4052 3254
4191 98
4435 5306
4457 2148
4706 574
4734 4103
5125 21315
5259 1131
5295 23847
5902 1531
6681 277
7071 276
7369 365
7370 534
8278 361
9104 314
9155 3747
9717 730
9810 326
10647 82
10675 1418
11598 557
12054 1516
13452 1086
13941 268
14695 115
16283 9409
16954 298
17517 394
19141 10649
19588 309
20094 3260
21068 455
23549 501
42 41
73 705
86 9473
115 20531
196 177
263 118
270 501
279 450
298 373
307 353
311 401
323 120
323 979
336 70
350 3232
378 2827
380 381
389 2522
459 377
472 79
504 1073
531 278
618 4860
618 8683
626 508
627 1685
660 9934
731 7307
735 18177
770 97
945 276
1073 605
1360 7372
1378 13821
1709 263
1803 268
1832 3249
1868 105
1887 409
2145 21402
2263 508
2333 14379
2341 8660
2378 484
2409 285
2426 2147
2479 2582
2661 759
2792 1525
2801 780
3726 567
4131 1531
4195 23803
4480 452
4959 1816
5514 280
6716 286
6738 4000
6741 1132
6875 22890
7023 285
8086 3009
9359 65
9605 653
9937 1206
10628 905
11126 371
11168 11239
11464 2826
12710 315
13286 11655
15692 365
15839 379
17678 315
18936 3362
78 89
110 283
110 8207
112 1089
114 612
119 621
270 5273
272 2094
274 2439
296 23807
298 2289
310 729
312 475
316 103
324 2049
329 315
350 86
355 20048
364 9668
389 2893
390 961
398 384
416 281
438 929
438 11139
463 295
471 1398
473 276
492 97
532 4396
625 104
689 267
693 23494
731 841
812 24733
896 1135
970 525
990 3080
1282 791
1404 111
1461 51
1621 463
1713 8490
1754 20730
2126 1270
2352 105
2437 2252
2497 1166
2642 115
2924 24338
3167 346
3322 19081
3548 10524
3788 123
3833 5459
4021 8999
4191 727
4300 5368
4326 21759
4455 1061
5099 20930
5278 1301
5445 1601
5721 4849
6075 298
6239 11031
6655 525
7191 775
7754 497
8086 6081
8099 78
8268 2973
8493 1005
8960 286
9169 1874
9278 56
9700 2308
9716 285
10148 497
10458 365
11526 401
12480 371
13347 515
14081 267
14607 856
14700 85
14827 1381
15160 1296
16046 165
16365 298
16616 1073
16650 703
18205 603
18612 692
18645 6031
19043 3555
19791 110
22301 905
22556 2090
22899 2731
76 6754
80 348
81 562
92 654
98 1509
104 981
108 496
114 512
119 530
195 184
265 636
266 118
267 315
267 366
270 281
282 12059
348 285
354 353
432 105
438 7304
511 732
599 1147
647 864
660 10887
731 277
735 384
742 3947
790 2427
877 19010
914 2023
962 20452
977 662
1375 404
1473 8042
1476 2513
1768 6961
1921 1643
2061 11636
2269 1095
2378 15251
2511 5346
2573 291
2650 4196
2653 13065
2674 2470
2801 9710
3060 1259
3663 701
3730 452
3889 21783
4299 353
4402 351
4643 298
5061 821
5301 326
6175 7097
6719 17866
7722 497
8023 1338
8355 1271
8731 51
8961 18341
11168 5237
11302 4240
11632 392
13092 307
13336 662
14709 314
18026 20929
18238 1539
18738 6465
19854 16351
19995 371
21940 6487
66 8939
77 528
78 72
80 111
83 320
83 1274
87 4832
102 1459
110 1029
112 2690
270 327
277 286
284 1602
287 646
287 24836
300 557
304 440
311 2252
312 921
324 320
334 889
411 550
413 4170
438 67
443 327
465 267
471 3527
480 4784
522 1964
541 111
633 22828
634 19991
678 5454
706 3468
709 280
709 19551
731 101
762 1482
853 302
976 100
1016 719
1017 2654
1031 353
1071 375
1128 5126
1204 23706
1221 966
1688 316
2110 2455
2262 1699
2292 285
2347 456
2480 48
2801 6374
3371 1290
3373 2308
3425 103
3517 4514
3635 7760
3676 1677
3684 115
3692 14786
4065 1643
4881 2593
4936 13791
5665 529
5688 381
6721 2143
6984 280
7074 2713
7095 495
7142 3090
7299 2635
7382 268
7395 920
7397 24014
7590 285
8166 19988
8821 1521
9034 508
9035 1172
9069 491
9512 121
10034 642
10533 381
10977 309
11255 7031
11669 1460
12688 285
12706 276
13232 2559
14728 897
14826 891
15402 1948
16822 554
16958 2102
17630 300
17786 1661
17930 10982
18531 285
19384 22364
21127 816
22384 2046
22772 1106
25741 25731
49 2233
72 523
74 395
78 69
98 3215
104 3904
106 1705
114 582
117 420
195 170
284 890
295 508
356 574
378 634
378 5509
384 21073
406 483
413 67
433 477
459 329
472 66
479 97
533 710
599 281
600 820
689 432
711 4417
741 314
879 3405
933 775
945 897
1550 1290
1941 11219
2000 2777
2136 1874
2146 6578
2234 17792
2283 425
2305 2162
2678 809
2883 1072
3328 268
3587 1270
3726 604
3763 162
4535 4198
4807 9168
5205 623
5245 99
5469 10111
5595 492
5837 1569
6127 2357
6253 2143
6337 323
6984 761
7153 557
7324 381
8257 878
8525 110
8941 730
11342 603
11932 275
11943 1645
13336 298
14257 1970
14634 2139
16302 921
16448 277
17281 309
19575 1404
20423 318
21063 1645
25770 25577
39 7561
68 3074
72 405
80 329
101 97
114 371
119 326
264 687
270 1786
277 616
286 276
292 550
295 11585
318 105
320 998
330 12382
334 700
344 65
350 329
378 1070
390 342
390 14628
416 432
419 320
431 1286
438 550
472 82
510 24228
527 1296
528 97
587 1087
588 17955
665 10521
689 401
706 1073
734 1356
740 11115
955 42
1076 121
1140 11484
1150 5053
1358 12671
1406 904
1550 268
1585 392
1888 8501
2341 6707
2474 8534
2508 1180
2659 850
2754 804
3156 4952
3209 1311
3291 10136
3339 2925
3414 1241
3838 4662
4021 397
4195 312
4256 19761
5052 878
6165 3200
6322 508
6513 315
6674 53
7224 1759
7234 1911
7365 323
7568 3840
8018 591
8235 950
8263 4112
9416 361
10439 500
10443 1086
10630 45
11531 869
14451 277
14609 21052
15162 593
16195 16344
16775 8114
16907 276
17272 764
20328 8927
36 40
67 371
69 428
70 5773
80 322
80 2367
81 4658
83 110
99 15181
103 1710
112 2439
116 463
116 11298
119 1398
270 3288
282 346
282 1574
288 12661
299 329
305 403
322 1601
324 11803
334 14914
336 9863
341 277
341 501
350 18860
383 2072
411 4019
416 10966
423 99
426 6469
432 701
437 2209
438 325
438 12350
453 121
454 97
454 1397
467 1695
475 121
491 404
510 108
639 101
736 9594
831 277
945 663
1025 18721
1313 458
1318 114
1327 2139
1344 3055
1443 375
1504 2505
1589 312
1621 7754
1784 115
1804 353
1809 25269
1924 116
1938 504
2055 268
2099 22116
2160 752
2449 537
2525 8967
2533 2559
3009 5007
3106 6723
3796 276
3944 497
4032 623
5076 44
5474 353
5999 121
6532 1022
6542 8372
6990 300
7153 4000
7590 115
8159 425
8451 11563
9764 898
12817 11754
13128 3445
13603 351
13692 280
14081 2189
14745 394
15222 1670
16152 501
18559 285
18739 5525
19595 1610
23558 295
68 87
70 1251
76 1313
83 271
97 414
115 1168
116 14782
121 111
282 6774
295 10792
307 105
322 1989
345 120
382 288
389 1459
438 4458
446 729
522 3356
589 789
595 9056
596 361
687 12795
708 1090
740 17180
760 19419
812 3632
836 14921
1100 299
1130 15066
1218 21046
1464 631
1503 2713
1558 23957
1604 361
1806 6503
1950 850
2030 4012
2171 105
2373 2289
2380 1271
2432 1089
2610 98
3231 6256
3258 189
3271 280
3374 920
3806 458
3891 14914
4505 10055
5162 276
5300 1072
5421 486
5460 3024
6302 4464
6528 5869
6546 998
6936 921
7107 462
7156 275
7156 315
7169 623
7759 1311
7986 285
8489 526
9256 462
9665 314
10272 115
11229 365
12587 2635
13456 121
13953 13174
15651 483
15690 381
18056 21999
19378 280
19563 530
21229 497
23101 3356
67 115
67 6153
76 76
76 1110
78 86
102 5457
112 2796
115 110
119 25697
197 191
262 450
286 636
304 850
325 286
328 15676
336 666
338 116
385 374
389 1206
389 5028
398 585
411 10256
413 540
413 1286
416 540
434 67
434 309
446 3648
459 286
472 392
476 8574
482 17705
499 3445
512 115
513 3101
517 13519
674 20135
728 1009
865 4819
882 92
957 617
1016 1090
1360 3738
1406 3161
1461 55
1467 2289
1560 1180
1684 92
1754 5474
1958 2012
1997 315
2234 24665
2260 730
2309 508
2689 2589
2694 114
2734 692
3153 677
3227 2333
3345 662
3920 276
4108 300
4307 631
4864 3869
5531 271
5819 1509
6237 371
6437 1359
6839 1086
7171 1311
7193 13393
7301 66
8135 298
8400 115
8528 4879
8707 276
8800 562
10330 268
11147 276
12634 315
12685 2777
12688 4358
12905 539
13627 739
14451 525
15610 631
16092 616
16603 567
17826 399
18370 405
19607 20927
20006 281
21079 285
21234 465
21991 550
22549 1661
24150 267
39 654
69 3893
70 291
71 6853
77 567
77 5096
93 58
98 4900
103 105
107 117
108 308
112 15133
114 339
116 122
217 144
262 351
266 499
270 2081
270 9160
270 24754
274 473
279 4341
287 556
287 716
302 453
324 8608
350 570
350 1569
350 15400
356 3215
367 701
378 5655
383 101
389 6081
390 596
413 1574
416 7852
426 25572
431 12847
438 86
439 353
450 1945
454 121
459 1583
491 329
823 2893
1130 500
1138 1473
1144 24120
1344 375
1344 21506
1461 52
1515 550
1645 2725
1709 82
1718 115
1870 10197
1878 353
1972 14166
1979 623
2739 353
2968 10055
3328 97
3515 10353
4035 20514
4199 539
4547 102
4638 21879
4678 8111
4897 286
4997 97
5382 1195
6373 108
7415 280
7895 596
8367 20825
9111 21733
9680 401
9717 567
9897 267
10123 20823
11258 1313
11956 1619
12548 276
12556 6507
12696 1861
12710 651
13132 974
14137 12970
14588 105
14679 1810
15243 404
16405 4000
18737 379
19357 749
19431 115
21166 353
21343 1131
22325 361
24093 117
45 41
66 66
70 6569
72 272
77 272
77 351
83 72
84 10253
103 501
109 405
118 477
122 13617
270 318
296 2614
296 23534
304 771
306 316
307 111
311 5266
319 11903
325 1712
343 275
344 14243
378 73
418 2387
435 2725
438 3190
439 6417
450 606
459 850
471 20485
472 2594
493 1243
602 105
621 101
633 1206
633 4697
643 58
665 320
741 1375
796 497
848 895
925 4710
943 115
1058 1303
1068 373
1100 761
1133 7795
1202 450
1202 4270
1406 319
1406 13890
1422 107
1472 548
1559 828
1560 1090
1832 397
2131 692
2260 5735
2386 2414
2692 2220
2823 2094
3385 72
3513 281
3891 13592
4144 623
4311 353
4465 69
4476 112
4620 455
4833 950
5033 45
5705 921
5895 295
6149 51
6176 11570
6177 664
6190 6190
6250 5368
6709 275
6716 432
7374 1301
7793 437
8077 1874
8102 1661
8868 557
9499 4259
10273 557
10679 5708
10739 20487
13896 18023
14385 6703
16072 323
18408 1135
19909 523
22166 4533
22238 828
22360 21843
23252 477
23491 1346
24918 22843
40 124
72 11972
73 4851
102 4579
109 430
112 280
115 285
119 16681
194 185
224 164
262 339
263 523
268 2869
272 275
289 473
313 992
324 1306
325 1290
346 701
382 2925
402 320
426 2970
431 929
434 277
434 320
475 285
480 1111
522 24426
594 659
597 1825
742 4555
777 11837
836 22543
1133 332
1150 18031
1159 3012
1230 339
1282 659
1478 8107
1489 116
1545 365
1585 105
1589 1759
1609 315
1784 371
1812 21701
1857 494
1954 1296
2076 775
2606 827
2816 24599
2843 13300
2862 2285
2898 71
3608 277
3787 6704
4113 268
4300 5486
4494 353
4510 285
4838 425
5099 14479
5429 12888
5528 397
5716 351
5716 4794
6027 267
6051 300
6356 285
6372 2034
6696 374
7473 1861
8327 1270
8520 285
9271 2090
9464 123
9530 6535
9681 309
10023 1131
10119 6145
10820 121
10865 4110
11222 824
11808 17658
12094 285
12471 309
14427 276
15610 121
17788 106
17852 4321
18538 974
18605 1132
19392 19888
40 91
65 373
83 14156
99 4015
100 651
110 2427
262 1881
277 1303
279 463
279 2774
287 1539
299 102
304 562
314 4849
317 110
333 107
334 2376
334 16368
340 8885
341 75
343 738
388 2475
393 4264
406 1147
413 4691
435 101
450 764
472 69
472 716
491 353
503 1689
504 824
506 285
509 924
577 265
587 523
629 394
673 2718
716 7893
755 967
836 2970
849 12929
929 285
933 115
1033 285
1267 9089
1308 21838
1363 21571
1504 456
1513 23223
1585 1089
1611 2657
1716 276
1862 596
2027 22538
2049 268
2262 295
2333 100
2509 651
2610 15216
2656 9313
2666 1572
3064 371
3159 116
3587 2941
3659 41
3698 47
3940 138
4105 268
4204 69
4557 6260
4691 539
4727 302
5039 2410
5211 606
5294 65
5297 662
5424 20705
5608 469
6222 268
6357 51
6472 322
6699 409
6826 1111
7684 379
8070 353
8186 308
8300 65
8650 462
8841 1241
8900 285
9098 8652
9397 574
9598 365
9880 450
10738 13520
10794 25947
11646 2046
12166 3510
13785 1168
13828 314
14264 115
14798 2427
15872 869
16030 1286
16211 4860
16428 929
16888 3216
18145 946
19536 1072
20630 1243
20680 4396
20983 673
21424 348
21781 285
22159 4849
23298 9134
70 73
71 1437
99 322
102 117
102 528
108 463
264 25483
276 1131
287 1460
307 2982
311 395
324 267
351 1151
378 3242
384 272
393 9315
394 1485
402 1944
407 701
415 120
416 981
434 8099
437 2827
459 7290
470 2487
472 703
503 109
503 25019
522 603
522 3690
541 329
558 8428
595 6520
609 11533
674 11340
731 13175
796 2092
876 2935
883 1357
887 841
1012 1834
1137 23676
1213 18797
1266 5696
1380 97
1461 50
1470 578
1472 581
1563 275
1578 2357
1692 13933
2020 19013
2051 760
2586 276
2610 118
2627 1261
2927 404
3450 5537
4638 420
5276 1677
5536 115
6944 4198
7100 3230
8110 21105
8786 1111
8875 477
9042 1319
9114 2578
9371 497
9834 115
10716 738
10746 2636
11004 285
11079 115
11096 677
11260 931
11592 395
11771 1660
12548 285
12961 23798
13513 286
15723 122
15864 20457
15883 4870
16148 116
17751 115
17885 432
18283 7008
18807 497
19289 6579
20367 10884
21791 19723
24909 11903
70 556
72 666
77 890
80 353
82 409
87 486
99 486
102 2827
116 604
117 502
264 656
269 114
270 7087
271 265
287 97
302 1086
307 392
311 286
341 89
354 2224
378 2018
382 905
385 2568
389 66
389 570
435 319
438 15201
472 329
476 22652
503 19444
506 529
536 308
563 3485
571 6567
594 1529
689 307
703 2725
713 268
766 12337
778 440
836 13645
896 371
965 307
1003 20470
1196 108
1380 604
1407 557
1422 1612
1427 121
1543 6254
1672 840
1702 2387
1829 22251
2036 662
2150 946
2201 15095
2451 111
2768 440
2818 526
2835 11942
2933 52
3047 24135
3067 404
3191 4961
3199 263
3469 11484
3666 716
4029 130
4265 1206
4578 574
5883 3915
6791 1619
6827 17855
7142 11824
7191 761
7224 18805
7365 3088
7442 21200
7737 276
8402 557
8443 276
8479 16026
8841 921
9155 4103
12239 717
14481 1090
16822 2487
18465 473
18659 730
19844 285
20361 17332
22176 24460
25072 20125
26626 539
51 2388
72 465
72 1485
80 7310
80 10934
87 73
87 626
99 7769
102 407
105 6145
108 1110
109 479
112 506
119 2244
274 562
287 729
300 539
303 5678
321 1349
326 4264
341 1449
350 10056
376 371
389 75
389 453
395 1525
470 554
470 8955
482 5384
488 469
495 119
731 462
900 291
1012 16153
1030 276
1230 21165
1289 280
1718 1967
1887 2046
2044 45
2075 21827
2141 371
2145 567
2265 23364
2380 1477
3116 115
3136 550
3445 1640
4041 327
4139 10563
4169 511
4678 8260
5076 92
5080 298
5681 3316
5947 115
6149 49
6570 409
7428 634
8709 824
8743 1172
8839 739
8941 1531
9279 420
9588 483
10303 1852
11091 381
11727 3953
11971 1418
12096 1724
12268 425
12268 3028
12957 136
14698 115
16839 285
17461 427
18095 1270
18817 869
19796 661
20970 477
20993 19320
23498 332
46 955
67 516
72 401
80 580
99 1006
103 4781
104 316
104 929
110 370
110 12284
112 1418
116 1151
262 798
274 26862
282 4579
298 705
311 601
316 267
324 288
334 2062
344 103
344 3385
344 23700
362 8704
372 409
372 15617
378 1397
389 409
389 20577
393 110
402 280
438 1319
438 14392
441 5358
454 346
459 290
467 3738
487 12708
493 15047
503 21911
602 9233
637 7382
674 302
743 346
841 298
851 539
871 374
884 1677
944 263
948 738
982 23225
1037 276
1079 17892
1081 462
1126 1811
1337 998
1470 1778
1545 600
1625 374
1638 330
1662 271
1782 1210
1998 121
2136 497
2480 537
2573 946
2581 11999
2661 1380
2735 280
2807 371
3178 381
3312 2450
3534 1623
3591 427
3608 3805
3666 1168
3836 20460
4191 712
5111 1541
5495 2777
5944 97
5990 477
6441 371
6794 115
7006 477
7531 4563
7568 26111
7736 5836
7736 8975
9099 121
9278 54
10188 276
10430 1319
10929 2502
11201 1493
11397 7454
13595 365
13889 361
14542 280
15121 300
15336 115
15494 115
15645 758
17489 9563
17656 1296
17826 701
18125 12315
19092 309
19311 859
20165 1095
21958 7927
22700 365
22726 8335
23242 425
25117 5311
44 22128
49 2424
68 307
70 1602
77 268
77 771
80 121
108 370
108 6860
109 440
109 890
110 99
115 12542
262 1572
270 491
271 663
273 107
284 14867
287 7783
288 6499
302 3329
306 1825
312 290
317 3671
321 285
323 905
340 17663
341 8457
350 318
350 20553
374 5545
378 495
389 1937
390 3376
395 115
416 69
416 18213
431 4036
431 6081
434 16389
459 9303
472 409
476 11183
557 697
632 789
633 1380
688 424
689 5222
728 6092
737 458
743 15868
883 2147
914 1294
926 606
926 10173
1056 508
1112 1834
1213 8184
1344 2866
1407 295
1538 12466
1589 1524
1607 6257
1741 443
1812 18734
1886 275
2072 3260
2435 8399
2486 885
2541 5892
2691 315
2744 1261
2832 4241
2847 323
2867 8554
2901 276
2945 48
3366 5796
3548 20689
3578 2139
3692 283
3825 402
3924 25804
3935 14034
4008 309
4011 278
5145 455
5322 285
5645 491
5788 793
6210 1770
6656 433
6987 1319
7993 375
8537 381
8686 276
8709 277
9412 1113
9555 312
10473 3385
10634 2226
10782 1561
12133 21287
13114 4546
14073 295
15004 2240
15249 285
15835 957
19810 2441
19955 508
20084 285
20633 2090
21231 280
24521 1085
24954 567
70 115
80 6641
84 281
86 82
101 550
102 1200
109 931
111 291
114 950
225 186
226 139
262 5482
263 931
282 824
298 118
302 1989
336 798
341 339
356 1631
390 4431
390 19896
400 4110
407 101
413 1398
413 1788
426 25376
463 397
464 115
472 6475
493 20879
503 72
518 603
533 6632
541 1398
569 91
602 13519
684 276
689 1444
716 25454
731 1521
746 26043
877 3527
959 1778
1126 23660
1184 1184
1318 9685
1580 21844
1713 2279
1718 26719
1999 121
2020 501
2282 300
2417 12407
2533 520
2581 5578
2856 1373
3283 308
3385 83
3744 308
3889 2181
3914 557
3925 285
3964 24078
4039 18726
4089 115
4628 1509
4685 931
4911 7213
4911 11570
4949 373
5135 1404
5422 285
5500 857
5976 115
6347 567
6357 49
6674 49
6960 6535
7322 114
7551 3218
7556 315
7699 7404
7771 1346
8101 2728
8734 719
9787 819
9807 2663
10087 3571
10303 360
10746 2573
11682 2340
12061 82
12834 8975
13169 659
13352 906
14769 1404
15005 276
15455 432
15810 285
16295 1397
19560 2266
20513 290
22060 1319
22066 373
22478 23984
23733 967
24701 276
24824 631
25024 16814
33 445
55 2388
65 2368
67 1222
70 3707
70 4396
80 3134
83 1117
98 1911
99 371
104 10937
108 3510
117 687
263 1049
271 1320
274 21634
289 835
289 23856
313 514
324 663
341 281
376 11207
385 3956
389 889
389 6774
390 384
426 10687
426 16204
431 890
435 761
438 651
439 2252
446 3288
454 281
459 24473
461 591
471 72
511 567
531 65
600 105
627 2866
870 371
917 380
990 10091
1001 399
1150 329
1156 371
1156 4905
1226 15354
1265 22245
1667 12737
1669 12625
1740 501
1795 1172
1857 15073
1951 10231
2036 263
2165 455
2415 409
2497 869
2672 2051
2675 739
3250 268
3430 4663
3496 330
3943 83
3954 4196
4001 869
4621 118
5168 661
5336 401
5645 1787
5743 285
5822 111
5858 1818
5898 109
6203 1019
6357 50
6386 824
6448 24418
7306 39
7477 309
7810 97
8714 381
8853 3230
9165 473
9789 2594
9806 97
10460 26192
10519 115
11161 263
11162 1890
11358 69
11781 544
12477 161
12642 946
12947 22359
13024 281
13313 300
13360 600
13673 898
13705 110
14118 4240
14276 616
14966 539
15944 23464
17288 3260
17417 425
18455 465
19537 1851
19622 775
20063 14482
20149 730
20313 361
21261 653
24191 692
24833 22500
24908 2768
25369 309
25459 2393
25793 425
26440 10792
66 268
77 8895
78 85
84 68
101 3186
102 5126
104 1319
107 110
116 266
287 312
291 616
308 677
313 8030
319 6414
334 1738
336 1088
337 145
339 105
341 492
346 111
390 1989
390 16780
406 462
417 3173
421 2002
459 11795
470 3147
472 277
472 2490
472 10113
480 864
503 1645
524 21834
532 17292
566 16277
572 24727
627 2438
700 266
730 998
741 15621
781 351
836 15984
851 25561
923 1274
923 7769
1059 14931
1099 5489
1282 664
1289 97
1412 491
1478 7844
1559 119
1644 593
1662 14505
1832 1792
1887 599
2063 775
2260 290
2335 365
2599 353
2617 407
2659 1110
2774 2493
3166 11955
3395 1247
3750 15960
3868 272
3921 285
3962 1891
4167 2740
4191 1879
4337 556
4715 309
4810 1982
4829 285
4914 523
5330 12218
5384 462
5508 1387
6057 119
6625 6389
6681 543
6918 107
7742 920
8020 1387
8291 276
8510 312
8709 552
8833 1180
9205 16228
9764 425
9801 5847
9831 957
10974 6870
11258 3126
11721 2850
13953 4360
13985 315
15174 12934
15671 8067
16450 24024
16971 1095
17208 115
17461 717
18423 8824
18454 276
18967 1338
19002 2340
19720 2025
20318 300
21945 411
23503 2128
76 5853
80 2543
82 70
82 2629
86 65
98 485
194 177
262 24770
268 309
274 360
277 496
292 1412
306 1727
316 111
317 7912
324 514
334 272
334 281
382 7296
389 3621
402 814
411 265
419 263
434 2229
434 4656
460 701
470 556
503 118
534 105
536 97
664 108
678 271
709 514
743 465
964 3405
971 59
1088 1131
1112 4196
1150 314
1186 1450
1278 970
1278 2092
1360 6617
1476 20540
1478 5189
1514 606
1538 21170
1905 1168
1907 108
2088 276
2114 4245
2202 97
2368 21202
2452 406
2560 13715
2768 486
3047 105
3060 16639
3136 263
3295 263
3344 494
3561 4192
3578 3090
3698 94
3778 687
3927 1404
4072 2189
4191 9056
4195 271
4727 15165
5114 496
5145 315
5424 115
6154 1450
6206 276
6453 22605
6740 77
7098 381
7568 107
8074 315
8333 8126
8475 487
8877 21745
9099 366
9120 1553
9341 84
9772 24850
10204 2139
10330 285
12861 2002
14827 12439
15311 1132
18290 950
18470 6707
19305 268
20322 290
20517 6543
20719 1601
21288 300
22774 271
25744 2266
44 1884
58 58
72 80
80 314
92 124
100 280
102 2148
103 443
110 1168
119 3919
263 1113
267 319
268 4533
271 122
272 7589
284 19960
314 380
317 855
324 443
324 1896
329 424
334 3249
336 322
341 114
341 396
350 8344
350 15877
378 1400
389 427
390 21414
412 21450
413 3904
414 280
431 617
431 26396
454 10056
454 16492
461 17907
471 659
522 10676
522 24743
618 1553
641 115
689 492
691 25368
702 10854
772 661
783 15684
829 428
862 115
917 295
1020 17388
1221 681
1879 268
2218 878
2234 22518
2405 267
2452 2090
2693 354
2779 497
2932 103
3000 48
3262 2151
3283 8320
3322 11567
3535 1982
3787 3909
4076 17810
4372 550
4447 539
4547 7667
4741 1041
4852 275
5067 332
5416 16137
5460 1750
6178 885
6458 11290
6674 52
6999 380
7016 285
7095 97
7207 10249
8516 280
8520 544
8961 12612
9482 574
11091 315
11272 6580
11341 23423
12290 497
12860 730
13494 717
13729 717
15441 739
15859 312
15912 365
16075 314
16910 286
18381 635
18783 351
18791 455
19198 14392
19673 475
19850 310
19965 574
21428 653
22985 353
23234 616
23270 1283
41 3965
69 332
80 2898
97 759
100 4926
101 330
102 1035
107 286
112 3861
270 511
273 771
274 8896
279 4000
284 5869
287 2404
312 730
341 4969
368 12603
369 21638
378 600
378 1868
393 514
393 1206
426 2872
471 356
534 462
575 4819
575 16672
580 25783
613 20372
660 13363
691 6160
693 17339
731 957
745 14924
778 14480
879 4749
890 574
982 13230
995 10129
1003 10136
1043 760
1114 885
1165 380
1321 14453
1350 53
1380 353
1406 23571
1458 6459
1504 4019
1545 4335
1688 400
1727 268
1919 673
1923 281
2020 12204
2044 40
2100 15133
2178 1792
2302 1948
2486 295
3089 12230
3153 112
3667 550
4336 97
4394 76
5198 539
5261 2248
5379 18850
5386 89
6286 309
7661 832
7774 1340
8691 5266
10215 548
10650 1541
11207 775
11210 97
13293 1623
13871 404
14003 13343
14350 1172
14829 315
14956 662
24235 1606
10 9
65 302
79 458
80 6854
91 45
98 99
98 12263
102 4110
108 15420
112 780
112 4737
116 2718
262 1765
277 596
286 5843
292 1574
292 18760
296 515
298 356
298 14140
299 729
304 511
314 739
324 12288
334 1089
345 12491
360 97
378 14629
382 22225
389 116
406 6832
411 465
431 19388
434 2931
437 638
454 1090
474 9163
476 21742
488 1019
518 5238
580 10220
633 902
671 9502
682 8
980 523
1048 4670
1186 109
1218 12058
1430 371
1436 1296
1545 2784
1565 9811
1803 1187
1831 99
1964 114
1987 25531
2229 111
2233 51
2258 2881
2386 556
2498 3839
2585 775
2894 1172
3074 320
3236 719
3279 653
3769 1296
3883 601
3964 300
4325 1168
4741 9908
5091 4135
5168 280
5682 365
6032 1257
6303 380
6471 1283
6510 631
7022 27769
7146 1172
7833 21299
7999 353
9391 281
9595 312
9637 286
9728 761
9743 425
9784 21449
10443 659
11227 1044
11250 1163
11489 23179
12369 285
12481 6690
13119 424
14413 19540
14566 3368
14653 495
14664 1487
14801 309
14823 3518
14877 4703
15584 1356
17654 285
17787 351
17828 574
19168 1569
20136 967
20905 295
23542 276
23623 263
23658 17668
25431 7716
67 323
67 4204
78 716
78 3982
79 120
99 951
103 327
109 4992
111 106
114 2614
115 7185
194 162
271 7245
282 275
287 12263
289 6618
292 2357
317 7559
334 8999
341 326
341 658
350 348
389 19488
413 73
413 1844
416 11139
421 460
431 401
433 1753
437 9233
443 97
465 567
472 447
474 2768
500 406
504 1942
530 116
541 10161
588 11597
675 1750
685 351
688 295
742 5733
766 10440
891 276
914 1146
1059 12527
1117 437
1150 9145
1451 2388
1507 5115
1545 316
1578 13933
1746 107
1782 23358
1962 1904
2054 4710
2165 315
2233 57
2258 491
2268 2404
2333 14172
2575 1570
3117 13442
3322 309
3384 1172
3960 15870
4029 169
4138 366
4243 857
4311 268
4532 23489
4643 1257
4746 15936
6130 3383
6200 1340
6239 2144
6268 115
7044 1909
7781 601
7896 374
8070 268
8157 18447
8164 299
8326 268
10021 712
10493 309
11089 8590
11776 380
12299 1640
12333 6452
13866 9936
13922 6643
14630 12606
15134 14629
15184 820
15556 361
18520 1982
18608 3612
18686 351
18748 1550
19747 409
19782 12684
22027 25251
25074 121
25267 3915
33 782
46 91
62 62
65 71
72 5525
80 2914
83 4358
84 5038
85 116
87 69
97 2212
100 4187
100 19947
104 307
110 110
114 291
225 184
262 584
270 342
274 117
274 1946
289 13780
302 420
312 2713
324 77
341 463
350 822
350 1274
360 1195
364 3278
370 366
370 12366
375 97
378 1583
389 780
389 2023
389 10268
389 21135
390 452
430 276
434 4767
434 6137
438 1444
459 300
472 23382
480 12980
503 84
546 1750
587 3717
602 570
636 101
693 308
709 286
731 20620
770 108
945 554
989 1482
1010 361
1017 97
1266 268
1358 18635
1360 6904
1436 492
1443 342
1504 265
1585 325
1585 1579
1600 285
1638 8554
1713 3200
2055 353
2262 2349
2832 25957
2848 826
2893 275
3087 550
3129 89
3229 353
3523 104
4021 17633
4864 3688
4972 2535
5008 3212
5245 23292
5306 24051
5510 346
5659 4853
6125 285
6175 272
6337 2869
6354 276
6500 455
6716 601
7736 1717
9006 494
10110 121
10156 1168
10223 3009
10975 2906
12366 20062
13684 22449
14152 98
14386 300
15020 1073
15406 7750
16902 2559
17478 25429
17577 315
18288 17713
19191 1338
19328 692
21283 6342
23376 1359
24895 7605
27160 280
70 3276
71 80
80 2626
99 5703
267 373
269 640
282 24466
283 105
286 122
295 99
296 574
304 27277
306 1553
341 1780
350 2959
384 281
388 1206
395 20579
416 492
416 22943
431 550
432 267
449 5197
452 2090
458 2199
467 2676
471 74
557 115
575 898
608 295
611 2005
634 102
678 19082
689 83
689 263
722 549
726 380
773 100
848 850
881 1259
896 824
911 21480
967 427
973 514
1043 1320
1047 1477
1221 9160
1295 4784
1337 1172
1350 51
1407 508
1553 538
1559 18840
1646 315
1671 6546
1702 283
1732 3005
1765 285
1807 2393
1905 21377
2116 6314
2319 280
2319 1643
2606 267
2848 621
3542 18092
3905 538
3958 268
3960 1631
4455 299
4473 303
4614 280
4666 2345
4882 290
4911 3115
5916 574
6161 4888
6690 931
6895 455
7021 351
7473 285
7641 115
7744 115
7878 701
7901 15905
8324 267
8506 309
8773 601
8793 4921
9296 4736
9603 281
9735 26520
10437 291
10673 2973
10843 20889
10975 4155
11303 692
11769 2048
12706 1032
12722 122
13454 7511
14115 315
16124 427
16317 496
16354 931
17070 315
17170 404
18085 14957
18102 10663
22673 285
22674 318
23497 3865
24331 315
26743 361
27387 371
70 8099
74 275
100 652
102 924
103 2232
103 2784
105 22606
110 2764
111 406
116 666
116 13380
262 977
262 2461
271 272
273 122
282 463
318 462
323 107
324 10756
336 5280
389 68
389 8025
390 789
413 80
416 951
431 16037
438 25340
454 7611
471 427
479 3030
480 22927
500 10301
517 4387
535 1529
538 104
595 286
618 9089
680 275
842 2144
944 2002
945 717
985 2740
990 5122
1023 3230
1047 1271
1077 20520
1090 857
1112 8652
1126 325
1156 97
1156 5528
1231 272
1318 26135
1472 494
1559 5204
1585 4762
1622 424
1688 263
1806 404
2023 10304
2245 3555
2386 525
2452 1661
2503 950
2533 121
2544 653
2745 267
2806 6937
2897 3343
2976 8501
2992 428
3258 181
3905 1168
3921 424
3943 11236
4021 4012
4108 870
4359 83
4678 6522
4682 121
4734 2128
4795 17668
4805 3030
5008 13663
5645 2524
5721 299
6032 351
6084 4952
6109 295
6302 20952
6975 1814
7489 101
7523 65
7731 361
8070 276
8193 667
8334 280
9041 11070
9378 115
9625 3212
9810 12994
9831 17001
10332 4328
10633 998
11018 299
11458 1665
12114 496
12814 371
12914 3445
12973 432
13336 12793
13347 3571
14363 497
14368 455
15341 286
15860 285
16710 1656
16723 272
17599 5415
17601 465
19298 309
20137 353
20419 25625
21489 2654
21801 1418
22028 26734
23060 268
25290 2340
26275 115
26535 946
71 830
72 400
76 271
77 514
77 10101
85 8659
87 573
87 18415
98 433
99 14228
102 322
107 314
107 351
112 1509
196 147
226 150
226 151
262 9089
274 23253
317 469
317 16726
334 5038
336 3893
344 3653
350 729
350 770
356 4218
359 18956
378 2092
387 60
389 1456
390 79
390 659
390 13391
390 21974
413 384
413 570
416 791
426 1645
430 111
431 14290
438 4579
438 5355
454 414
471 7559
472 3297
472 12854
513 27131
541 1509
551 21103
590 1473
602 18159
671 1412
689 108
842 272
944 475
985 4285
1225 24048
1585 1084
1687 821
2049 111
2145 105
2353 729
2550 921
2634 401
2835 7924
3167 24061
3291 15001
3351 1072
3505 285
3649 1661
3750 277
4161 1165
4362 21358
4367 775
4570 381
5087 603
5108 631
5233 567
5240 1818
5421 327
6098 739
6430 2994
6458 526
6879 835
7415 539
7743 285
7815 550
7861 290
8316 396
8540 276
9025 606
9862 1377
10473 2994
10502 10866
10551 25598
10991 276
11160 97
11902 440
12362 117
14082 361
14432 1976
14563 380
15948 5925
16212 276
16316 25299
16349 276
16454 1579
18236 314
19809 2090
20091 425
22385 3470
22982 20173
24146 820
26399 75
27117 11796
39 36
62 46
77 395
78 692
79 8477
82 2491
84 322
101 534
105 651
108 12562
114 578
194 180
262 105
263 3770
264 9085
270 600
279 10958
285 268
285 552
303 24249
304 24950
316 898
316 1367
331 356
334 20045
341 2524
373 98
376 14464
389 7166
402 285
405 761
416 275
423 111
438 725
459 2735
459 16836
461 268
510 8885
515 105
516 275
517 5788
643 1184
644 1738
689 2764
716 286
877 22498
1008 321
1144 593
1202 2387
1248 107
1354 2018
1406 12059
1504 392
1622 1439
1828 309
1938 5427
1987 12651
2016 1874
2116 813
2215 110
2235 12882
2241 275
2601 295
2768 327
2801 3182
2832 303
2935 285
2994 65
3189 300
3469 8947
3475 7397
3503 361
3513 574
3838 10973
3945 115
4041 2046
4076 725
4678 299
4734 4664
4780 2359
5099 18681
5219 6767
5863 323
6203 9289
6239 8560
7214 25966
7348 405
7444 381
7930 557
9045 5925
9326 308
9759 116
9885 285
9979 276
10387 473
10738 20263
11253 318
11586 10864
12041 99
12745 6578
13038 1656
14593 950
14857 7635
15671 5854
16146 1665
17346 2988
17910 3607
19314 13201
20877 267
21227 22653
21256 320
21406 604
26895 286
41 91
83 342
112 18379
264 319
266 2264
282 2176
296 479
302 272
302 701
305 299
311 14114
323 122
334 22430
339 496
341 9846
350 4036
350 5280
384 280
390 276
393 373
412 26570
416 4953
417 2945
419 281
434 77
434 1412
434 3404
438 119
482 97
504 298
551 2725
588 2144
595 9752
609 1113
636 19005
689 400
743 27717
745 277
790 9302
853 5116
959 759
1047 9068
1059 5652
1126 281
1129 12640
1194 115
1214 38
1461 54
1476 1106
1585 21357
1592 491
1692 291
1695 56
1712 275
1765 275
1991 3218
2051 290
2225 26384
2260 1183
2876 3090
2893 281
2903 281
3103 1092
3109 285
3356 455
3452 16497
3519 3818
3931 2053
4264 2513
4547 2998
4932 979
5045 885
5179 316
5217 308
5538 469
6001 6908
6310 12793
6500 432
6783 12949
7347 115
7366 285
7394 26814
7414 285
7585 739
8291 20822
8422 492
8616 27025
8852 450
9497 365
9789 12838
10125 115
10272 276
10358 115
10533 285
11006 380
11154 462
11577 497
11769 4544
12184 276
12274 286
15232 2578
15811 81
15967 1387
16560 285
16956 315
17102 23790
17495 1525
20092 315
20167 280
20596 1501
20940 2052
21961 497
22165 3911
24054 462
26228 308
28442 24301
58 45
74 554
80 2597
83 898
99 3019
111 83
196 141
281 730
284 2151
287 354
291 3617
306 2877
316 342
316 18865
317 281
324 1319
336 25448
350 506
350 3943
350 15078
367 102
373 658
387 13736
390 1729
413 511
417 3051
431 83
435 462
438 326
439 25795
449 1032
453 120
454 111
461 25433
470 3510
471 68
472 1110
472 10625
503 80
516 11889
536 4465
546 555
546 25541
594 786
689 312
691 3009
693 320
737 1643
908 11762
914 2266
1037 7655
1219 816
1320 14453
1345 432
1400 1319
1406 318
1504 266
1568 2261
1825 4187
1845 1168
1847 1241
2223 1398
2234 12422
2378 122
2378 603
2503 885
2618 353
2891 1550
2963 3581
2981 508
3036 397
3070 3212
3141 1326
3221 8108
3414 898
3423 8683
3425 8490
3430 1359
3654 4962
4031 347
4054 3865
4059 1738
4068 1683
4359 68
4443 309
4457 739
4984 19504
5071 1909
5087 974
5277 116
5331 2012
5565 520
5950 34
6268 268
6291 276
6743 160
7631 309
7656 497
8650 1270
8800 573
9279 906
9733 497
10703 14401
10782 2308
10820 9168
11958 7411
11988 1359
12339 998
12616 85
13006 5005
13607 309
15881 1683
16339 300
16704 295
17423 7903
17497 339
18306 309
18685 2224
21382 2998
21719 7280
21856 462
23441 508
23634 455
24085 116
72 329
80 3861
100 409
108 515
112 5579
119 6256
262 16110
265 271
275 330
277 1132
279 1200
284 374
284 23939
296 1089
301 27260
302 315
304 8314
309 1683
312 353
322 1661
323 4152
336 1982
341 12404
341 17845
344 81
350 1738
378 87
378 374
378 573
389 281
389 307
389 978
389 24681
395 318
419 7092
423 112
426 65
431 106
459 570
488 1975
493 3678
503 10456
517 121
528 20988
551 4663
595 326
642 567
673 508
674 19133
685 5204
687 283
710 281
865 7469
909 5922
912 8999
1318 677
1360 9600
1406 653
1459 523
1461 56
1657 353
1669 3911
1782 25971
1844 353
1943 321
2135 1133
2245 3829
2259 326
2432 11334
2432 22678
2447 18331
2525 280
2610 13386
3342 10196
3733 885
3751 5706
3970 75
4201 6254
4465 4121
4539 1948
4752 1477
4839 17799
4973 271
5087 552
5108 574
5195 115
5904 920
6118 7028
6206 268
7142 1623
7283 455
7444 10570
7506 69
7542 821
7806 13736
7815 365
7878 366
8007 394
8103 562
8148 1029
8851 6160
9169 497
9279 1375
9632 15073
10135 1561
10294 2340
10600 117
10910 606
11072 309
11576 9908
11732 1799
12650 593
12806 635
13641 529
13861 977
13913 1301
14927 4000
15648 319
15968 25786
16650 4550
17548 657
18845 897
18976 298
19590 1131
19865 424
20585 299
21656 9959
23285 567
24720 1468
25288 574
27898 13821
28672 28672
41 7227
69 821
70 5386
77 1891
78 401
99 299
99 10240
108 271
108 9064
109 1479
109 2298
117 1915
122 104
262 534
263 277
282 3956
285 275
287 25814
292 3648
302 855
308 321
320 687
320 16013
333 1561
341 70
344 1133
355 23662
369 27419
375 1550
378 6577
378 8250
382 544
389 1146
390 830
413 77
413 15447
434 322
434 14466
456 4922
461 18885
467 3446
482 271
522 22686
531 98
532 7378
533 1006
566 529
587 9032
588 21662
626 101
688 381
689 1187
796 463
830 280
851 4987
886 1326
911 19768
1138 520
1215 353
1274 361
1504 291
1548 1172
1571 19285
1669 752
1735 9258
1812 4323
1829 514
2114 1190
2142 263
2164 51
2220 300
2374 20272
2530 1439
2848 4449
2956 285
3089 99
3178 276
3292 574
3409 6703
3578 4111
3750 2404
3905 550
4734 9996
4942 16098
5000 69
5219 898
5403 1117
5716 1257
5807 19911
6001 805
6105 285
6259 18866
6396 20541
6574 2046
6597 20987
7153 1456
7223 84
7676 115
7716 11889
7805 1132
7943 7943
8323 550
8345 1359
8614 101
8629 432
9011 23205
10088 4966
11161 14015
11379 10689
12236 1106
12685 276
13236 27229
13570 79
14292 268
14627 3427
14845 286
15225 283
15243 868
16454 10055
16522 857
18368 748
18533 455
21849 110
23945 5346
24996 17081
26108 285
27470 924
27861 10599
32 312
61 123
66 299
66 6774
67 483
68 291
70 14867
71 381
74 80
77 407
102 15623
103 527
108 3672
226 159
262 1563
270 591
270 3672
284 8058
292 108
296 1244
313 109
313 8339
324 88
342 107
343 9978
350 440
370 2470
378 78
387 654
402 12582
411 300
434 299
463 2229
472 5435
503 119
633 791
685 271
691 23086
731 18054
740 320
795 16619
876 4635
884 365
928 1435
1056 353
1093 835
1097 15746
1112 2931
1237 2626
1318 9163
1341 5118
1380 946
1469 276
1481 281
1538 25976
1692 500
1776 276
1885 3161
1923 717
2023 105
2078 110
2116 492
2457 1320
2610 6866
2678 312
2774 97
2792 300
3229 285
3244 104
3409 384
3504 1135
3883 122
3890 508
4020 2139
4352 6289
4365 574
4583 4895
4743 1670
4871 25209
4891 268
4958 298
5144 7747
5173 3090
5907 13213
6347 658
6502 25248
6757 285
6799 606
7319 623
7353 432
7921 97
7928 574
8734 543
8739 1349
8864 14643
9118 2457
9927 361
11291 121
11498 298
11932 374
11995 295
12054 820
12135 501
12742 469
14434 276
14975 673
15399 1946
16020 276
16603 1643
16686 380
17275 321
18193 3090
19272 263
21597 25325
21704 1811
22095 3989
22389 549
22541 11321
23692 5631
23952 7832
24813 10423
24825 462
25305 11431
25505 322
25506 27915
41 3312
50 3446
67 1380
68 9490
70 381
80 73
99 1028
109 1780
110 8399
118 463
119 2439
270 403
275 617
277 291
289 20394
291 399
296 992
298 6270
303 280
304 1705
307 300
313 112
324 69
336 1915
356 280
363 24628
370 380
375 3214
382 308
389 2586
390 312
406 1171
407 917
413 3726
418 24585
420 275
432 111
438 5116
454 1529
458 3238
461 12079
473 281
476 20529
518 268
518 26567
531 84
608 19725
633 15125
685 6342
689 66
695 280
722 117
731 97
741 25191
762 6621
803 11369
923 111
1138 6961
1148 462
1211 1165
1225 744
1349 346
1467 17993
1639 1540
1839 121
1846 326
1910 121
1964 265
1964 1579
1997 276
2135 2051
2189 1851
2221 27951
2258 501
2486 406
2610 302
2819 1473
2898 78
2928 115
2953 115
3005 1123
3049 69
3119 102
3262 1525
3390 374
3462 276
3490 12218
3551 651
3806 12438
4048 280
4076 1569
4332 115
4780 266
4950 504
4984 2329
5239 2357
5391 530
5406 72
5883 27294
6239 88
6239 10082
6313 111
7405 285
8280 555
8306 276
8323 97
8983 3819
9440 2051
10021 739
10473 67
10949 115
11258 276
12002 285
12276 2778
12357 1982
13008 1147
13108 1151
14074 263
14136 2050
14190 424
14246 16403
14729 315
15758 8117
18975 1619
19507 1102
19924 658
20743 309
21549 631
22974 268
22978 567
24904 97
26316 24568
27168 27868
71 465
77 360
79 66
83 3124
86 77
98 3181
98 4387
98 8290
98 9381
99 1521
99 2064
114 99
114 2023
116 281
116 12138
268 497
281 2593
282 395
284 1090
284 20794
286 730
291 463
292 1748
295 401
304 5579
306 7674
350 1444
362 26620
373 11688
378 626
378 3015
382 4019
387 64
389 346
389 491
416 117
436 116
438 511
459 3884
471 6142
480 1623
482 6220
503 3344
524 23510
535 308
546 1359
563 17881
597 291
734 115
778 10640
792 20077
888 1131
891 361
1066 1525
1156 936
1212 115
1293 21522
1563 107
1574 617
1735 2023
1829 15044
1857 406
1868 1257
2116 6520
2345 276
2428 276
2639 500
2938 1087
2981 266
3233 946
3587 16026
3649 2139
3787 880
3799 27014
4182 365
4277 869
4672 381
4810 7314
4969 68
5488 1241
5509 353
5563 40
6181 298
6394 701
6523 408
6861 659
7781 1301
8510 582
8772 9463
9779 1561
10219 12445
10324 115
11356 1531
12615 298
12722 1045
13001 4878
14250 527
14504 1663
14809 384
15121 544
15225 898
16838 4270
16844 2337
17417 582
17766 3495
17846 16421
18428 295
19828 1645
20037 3581
20109 1168
20693 5678
22850 864
23574 17818
24052 673
24679 300
26245 508
27673 1131
28879 29373
52 2388
68 540
72 97
74 791
87 7562
104 104
104 326
104 450
108 700
110 108
112 120
116 4895
124 95
262 97
262 574
262 10128
271 3230
284 26740
286 2982
300 3163
311 23156
314 3915
324 11889
324 13263
329 998
350 3385
355 12348
372 12355
384 924
389 10990
389 12068
413 83
413 17249
417 3000
418 3292
431 66
431 447
434 27261
454 13767
460 97
476 11205
513 7655
531 88
541 5238
566 312
580 19894
595 3405
629 27906
633 453
691 590
714 276
728 18833
740 465
861 18209
896 14324
903 10883
912 710
991 432
1016 4762
1034 3956
1090 6530
1230 101
1267 2821
1360 7944
1507 7166
1600 15684
1768 272
1893 105
2005 265
2020 596
2125 24297
2223 318
2259 2710
2586 121
2629 4335
2661 2524
2792 24676
2807 374
3065 3012
3086 2686
3106 523
3272 283
3337 603
3363 379
4020 1623
4173 115
4408 1975
4810 1473
5062 653
5299 6335
5682 677
5838 271
6063 10887
6208 1869
6308 110
6718 22645
7183 7183
7359 4749
9118 115
9155 667
9296 24381
9362 280
9405 280
10014 1200
10293 105
11197 267
11289 664
11341 17101
11547 721
11577 315
12279 25499
14157 496
14927 8500
14967 361
15161 361
15204 285
15275 662
15529 381
15556 606
16866 111
17520 662
17977 267
18156 95
18248 5678
18531 276
18562 285
19742 371
19924 267
21650 1439
22178 496
22548 1944
23500 3036
23532 16127
25409 7819
27824 27146
28030 1206
28832 16335
66 97
66 280
67 3129
84 516
100 11955
102 354
103 600
105 11334
262 456
262 1868
266 2189
272 406
272 9563
274 2387
287 469
295 5847
302 356
320 286
350 4328
367 14937
370 308
377 276
378 1767
378 2948
378 10559
378 17772
389 433
390 1135
390 2290
416 1904
417 2424
431 516
438 2289
438 4533
459 1044
472 83
504 484
522 25268
524 492
574 314
599 820
637 4613
665 7382
674 20545
695 2579
749 309
1047 5735
1360 8107
1580 22468
1583 268
1638 394
1797 13174
2134 771
2134 1744
2225 276
2500 1792
2599 268
2614 103
2650 406
2689 1014
2744 574
2828 1868
3031 291
3146 309
3229 3983
3423 3055
3665 10436
3683 10663
3749 267
3787 11244
3989 121
4018 4341
4021 2778
5219 23505
5276 455
5460 19984
6256 27171
6352 730
6401 285
6960 11957
7202 2308
8135 320
8148 9160
8157 525
9011 22818
9172 105
9397 1516
9638 295
10228 285
10293 272
11464 115
11771 500
11810 1090
11971 308
12119 346
12251 9031
12268 701
12304 4853
12933 539
12958 455
13119 381
13188 16202
13293 2139
13437 1572
13515 859
13531 115
14118 45
14502 458
14755 115
15232 1035
15780 9062
16400 3163
17282 406
17581 1339
17977 658
18565 456
21476 9283
24931 554
25098 361
25424 578
28226 27614
40 36
68 4926
77 4496
104 443
114 114
224 185
284 342
287 600
292 624
304 447
317 21681
318 308
334 443
334 951
344 24794
350 557
370 26845
382 5872
400 267
415 7423
426 113
431 384
431 4187
434 19459
435 4444
438 479
446 9234
459 14114
506 97
511 97
518 5933
519 717
522 27104
633 407
633 1989
637 320
656 105
674 316
674 4973
712 424
796 121
796 3240
863 6752
973 787
1150 16187
1186 1014
1193 465
1378 5251
1406 3869
1474 276
1566 11835
1829 25467
1843 523
1896 1712
1929 116
2614 110
2783 23061
2839 309
2891 394
2976 14562
3003 314
3019 110
3390 1661
3471 13033
3678 121
3750 3814
3968 353
3968 19140
4021 1373
4128 1241
4219 25152
4259 122
4318 5198
4588 276
4897 7636
5398 455
5651 121
5783 405
5944 1095
6334 6219
6344 582
7042 111
7046 285
7096 83
7279 580
7295 267
7499 12105
7886 3598
8069 1657
8582 107
9169 651
9598 651
9801 523
10316 2148
10356 76
10478 1092
10941 281
11060 901
12324 365
12543 277
13063 26464
13595 550
13662 310
13735 662
14669 1893
15152 381
16354 1540
18283 462
20476 71
20727 635
21310 2220
22055 295
23972 315
23981 550
24088 606
24176 2162
24846 267
25303 9960
26828 946
27120 133
27462 315
27764 623
41 6301
65 4983
67 346
67 1631
71 26001
74 339
76 7962
79 502
99 477
99 28857
100 3911
102 1146
108 491
109 508
109 10323
114 1311
118 2713
267 1849
273 804
280 4786
312 366
316 286
324 78
334 1561
334 6224
342 286
350 2268
350 3798
350 4926
356 2749
359 24401
376 593
390 492
392 103
392 29200
398 1303
409 1124
414 404
421 370
423 98
431 27519
432 501
434 2414
434 3566
471 6897
472 67
493 6170
536 77
566 1741
580 268
594 375
599 267
683 27287
697 4740
702 1487
728 3581
740 626
743 117
911 4684
1025 2805
1317 309
1358 295
1361 1645
1406 12809
1436 346
1545 2266
1669 16362
1702 277
1797 4360
1829 3232
1922 889
2030 885
2175 27473
2178 23584
2417 83
2635 567
2744 115
2780 315
2959 109
3047 97
3110 374
3117 21951
3490 28591
3608 108
3669 664
3744 10704
4306 4240
4759 298
4807 121
5028 84
5260 9682
5416 3790
5460 1757
5586 824
5605 5658
5702 121
5927 276
6053 285
6165 356
6568 276
6618 275
6671 115
6957 552
7160 110
7582 10801
8789 550
8808 365
9278 49
9413 115
9697 276
10412 285
10818 1296
11227 1998
11849 302
12121 501
12477 180
12617 12985
14405 1643
14658 1172
15160 310
15225 1241
15864 399
15907 1640
16083 309
16128 1320
17004 3090
17363 1911
18426 309
19009 20776
19017 885
19834 5637
20109 314
20127 1539
21036 399
21520 12204
22496 6507
23010 1531
23134 3790
23611 10240
25015 23533
25281 998
66 506
68 2847
77 400
78 97
83 268
98 463
98 5773
100 122
103 447
103 2490
110 281
115 684
116 475
116 791
262 3707
266 20223
270 105
284 1523
289 9509
291 283
306 106
307 3236
311 25633
313 1844
313 4542
313 24805
321 380
321 2438
324 76
330 5434
341 73
341 21810
346 500
350 420
350 1814
350 8471
350 29040
365 729
390 823
402 730
412 12946
413 440
413 1868
416 4656
418 315
426 3343
437 623
459 281
459 395
472 70
472 7290
510 13767
557 286
599 5738
600 300
602 281
633 397
665 504
825 28463
888 5696
1001 10883
1004 500
1004 1531
1090 3840
1156 2982
1378 280
1406 3137
1427 120
1478 8083
1579 791
1649 1090
1695 50
1762 5757
1995 527
2110 599
2150 920
2153 18029
2164 537
2201 550
2363 771
2535 771
2629 315
2721 26311
2841 285
2843 314
3248 120
3796 664
4031 22725
4259 477
4492 263
4539 508
4767 539
4972 110
5396 285
5479 14843
5595 290
5649 276
5819 9752
5864 2635
5950 39
6339 26847
6435 20765
6674 51
8013 272
8281 5355
9296 2423
9484 1113
9643 115
9735 6342
9894 2340
10378 3101
11009 1061
11461 739
12104 1041
12480 1241
12904 1540
12969 2998
13355 285
13424 11508
13817 272
13878 1623
14175 399
14363 2427
14910 353
15402 285
16665 1753
16884 1090
17079 276
21168 658
21583 574
22082 15239
24902 1893
25706 29822
26690 24593
27441 111
27839 353
28380 280
67 73
72 267
72 6019
83 427
87 87
93 61
100 366
103 1131
115 12877
115 25614
116 1294
121 272
122 326
124 36
125 8192
277 1032
279 4203
280 321
287 495
287 2005
289 25315
302 9249
314 111
317 267
326 1874
344 8311
350 453
367 1168
378 4033
390 570
390 1294
401 458
413 65
413 7847
416 327
434 5467
441 19333
482 29452
522 29646
534 115
633 904
656 121
697 404
705 111
707 295
716 17267
770 1410
790 13767
985 827
1080 760
1090 1852
1178 651
1204 20519
1470 385
1559 550
1608 7245
1722 10887
1938 945
2044 24333
2063 3662
2120 1915
2125 267
2145 89
2188 761
2447 19119
2497 2005
2503 374
2641 424
2693 10322
2756 276
2760 263
2958 2775
3112 4635
3356 3212
3761 102
4139 4851
4997 105
5156 325
5820 4055
6210 443
6212 111
6328 276
6706 1290
6875 100
7333 1183
7353 497
7977 638
8426 309
8634 6622
8684 950
8769 1761
9256 1180
9278 55
9719 582
10303 663
10752 761
10908 430
11577 10527
12462 651
13057 4186
13286 4135
14195 10323
14781 121
15381 7765
16290 523
16627 13991
17583 73
17656 23648
18169 1013
18703 275
19100 1670
19132 300
20261 501
21027 309
21833 1338
22845 78
23049 502
23275 69
23313 998
23897 10570
24031 280
24391 17633
24432 885
25147 1601
25975 1452
26303 557
26338 3222
27100 550
27375 290
29018 514
33 39
40 782
60 92
67 485
70 1546
76 111
76 381
86 11509
87 312
98 7559
119 6563
119 8042
124 45
131 187
194 189
227 30234
275 1550
282 730
292 4308
296 1811
321 1268
324 26655
336 433
341 377
376 285
378 639
390 3819
392 116
406 111
413 17932
416 6563
418 7891
434 1521
438 73
518 291
637 10521
687 329
709 600
760 120
766 318
796 3556
808 9504
858 821
896 298
903 15099
973 659
1055 998
1319 108
1358 13358
1378 1035
1436 102
1483 712
1583 465
1649 312
1695 52
1695 57
1709 276
1862 23688
1905 705
1949 1257
2075 2046
2100 21008
2145 88
2160 3562
2380 12435
2533 10220
2671 315
2689 7689
2799 409
3112 8695
3119 98
3141 2251
3217 1434
3312 2324
3350 1241
3751 906
3970 89
4082 276
4552 26156
4614 6079
4638 323
5340 593
5374 17265
5748 280
6206 285
6313 1029
6324 508
6674 50
6836 475
7246 280
7955 717
8089 1262
8332 36
8723 285
8772 9151
8868 703
9530 526
9929 263
10135 462
10283 4960
11579 4135
11733 424
12101 539
12401 2461
12441 115
13114 3328
13215 10308
13584 276
13866 8061
14060 1948
14681 874
14719 2501
14923 26419
15717 71
16053 21625
16643 658
19860 2614
20888 2543
21513 285
22830 1748
23256 276
23793 567
27967 295
29089 291
47 92
66 9381
70 77
70 392
71 11546
75 1640
81 65
82 7766
83 624
83 1831
84 604
87 4323
97 1744
102 949
102 981
102 2881
103 497
104 1975
265 101
265 475
273 4347
279 539
286 371
301 22363
302 549
302 3242
313 1786
393 1257
413 591
419 3383
434 69
513 18448
518 28244
536 80
541 12855
594 1086
626 6246
636 2387
689 902
693 111
702 291
731 295
1012 121
1018 268
1054 97
1178 117
1233 17510
1362 5844
1538 450
1560 11555
1800 2094
1919 662
2260 12931
2366 2130
2470 271
2748 1146
2783 28291
2863 11894
2888 2162
3112 456
3164 4763
3475 9957
3756 14476
3806 3770
4074 271
4359 6219
4359 11236
4734 2665
4807 10394
5207 281
5237 285
5281 29582
5401 4375
5916 381
6599 28847
7824 22210
7832 275
8306 361
8312 19425
8368 1131
8532 9680
8634 280
8717 761
8934 26693
9153 4763
9643 381
9921 1540
10238 339
10437 327
10780 30421
10797 1404
10928 101
11976 14558
13296 275
13486 63
14246 1268
14777 69
15362 276
15651 1286
16476 4921
17172 87
17240 3719
17288 8576
17326 562
17756 286
17875 353
18083 7668
18205 2357
18800 4015
20269 2271
20341 13566
20413 998
21193 276
21425 268
21677 1085
21823 308
23261 905
23430 24746
23576 1375
25087 30023
25945 687
26233 562
26888 5979
29169 757
29247 2232
68 272
80 286
82 111
82 272
83 1121
84 84
86 69
97 19422
98 116
98 1910
99 346
99 7750
107 512
109 407
112 98
114 1759
264 4691
264 7185
265 121
272 6173
272 25190
274 663
279 4613
279 7519
282 29367
283 1195
286 285
296 8653
316 380
326 281
328 109
330 117
334 276
336 6137
341 318
342 651
360 381
364 13859
378 12854
382 339
390 1523
392 3426
406 380
412 9385
413 66
426 107
426 20883
434 14052
461 3690
532 1168
580 295
580 19383
611 5852
658 2764
685 3920
690 21508
740 992
769 4555
796 330
851 4218
888 4000
914 5509
959 2913
978 276
1037 1921
1082 8061
1094 621
1108 574
1128 360
1269 117
1278 2562
1360 9301
1432 2073
1705 280
1732 3038
1735 11252
1754 6335
1820 381
1832 17485
1885 346
1937 6787
2241 508
2260 526
2445 6571
2480 53
2863 409
2903 3904
3077 275
3227 3118
3241 1404
3291 26296
3366 3090
3536 12178
3545 6335
3563 2710
3580 567
3744 2202
3764 122
3931 2460
3962 1032
4021 10982
4673 5582
4734 27020
4799 623
4913 1909
5139 921
5444 309
5686 4464
5863 1123
6014 3254
6303 20908
6422 759
6457 7090
6693 3115
7011 115
7091 286
7137 1292
7202 1005
7363 5775
7415 285
7418 701
7582 16699
7709 268
8269 339
8601 309
8650 3211
8835 425
9274 105
9371 315
9452 525
10285 664
10293 97
10463 550
10780 1095
11017 14920
11515 5122
12862 276
13029 271
14002 19987
14099 295
14444 950
14520 26116
15210 8388
16320 14624
17661 320
17700 366
18579 285
20244 396
21601 276
21835 283
26146 278
28199 380
28344 143
28509 8272
49 1478
65 715
66 400
70 3297
72 929
76 288
77 20427
83 901
83 1192
84 10254
102 1998
103 312
106 591
108 4004
117 111
194 172
262 2925
263 567
264 30042
267 444
274 26783
284 25624
287 120
302 111
304 497
316 314
321 271
321 9760
323 351
324 65
331 11626
334 280
373 101
384 13932
387 44
390 84
390 277
401 1689
411 8031
413 5509
429 6459
434 79
434 80
434 8720
438 570
446 1243
449 599
471 5527
472 325
493 2021
513 24867
517 24239
522 29809
541 9064
541 17269
571 3764
587 492
587 3407
705 283
731 14559
760 8560
769 3446
837 3090
861 14480
872 623
1112 20647
1128 268
1186 97
1230 115
1369 312
1466 353
1507 6452
1568 1172
1585 16668
1918 612
2051 658
2207 1540
2274 8335
2490 1909
2527 5122
2581 1944
2661 1759
2674 110
2822 6579
2844 10489
2853 501
3178 869
3743 651
3910 314
3931 11413
4195 111
4228 1070
4315 869
4486 3433
4517 1180
4581 462
4801 371
4891 121
5176 692
5416 14741
5649 574
6356 275
6437 661
6505 4604
6545 662
6721 2513
6721 27730
7024 30344
7039 309
7172 10240
7240 99
7999 115
8860 527
9055 499
9443 4011
9717 527
9837 406
10480 3278
11210 111
11544 1076
11793 5757
12486 28556
12575 729
12920 379
13463 658
13554 495
13611 425
14116 6870
14658 898
15907 318
16643 2189
16810 276
17495 300
17630 111
18923 267
19602 9637
19675 11049
20107 1748
20233 3263
20935 380
21018 6289
21581 1778
22454 314
23268 550
23689 11647
24373 7635
24471 12937
28209 920
28239 267
28561 508
40 42
50 2676
67 325
78 281
98 3740
108 2049
109 3113
110 401
110 407
195 175
263 351
274 8196
288 112
289 5361
292 897
311 27707
312 308
317 6563
336 310
338 99
347 276
350 5041
382 397
389 24366
390 298
395 108
405 323
406 11986
431 1210
454 395
471 11745
531 122
540 496
546 4966
577 13358
594 590
608 13604
687 3009
706 318
849 5980
896 5756
952 2086
985 1296
1094 268
1191 1131
1202 5545
1228 856
1309 27812
1325 10523
1544 663
1560 1070
1702 23237
1918 2018
1950 381
2114 2376
2116 1146
2170 17140
2234 115
2406 15146
2661 10500
2843 22804
2844 10663
2872 4493
3089 19668
3236 1738
3629 380
3901 1645
4237 11183
4297 651
4318 321
4505 514
4613 527
4621 310
4958 3433
5278 107
5366 3818
5683 1131
6115 263
6136 302
6217 121
6398 921
6587 327
7137 300
7187 462
7193 824
7865 496
7896 921
8029 998
8299 5666
8686 115
9347 550
9440 286
9724 508
9731 268
9831 4724
10149 905
10303 3716
10435 1070
10901 309
11778 276
11801 5054
12408 76
12539 869
12549 752
13674 2713
14360 623
14435 309
15222 508
15406 10256
15758 4015
15813 285
16496 115
16558 9685
16954 2046
17522 1135
17604 26501
18562 366
19096 16338
19380 381
20200 662
20729 8531
20992 122
21908 7893
21998 3230
22796 455
22908 9145
23310 501
24598 5296
24621 12511
24826 402
25511 17159
26528 8402
71 14973
79 112
84 272
87 66
98 117
100 713
100 1124
108 585
108 5384
109 325
112 1375
116 3080
194 167
280 290
281 308
284 506
296 122
318 286
332 1132
336 85
341 617
341 902
344 8729
344 10498
350 8196
350 11892
365 109
370 656
372 432
378 658
389 2229
390 666
390 1444
390 1780
394 281
394 1574
406 105
419 8998
419 11775
421 19901
431 453
431 12584
433 680
438 897
450 275
462 122
471 90
471 2018
513 3869
514 450
588 26889
597 308
602 749
627 1339
669 554
713 353
794 19097
930 400
944 3562
957 18488
994 111
994 290
1052 496
1059 13666
1074 1271
1082 2860
1100 1753
1139 330
1148 18055
1156 534
1186 115
1299 3634
1354 1433
1470 14955
1511 26917
1538 8914
1576 1005
1669 25070
1683 371
1732 2663
1803 623
1885 308
1885 27458
1989 275
2020 425
2142 6246
2400 280
2480 7680
2886 1135
2928 276
3070 814
3089 15165
3471 4203
3714 23796
4195 10781
4360 761
4691 117
4779 2332
4949 15041
5460 17479
5645 28466
5804 4198
6166 1132
6593 10694
6885 276
7839 4719
7899 353
8089 17794
8099 14448
8948 7599
8960 23805
9069 379
9452 4658
10020 16183
10024 905
10217 1909
10293 283
10578 114
10927 1070
11249 739
12306 593
12738 111
13193 574
14440 469
15711 115
15842 869
16242 719
17924 1090
19289 2072
19659 898
19712 263
23646 4186
23748 25663
24941 596
28686 361
28696 320
29121 623
63 654
67 2703
72 402
72 443
77 992
84 2266
100 281
103 10587
194 163
263 508
264 2021
271 667
273 1738
284 2094
288 9425
296 21280
311 272
317 29553
327 6319
337 144
350 3129
378 1076
382 514
387 123
388 1274
390 1602
396 102
402 380
402 18887
407 6997
418 4440
419 16675
431 121
433 590
434 6081
434 12120
439 299
441 312
459 25895
472 5346
485 10694
491 351
496 108
510 7917
513 2592
553 1006
687 8272
689 16914
693 936
760 11031
777 3405
778 638
790 3648
887 719
914 1896
944 771
1012 2784
1047 310
1130 1087
1157 2094
1181 97
1218 13563
1341 612
1400 115
1470 2086
1702 26526
1709 85
1754 1326
1973 115
2117 97
2328 7411
2500 366
2544 29322
2555 950
2776 8102
2789 3151
2938 271
2938 487
2994 4121
3005 263
3049 73
3051 48
3356 8517
3430 366
3517 263
3570 4888
3665 107
3817 280
3927 121
4139 75
4461 25962
4571 589
4621 1180
4941 496
5301 1660
5403 275
5556 898
5608 1975
6005 1552
6021 121
6055 7067
6206 309
6337 557
7117 979
7142 2139
7681 538
7723 2133
7768 115
8043 116
8366 1268
8552 276
8833 22609
9041 361
9078 739
9189 3078
9526 9384
9621 32
9704 4173
9747 5439
9901 18736
9973 14484
10124 3385
10204 1623
10329 2143
10439 22102
11050 365
11125 24732
11154 998
11806 950
12550 326
12872 4670
13132 824
13282 2866
13404 1367
13624 371
13786 3218
13895 1061
14056 17720
14075 1005
14541 309
14588 380
15243 2349
15845 121
16212 285
16560 280
17755 87
19628 651
20203 462
21076 920
24988 4464
25758 280
26099 1241
65 112
67 5703
71 3385
71 8896
78 1449
79 10997
84 9211
99 820
104 822
105 3230
111 2086
112 356
265 821
266 298
266 1073
282 600
291 462
292 992
296 495
301 16437
304 318
310 2438
313 639
313 15010
338 20404
341 27378
369 653
378 77
380 330
416 318
418 381
426 121
434 24348
439 1970
446 596
454 11220
463 1525
471 70
471 561
503 8311
546 4047
569 45
571 2143
602 16938
629 3012
689 69
691 29915
728 2778
810 25997
884 651
896 13969
907 101
914 1087
995 623
1015 623
1020 4701
1063 16953
1129 432
1138 109
1138 1753
1139 99
1225 1683
1265 13654
1400 97
1478 3487
1478 8938
1504 1509
1602 494
1609 1061
1636 816
1653 275
1857 11525
1905 538
2125 379
2221 26224
2227 366
2241 496
2321 299
2333 458
2376 115
2550 653
2674 112
2744 381
2938 22853
2964 24091
2989 40
3065 26809
3231 2162
3283 97
3342 1975
3390 3581
3806 3298
4011 319
4029 145
4108 28843
4117 309
5008 27692
5108 381
5560 432
5574 26695
5698 2086
5744 295
5907 265
6130 528
6506 859
6532 447
6606 109
6645 2005
6686 1311
6721 3278
6822 76
6958 276
7301 82
8406 25940
8884 12774
9144 309
9472 721
9919 115
10088 7154
10282 10249
10332 856
11030 1418
11771 1881
12080 394
12362 288
12710 365
12723 115
12811 314
12989 462
13063 330
15114 730
15139 408
15312 17209
15722 680
16233 1257
17394 1085
17657 26049
19392 11762
19847 673
20046 318
22085 868
22266 4636
22321 7589
23123 309
23656 268
24243 920
24315 281
25939 104
27494 2086
27624 101
28008 28257
30028 2821
67 97
70 641
80 6364
84 266
84 8975
98 2290
99 13269
100 3619
101 11945
108 3288
109 823
112 1292
112 11795
115 113
115 437
119 8872
262 395
263 870
267 767
273 11507
277 263
280 719
287 6563
291 2130
292 1705
318 567
324 83
324 314
324 666
324 2440
326 105
341 78
341 5311
341 5770
350 27180
356 2668
363 15001
378 89
382 520
398 8974
407 112
416 300
429 8378
432 276
438 1313
439 3242
446 3353
454 18883
457 3121
461 440
472 281
503 266
513 12301
540 1761
545 45
600 732
612 477
618 332
731 4322
731 27896
744 508
760 5942
812 4670
861 4135
912 917
1047 329
1079 23720
1082 23831
1127 508
1137 111
1202 24587
1226 11824
1278 24607
1360 7680
1426 4664
1467 268
1470 596
1481 381
1524 330
1669 316
1669 1468
1702 491
1702 28927
1715 4135
1721 379
1806 7440
1907 13056
2170 121
2337 275
2416 1172
2426 13977
2543 729
2692 1381
2789 5426
2818 759
2903 11152
2912 276
2912 16870
3031 15949
3031 24731
3049 115
3069 1948
3267 10381
3361 495
3384 921
3385 65
3564 68
4265 651
4620 3527
4795 1825
5380 29299
5748 291
5760 651
5802 1881
6115 2502
6118 268
6187 27010
6380 308
6719 299
6722 276
6765 557
7003 430
7142 14207
7393 310
7661 5237
7826 599
8520 523
9067 115
9261 276
9440 821
9526 5062
9719 3232
9733 365
10724 84
10746 17705
11078 315
11260 1540
11421 497
11523 514
11909 596
12918 8913
13345 992
13673 921
13804 2764
13922 1270
14356 101
14576 12684
14819 28443
14829 455
15271 1032
15614 109
15705 432
16307 285
16405 8500
16928 642
17512 275
17581 516
17712 562
17787 1257
19824 276
22239 931
23043 527
23149 1131
25182 3515
25236 1531
28470 6258
32 3203
39 782
40 3698
41 8916
43 41
45 36
66 339
67 9315
75 104
77 295
77 1786
83 7087
83 9059
84 491
85 5665
87 2565
99 103
99 9066
101 2463
107 3328
108 604
119 100
125 6208
262 10760
273 271
277 265
281 2012
283 263
284 102
284 798
284 1705
286 5003
292 28712
296 291
313 394
313 430
320 6922
329 455
334 26817
335 17537
341 1168
350 17180
378 2414
390 485
405 351
405 401
413 815
416 936
418 7422
421 538
431 1398
434 570
434 943
438 1759
458 365
471 308
471 30757
472 600
505 115
536 83
563 19573
577 98
626 920
627 462
639 97
673 606
674 22353
678 14539
678 16936
689 30034
764 339
782 92
836 6051
853 7840
858 4749
896 10436
912 2785
929 276
937 276
955 44
991 29580
1004 1659
1015 4684
1036 2935
1059 14710
1128 11906
1130 308
1276 936
1325 101
1360 5044
1378 263
1392 7760
1432 1896
1478 2388
1554 394
1622 290
1663 285
1790 623
1809 7475
2006 11753
2054 530
2126 3434
2233 56
2259 4092
2283 701
2378 3043
2380 21500
2675 25495
2836 921
3082 309
3122 10547
3295 8999
3361 30482
3377 7636
3423 10547
3654 3911
3889 8610
3916 701
4487 374
4527 1292
4643 697
4748 651
4927 32
4969 72
4990 276
5063 19393
5142 276
5299 28069
5369 22770
5668 24300
6014 13583
6046 312
6057 15377
6146 5564
6182 97
6593 2410
6712 121
6719 9085
6926 20173
7176 2407
7266 28532
7320 5775
7861 2202
8027 557
8640 6137
8828 87
9125 3362
9256 271
9312 24725
9513 82
9704 21215
10057 3216
10189 432
10330 353
10615 286
10616 295
11006 1677
11460 739
11901 40
12268 998
12274 351
12481 3228
12957 165
13825 921
14157 6389
14502 19766
14863 309
15171 7621
15258 285
15417 285
15519 869
15631 4740
15690 1439
15942 27148
16184 9934
16458 612
17624 323
17678 497
18267 642
18851 30425
19965 281
20105 315
20131 12465
20341 3356
20602 820
20758 130
20785 3186
21473 692
21685 356
21724 121
22267 329
22912 979
23666 12934
23918 9384
24071 623
24667 291
25747 3445
26702 1810
26755 21220
27974 673
30121 379
46 1184
66 89
73 114
76 16936
80 1155
87 10966
98 2415
98 2470
99 2959
101 497
102 2786
103 1090
108 578
115 312
117 550
124 61
270 2309
274 1831
277 407
287 288
296 567
296 2573
308 27389
309 8513
313 573
317 27390
341 656
343 499
363 19793
370 101
370 700
374 820
378 2049
378 7847
382 2670
389 2614
390 83
393 26890
413 505
414 290
434 3207
434 4000
434 15353
459 4323
467 5189
473 263
482 395
499 477
522 295
527 1271
571 31761
602 5116
632 2866
633 504
693 13393
780 373
790 890
912 397
914 479
923 3909
990 20954
1003 635
1082 623
1150 26421
1360 2233
1360 10067
1467 325
1477 112
1478 10417
1523 760
1553 771
1669 21340
1732 4343
1783 550
1844 623
1869 123
2061 2012
2142 2797
2225 275
2289 97
2335 4360
2380 310
2550 97
2650 5115
2964 2777
2974 276
3267 111
3458 54
3482 277
3749 658
3899 2463
3934 16346
4034 404
4169 860
4245 276
4292 295
4443 3840
4799 3216
4891 353
4918 26625
5301 3207
5531 653
5586 1398
5649 281
5819 6224
6384 115
6592 701
6623 623
7901 291
8532 705
8731 55
8731 56
8857 309
9725 9383
10127 3263
10204 290
10511 309
11460 263
11778 115
13673 1241
14244 23095
14308 593
14455 298
15245 45
15784 432
16505 1989
16727 6417
18600 2046
18791 315
18856 616
18936 19082
19156 2654
19515 600
20966 318
21953 315
22148 819
22738 424
22751 268
24156 730
24602 692
25378 2056
26534 315
28153 3975
30059 267
32 2614
67 5041
71 79
79 1753
83 500
84 1117
85 66
95 40
102 18809
104 2718
118 312
239 184
270 463
279 2987
280 109
280 512
284 288
284 6147
284 7860
284 17001
287 3383
289 28354
291 374
291 2257
306 11217
308 16160
334 976
334 5579
336 590
336 8858
341 122
341 6334
342 2745
345 1753
359 27833
369 110
372 374
375 519
390 22925
411 267
414 2513
415 394
423 25779
433 111
438 6531
454 8566
454 23804
459 1380
468 26143
471 582
471 4005
472 307
511 1699
522 26557
536 82
600 1814
642 97
689 30434
719 267
731 5757
741 27038
762 1416
861 1852
888 1183
925 115
957 268
973 105
1067 4506
1128 2005
1130 7504
1210 280
1225 5292
1428 276
1458 381
1478 8557
1481 574
1536 17578
1621 346
1642 309
1649 280
1649 494
1737 6860
1783 651
1812 516
1924 404
1973 1799
2118 115
2124 2124
2145 80
2145 6618
2160 1095
2164 49
2274 291
2373 2244
2383 4828
2541 8824
2634 977
2848 295
2853 275
2938 473
3159 739
3328 263
3411 1439
3936 373
3960 3115
4208 366
4706 850
5079 1061
5403 11732
5681 554
5783 28462
5873 268
6380 17810
7001 606
7115 276
7279 1929
7289 10268
7386 21985
7800 854
7837 465
8020 4575
8088 8009
8327 6246
8946 69
9078 404
9466 25441
9483 1989
9733 315
9967 15617
10009 3028
10204 1111
10463 365
10468 2156
10588 112
11154 7008
11243 280
11273 280
11291 2008
12227 309
13283 20320
13994 6108
14343 11825
14556 1468
18470 20231
18748 19841
22552 263
23383 623
24221 295
24524 427
24616 462
26042 3362
27225 539
27240 692
27625 121
32 11099
39 59
67 101
70 1084
76 4121
78 823
80 591
82 97
83 9920
83 10760
83 12694
99 3301
100 298
102 1029
108 11795
110 976
112 1937
114 6096
197 130
262 653
270 495
270 8428
287 19562
309 828
311 5311
333 2090
343 23163
346 14210
350 89
350 2229
350 22270
356 3619
377 574
378 13841
389 326
389 8311
390 1554
413 823
413 8249
418 1090
423 10566
431 3190
434 73
437 5434
438 1896
446 8389
459 77
472 1657
495 272
506 2764
511 105
530 361
532 9064
563 99
567 111
569 34
618 485
625 2711
689 8885
709 491
709 5938
741 856
790 4691
871 998
914 3919
926 25018
981 395
1004 99
1023 285
1037 2084
1097 16240
1122 111
1156 8086
1220 92
1226 885
1355 1303
1360 8557
1465 409
1559 946
1735 3919
1740 1561
1869 40
2126 3211
2221 109
2479 798
2480 8107
2533 374
2634 2081
2799 18330
2923 16403
3005 1541
3035 21400
3141 2455
3744 770
3836 5307
3958 353
4105 538
4377 508
4379 16548
4649 98
4949 616
4958 22214
5060 2008
5217 3230
5330 5798
5632 1195
5645 901
6122 1102
6327 1778
6380 97
6461 730
6568 285
6599 281
6624 1241
7099 1456
7171 574
7590 353
7691 5995
8474 68
8489 1274
8519 115
8528 496
8709 1460
8959 3518
9065 557
9443 19419
9820 399
9876 371
10680 7103
10927 1180
11201 626
11302 408
12054 275
12082 82
12164 6786
12221 29336
12958 1677
13379 19352
13437 394
13538 115
14279 1387
14716 276
14940 371
15443 1192
15977 115
16414 285
16449 381
17069 111
18766 9588
19351 662
19895 19887
19972 6173
20873 1247
21177 1516
22344 2973
24026 701
25275 315
26155 636
26892 2143
28500 323
30526 300
31069 11838
50 1416
66 2898
67 2018
72 307
75 65
103 1158
104 716
104 1808
226 140
270 291
270 1241
270 2784
270 11219
273 8852
279 312
280 353
284 105
286 899
287 26531
304 640
305 25873
311 1294
311 4360
312 329
316 6957
336 5386
350 120
363 308
368 27627
372 5435
378 1825
389 79
389 395
389 400
390 554
390 798
390 1412
409 855
413 573
413 7642
415 1086
416 82
417 1478
431 3301
431 11955
434 475
434 1487
446 26749
454 28087
459 68
459 1121
459 2614
459 21584
461 500
471 370
472 17249
528 9727
531 25479
536 6774
602 27701
613 9684
633 111
718 91
719 115
735 19593
740 1724
812 1200
831 1757
861 950
930 5115
990 5566
1108 25166
1186 6707
1222 1095
1244 268
1308 266
1489 13582
1563 4132
1702 28229
1774 123
1871 116
2160 7008
2449 53
2480 4892
2657 49
2661 2275
2661 12090
2674 2376
2677 2663
2823 19418
2891 4544
2959 102
3009 697
3095 3043
3117 864
3129 67
3171 25265
3337 450
3348 460
3517 374
3883 268
4041 1944
4069 1881
4130 3621
4204 71
4300 1190
4505 440
4614 1359
4852 268
4864 29281
5137 30984
5211 12527
5277 14165
6085 26720
6268 285
6398 1172
6471 14539
6716 329
7022 29828
7673 1654
7839 295
7886 1683
8268 824
8696 22545
8839 25596
9341 77
9342 1524
9440 14210
9603 8617
9735 612
9988 946
10058 455
10470 65
10936 667
11052 2850
11243 820
11409 10792
12134 353
12540 2162
13455 281
13939 1135
14504 1982
15179 275
15758 7889
16450 729
18236 1891
18268 330
18423 2376
18919 280
20088 110
22456 1283
22980 4533
23420 7536
23487 1374
24237 291
24823 2826
25341 28341
25513 392
26139 300
26184 31435
26533 381
26600 18843
27875 3840
28328 1181
28503 25089
30019 2713
30474 348
32251 302
70 1449
77 117
77 3113
83 23527
87 78
99 828
100 824
100 946
106 414
114 1738
265 314
266 3030
267 12640
270 383
273 2000
274 749
284 3396
284 4103
284 5443
286 1683
287 99
287 604
287 13824
287 20410
289 2051
295 122
324 659
324 3240
324 17585
325 122
336 316
341 298
341 527
354 2850
376 20093
378 3648
389 929
390 832
411 307
416 351
421 5116
431 2754
434 105
436 321
437 405
437 18648
454 2073
454 9233
458 1550
472 540
482 15095
513 23947
518 1286
520 267
541 21626
563 1005
575 2337
588 2785
595 5031
597 11972
600 1131
602 432
633 97
671 29847
674 7272
689 527
693 7860
707 122
708 25504
714 555
730 101
770 727
837 501
912 16760
952 1759
958 10
978 562
985 3772
1008 8729
1020 3254
1150 3064
1186 8065
1255 2388
1267 4730
1391 519
1420 770
1431 5194
1585 2594
1598 319
1762 384
1787 539
1803 353
1879 1251
1934 275
1943 16469
1964 392
1973 3515
2017 651
2155 1187
2234 5835
2243 10864
2258 354
2733 477
2799 1881
2933 53
3350 950
3361 104
3379 14645
3727 1874
3744 272
3761 26905
3788 40
3841 115
3968 101
4149 623
4195 897
4306 9811
4312 285
4312 653
4365 651
4673 1964
4890 574
4966 277
5076 42
5111 18994
5211 10295
5225 1073
5237 1168
5531 268
6068 642
6165 407
6302 6629
6314 420
6317 692
6372 12937
6506 1087
6542 7889
6740 6474
7506 79
7584 1111
8143 10474
8366 1753
8612 103
8629 21000
8688 3115
8702 314
9278 51
9278 52
9413 381
9552 401
9764 1172
10140 8054
10140 29891
10329 739
10443 4800
10544 280
10724 2994
10731 2665
11125 295
11243 276
11499 24930
11538 115
14017 730
15568 286
16074 118
16172 5355
16640 28440
16875 18805
17216 677
18282 111
18686 267
19017 3791
19096 97
19336 494
20081 108
20161 687
22130 101
23723 267
23858 7589
23886 1460
24038 121
26400 567
29232 1531
29765 30914
34 1184
65 430
66 6744
66 11546
68 6809
71 7710
75 66
77 318
77 1319
78 976
83 1787
98 100
100 98
100 299
101 1822
103 816
114 653
125 58
195 174
262 1151
263 477
265 404
269 8872
280 2455
282 30603
283 298
284 6170
289 1117
290 501
301 1936
302 400
304 10508
306 5068
310 120
318 2151
322 4418
324 1670
329 12557
330 3249
334 2308
341 440
342 263
343 1121
344 29770
350 5770
374 946
378 11135
390 20289
401 1477
412 401
419 30711
420 9049
421 463
422 10173
434 83
438 6383
438 8154
441 4819
441 19855
446 15044
446 16938
454 512
454 4270
472 1583
472 25195
485 366
492 432
513 29962
522 2774
533 4542
533 4737
571 107
595 890
599 277
602 504
655 263
689 414
689 514
689 4005
709 29377
736 998
842 21223
919 276
985 9320
1008 13298
1039 115
1138 12392
1336 268
1478 9917
1640 267
1715 3405
1722 99
1722 519
1812 2244
1907 268
2079 268
2556 1032
2581 11624
2641 276
2774 591
2843 506
2916 276
2945 56
2964 23220
3003 275
3119 6051
3445 97
3535 26034
3599 4506
3769 5194
3931 16054
4008 121
4105 285
4307 1311
4534 330
4581 380
5312 285
5624 663
5861 701
6239 346
6240 109
6451 1257
6987 4837
7223 7523
8365 4989
8535 29430
9385 425
9870 115
11045 275
11125 425
11320 115
13110 1825
14193 381
14744 31083
14928 4879
14958 87
14960 314
16205 353
17336 30933
18168 319
18728 6793
19563 1744
20246 1409
20690 585
21346 351
21731 667
22002 432
23408 1601
26052 6212
26715 2455
27383 109
27642 2522
27795 13157
28674 687
28837 523
28974 1301
29070 169
31269 26815
31775 1452
32577 24450
65 5527
66 114
67 1433
72 2847
76 3074
82 397
83 276
83 1095
87 621
100 21702
101 105
112 3015
119 22067
121 2695
125 38
263 353
264 23103
272 98
274 6096
284 117
292 443
296 13583
297 485
303 286
306 1356
306 28840
314 122
316 105
334 1937
336 90
336 821
336 7628
341 6226
341 29500
350 906
350 1602
367 97
384 111
389 8255
389 9254
395 372
411 16700
413 463
414 494
419 342
419 5238
429 7795
431 10328
438 68
438 80
454 3328
472 504
477 405
522 2575
522 26253
522 29539
536 65
563 11359
566 2513
570 371
597 312
678 701
693 11794
702 516
709 634
792 400
794 1685
836 23405
838 309
849 1909
886 115
944 1044
1008 108
1112 440
1126 3263
1151 266
1155 104
1196 8041
1278 19990
1293 21394
1360 1416
1360 10862
