20000
32 116
104 101
32 97
105 110
101 114
262 263
111 110
97 110
105 115
114 101
32 111
32 119
32 115
101 100
111 114
101 110
97 116
97 114
101 115
32 265
32 99
272 102
97 108
105 116
97 115
264 110
32 102
32 98
32 112
105 99
287 100
32 109
32 84
111 117
32 83
265 103
111 109
108 101
32 100
32 65
32 270
262 111
32 104
105 268
32 49
32 67
32 73
97 109
105 108
273 286
32 77
115 116
277 116
294 263
32 72
114 111
32 108
32 50
101 108
32 110
32 66
111 108
97 100
117 115
262 104
32 34
32 80
101 116
97 99
101 99
32 271
32 268
32 40
97 121
111 116
32 103
306 57
105 118
105 100
105 114
117 114
288 276
117 110
319 48
32 101
105 109
111 119
108 121
116 266
32 70
105 103
32 82
32 68
101 109
32 76
32 71
263 114
32 78
274 116
32 74
117 116
278 305
32 87
99 104
266 115
269 100
295 110
264 115
111 112
32 69
264 108
111 118
116 104
308 116
270 116
99 101
117 108
289 101
99 116
114 298
285 104
289 121
97 103
264 271
308 110
117 109
316 101
98 266
32 79
97 118
32 263
111 115
279 116
273 382
97 265
288 381
273 104
326 278
264 116
114 105
280 116
284 108
32 85
32 75
32 285
111 100
105 269
105 97
285 121
32 118
97 112
97 107
32 114
282 298
272 114
39 115
310 108
290 108
105 280
271 115
105 102
108 100
101 112
309 101
345 49
296 116
115 111
269 116
290 317
117 100
111 271
118 266
282 268
32 107
97 98
105 101
278 101
304 270
279 100
276 116
291 104
268 103
111 99
282 104
105 112
109 266
101 279
352 104
279 121
276 110
307 104
103 101
266 101
101 119
32 325
117 112
32 86
117 98
372 428
404 110
286 116
280 115
368 116
117 313
111 313
274 101
226 128
273 454
270 104
304 286
295 114
300 101
48 48
339 101
115 101
368 100
114 269
391 101
277 100
355 389
320 108
113 117
103 104
109 314
278 275
116 358
101 370
32 344
269 121
274 104
348 110
273 276
32 299
274 112
488 299
321 336
294 104
345 48
298 101
32 121
105 271
419 335
346 120
114 285
289 331
341 313
116 115
105 284
291 269
111 107
114 97
265 101
398 442
295 116
330 107
108 367
290 496
117 99
117 271
288 507
114 121
269 103
111 103
264 98
304 479
278 280
276 100
291 284
293 373
271 110
105 107
263 110
264 114
285 275
282 269
340 101
105 275
449 116
295 484
102 350
331 116
345 50
32 51
262 101
290 394
304 324
415 112
305 115
267 121
384 101
117 101
268 100
333 101
295 115
435 110
324 101
301 447
114 291
296 263
301 108
347 101
301 110
468 147
278 266
286 115
267 341
101 121
309 112
99 108
312 279
32 89
272 487
282 108
338 57
97 271
124 124
266 109
117 103
100 266
461 535
330 104
398 111
116 111
363 284
119 110
34 44
306 56
119 111
97 325
291 101
266 110
32 358
105 122
271 101
289 362
501 448
112 266
330 101
102 102
282 403
41 44
558 510
337 114
556 492
284 349
315 121
498 270
264 103
274 266
415 109
301 114
117 450
277 115
295 423
299 380
32 106
350 110
269 115
112 112
276 109
326 270
108 280
97 119
116 101
352 110
112 441
456 275
102 266
601 275
344 101
525 515
32 317
390 110
338 56
293 557
427 527
107 115
372 108
413 101
406 115
286 275
264 380
262 114
262 589
310 100
265 100
282 464
323 100
111 407
105 98
117 365
276 121
263 100
570 431
293 490
293 466
265 377
32 52
264 541
371 110
101 98
289 451
105 111
338 55
32 53
111 98
434 116
295 374
267 271
317 112
359 455
268 101
264 100
351 478
379 277
281 655
301 115
278 104
119 101
342 297
378 116
116 277
270 115
266 121
300 538
268 115
274 263
297 115
277 377
276 374
356 101
84 263
282 410
590 101
32 564
339 366
330 116
97 104
340 314
99 105
459 108
119 440
421 115
293 101
293 432
290 323
262 562
49 57
111 511
332 115
288 477
281 584
363 115
285 101
273 533
195 169
532 101
493 107
338 54
114 284
530 437
105 299
97 310
32 457
506 425
279 107
32 347
112 108
291 115
276 115
285 305
300 270
290 370
300 111
116 268
32 55
111 336
103 269
295 112
335 115
263 271
332 103
289 329
284 115
267 109
32 54
323 108
101 120
318 339
321 387
32 277
32 56
112 116
111 104
99 99
111 121
293 325
264 620
98 451
597 115
361 269
296 104
288 309
112 114
291 107
111 265
386 100
346 118
274 500
97 117
661 103
272 362
332 99
734 378
343 109
290 266
282 314
503 275
545 309
272 433
393 101
111 389
102 116
321 425
283 102
111 323
373 592
271 278
307 464
321 455
290 114
332 299
309 280
300 422
270 305
117 380
346 616
98 403
300 376
118 320
274 111
269 110
360 394
314 115
291 116
326 269
543 48
300 424
333 349
318 279
304 347
279 115
680 277
444 107
194 160
269 377
274 331
104 446
32 57
338 53
288 108
109 112
101 433
99 263
268 116
360 431
114 309
424 116
271 100
32 90
274 297
274 443
296 112
301 465
110 101
273 505
105 120
338 52
506 695
762 613
357 578
342 110
310 121
790 121
274 121
315 271
751 389
502 380
364 276
97 122
289 117
98 387
421 700
744 814
114 540
99 280
347 280
336 104
273 615
312 335
675 377
273 742
265 97
116 310
795 629
286 101
282 323
300 280
102 621
108 108
609 396
274 99
400 116
109 269
308 115
307 298
300 681
97 340
320 121
118 275
273 268
115 268
286 104
276 107
697 410
411 685
102 432
339 266
372 853
604 740
301 116
350 115
118 101
401 98
491 348
117 606
436 299
318 718
265 280
274 652
430 100
850 423
337 111
360 438
348 266
105 266
284 410
793 642
273 101
579 465
289 108
338 51
101 103
361 117
323 524
366 268
97 106
758 291
284 101
342 121
274 109
291 446
559 116
336 358
495 331
707 285
322 505
277 266
279 108
104 121
290 271
300 849
306 55
309 275
394 485
489 865
105 329
265 110
422 101
866 314
293 335
829 481
282 271
326 595
32 480
365 787
299 118
738 799
571 365
293 268
119 335
303 586
301 911
380 783
359 373
376 115
278 358
277 110
474 48
818 553
293 396
285 284
270 109
332 108
295 476
101 118
662 114
354 331
121 112
306 48
299 121
267 110
285 420
318 443
610 420
318 565
489 580
355 314
32 483
264 453
765 310
97 341
286 268
296 943
293 329
50 48
298 329
266 275
361 755
105 320
279 401
278 116
99 275
278 475
915 349
390 955
328 114
337 788
361 631
412 269
274 457
282 111
105 309
112 277
316 270
281 100
493 423
328 317
385 97
116 275
265 115
99 463
270 654
968 613
326 856
307 108
265 284
956 481
273 418
325 115
282 412
301 982
279 110
306 53
290 702
361 1001
969 481
288 101
317 115
296 119
405 297
301 541
300 331
344 923
461 886
322 114
456 101
97 105
274 425
523 117
306 54
922 403
743 305
288 472
101 269
293 640
445 279
105 555
103 402
318 444
355 98
307 269
351 1015
357 114
108 470
990 110
293 269
809 936
371 117
298 269
445 646
332 116
421 314
266 116
341 100
804 275
296 669
434 115
117 284
300 340
273 482
32 81
307 323
34 41
109 121
317 119
117 421
313 355
430 118
270 350
105 387
331 104
108 112
384 552
379 297
429 115
748 348
321 935
293 481
103 266
274 459
274 879
478 115
322 108
494 324
283 683
289 320
305 284
290 917
321 585
928 470
393 115
288 949
351 276
306 50
329 115
269 107
359 585
289 114
97 120
948 796
835 721
364 279
307 268
112 104
359 691
318 1041
379 888
321 691
298 277
293 275
272 586
348 824
279 349
1060 671
272 423
264 109
289 710
291 408
291 97
534 116
307 284
396 115
293 278
289 317
401 280
353 424
114 376
337 425
289 516
611 631
322 101
300 114
772 1056
289 367
265 107
280 101
329 116
764 844
264 99
313 114
281 118
296 99
360 114
338 50
321 101
422 291
107 101
872 313
293 1035
278 297
321 111
288 1088
473 102
999 485
332 109
274 342
503 266
285 115
362 305
267 476
344 100
99 121
392 1084
375 284
320 115
301 100
775 363
413 280
306 49
572 885
98 299
274 658
774 528
287 121
270 101
545 1112
328 104
846 1079
293 407
332 112
343 447
306 52
289 402
419 599
307 410
102 378
418 305
426 57
278 520
531 116
306 51
502 100
321 448
264 756
279 109
102 463
296 500
413 297
534 477
262 970
282 615
346 433
310 109
289 859
378 108
317 103
467 433
273 565
357 101
304 376
111 120
750 275
677 297
801 370
320 102
293 265
569 549
116 263
1053 324
312 265
279 114
301 98
371 100
531 365
364 533
618 585
316 266
576 100
561 108
373 101
328 108
467 984
301 102
728 627
991 100
351 108
473 679
384 280
329 358
328 279
786 291
266 118
269 453
328 854
543 49
800 924
344 103
264 341
313 285
701 314
390 114
379 739
274 947
32 45
312 269
337 339
99 107
328 394
299 116
435 418
416 352
493 100
282 342
318 367
456 897
396 116
346 582
426 55
293 992
342 284
115 104
315 476
262 1094
648 522
351 1236
290 104
310 116
274 669
282 114
364 104
426 56
278 115
407 121
648 121
304 449
273 314
285 116
102 108
281 350
1219 284
32 314
540 116
318 624
944 486
274 347
114 412
902 519
271 116
354 101
468 153
337 929
927 1130
452 1139
334 34
842 490
504 569
307 279
103 121
115 112
307 314
263 115
310 299
301 703
268 121
277 103
294 114
318 462
398 723
301 109
263 109
100 298
1246 429
32 275
594 275
274 108
611 268
318 475
280 618
918 276
289 642
517 115
99 266
811 453
473 1226
265 111
778 921
287 347
271 277
282 576
353 1021
316 1124
877 109
121 110
308 73
336 116
1048 330
1062 531
98 114
304 387
610 118
274 626
1030 115
852 646
1161 908
674 100
339 275
312 325
426 48
416 739
414 344
408 115
296 101
270 268
304 500
100 101
916 121
342 103
357 117
772 517
392 324
775 279
378 97
97 102
268 298
293 310
348 115
282 279
771 484
614 325
107 121
271 313
692 1085
430 1208
1229 819
651 299
329 104
274 988
437 119
677 101
832 299
274 519
426 52
1221 276
426 54
284 280
114 268
32 422
300 339
842 269
574 459
543 50
364 418
118 314
346 1125
262 578
264 362
99 298
272 598
548 329
328 323
1138 702
334 41
371 108
342 365
115 537
319 53
430 103
445 523
195 161
278 276
284 100
117 107
97 101
318 940
104 309
331 508
407 101
321 348
1318 299
279 97
337 117
288 265
337 329
1270 121
1118 551
99 111
287 110
98 121
617 767
118 277
563 100
648 1137
353 101
544 48
272 98
290 111
777 870
340 275
494 784
100 335
293 1199
422 451
290 906
705 619
32 39
874 516
387 447
426 49
825 115
349 823
121 108
449 508
298 265
1022 963
273 335
282 590
1133 1464
122 266
313 266
364 402
412 112
509 349
284 107
330 280
317 625
272 1005
378 279
269 97
1479 409
837 683
733 99
393 275
1214 121
106 542
504 112
390 1472
926 420
277 101
313 101
293 652
764 555
32 468
111 268
1052 366
290 854
1281 275
611 344
278 291
101 107
103 114
288 1218
426 53
281 99
274 444
110 568
97 342
634 101
332 377
265 99
303 511
108 297
284 116
360 418
553 268
300 335
411 366
49 56
300 492
504 116
530 275
852 1289
322 279
375 115
563 103
273 1487
668 317
353 889
398 278
289 325
426 51
111 299
362 101
114 510
356 1526
273 1121
288 1215
109 101
318 376
271 119
268 280
339 280
322 317
499 55
319 49
404 83
111 440
548 490
109 115
262 858
494 103
279 374
293 1341
1113 409
869 626
811 1050
282 425
1275 1202
269 99
275 266
1429 828
117 280
319 52
430 116
411 279
768 409
281 116
346 109
290 566
108 275
933 275
491 441
340 100
307 457
312 490
109 265
869 99
1098 437
309 98
304 348
499 56
122 101
353 1061
495 101
376 269
286 107
506 500
293 1506
262 285
393 112
719 275
411 418
32 88
288 958
330 275
426 50
289 352
446 112
797 305
274 649
483 101
768 408
273 429
282 1391
396 275
1403 1013
392 423
287 925
105 407
32 44
274 107
326 1066
337 650
574 566
668 265
769 277
735 280
444 114
358 110
301 341
195 182
354 681
499 57
299 120
319 50
329 266
1026 291
273 279
322 320
286 350
298 98
269 101
312 99
32 402
1002 627
499 54
270 275
346 112
319 51
309 97
274 838
303 112
401 480
1157 275
1268 277
1032 1333
49 48
97 378
340 280
288 114
1414 1004
705 269
643 276
472 110
411 537
377 754
264 703
441 1630
195 188
372 443
387 98
501 368
286 618
428 701
262 401
265 463
290 767
278 97
337 794
993 299
558 1131
750 297
1351 266
371 109
294 101
297 736
289 271
749 116
610 881
472 116
289 1295
371 120
284 374
832 266
427 438
617 465
319 54
274 268
274 329
288 475
633 299
384 110
524 1308
1232 1081
97 362
316 966
512 122
108 266
326 689
519 107
112 276
112 299
1080 658
769 314
371 462
391 297
312 442
373 266
1222 653
609 275
1189 310
104 276
324 355
299 453
355 1629
195 173
291 280
277 1174
288 455
290 393
384 111
116 121
1164 297
319 55
118 280
542 305
356 295
337 277
274 323
369 115
293 277
312 268
529 349
296 331
759 448
303 103
319 56
337 336
1747 1251
108 265
286 280
110 97
318 710
1063 843
296 269
312 275
542 275
354 391
32 48
456 297
291 111
712 275
530 420
290 279
546 115
296 121
362 275
312 466
49 55
328 496
312 101
452 1396
117 600
1358 350
339 284
272 756
32 537
110 463
412 101
285 450
414 378
424 480
499 53
276 420
318 336
103 265
316 279
32 331
416 580
1026 1014
1126 101
337 789
328 266
356 97
711 112
487 110
503 115
262 355
633 1269
434 100
485 115
103 275
109 275
339 310
265 116
430 1183
467 278
50 474
285 266
368 994
777 1620
262 119
295 1797
328 727
346 600
798 305
115 99
296 365
288 355
332 100
1399 858
401 97
1027 1148
340 453
282 569
102 528
1126 1046
324 121
1231 97
360 370
345 474
304 352
312 684
473 98
357 788
317 100
101 101
644 324
306 474
325 104
275 121
105 276
322 266
360 813
1395 1099
290 362
98 1379
332 118
357 108
304 966
528 297
116 284
752 103
301 99
296 277
1666 111
296 457
494 801
1272 275
401 269
461 305
310 279
332 102
1031 275
926 509
499 52
307 111
493 638
728 112
282 682
396 101
931 115
368 99
319 57
1176 121
482 115
1083 110
321 1689
117 275
101 284
326 1304
274 119
322 362
951 374
1051 486
386 1238
413 277
269 470
288 432
499 49
1009 118
432 100
119 402
103 280
296 947
284 97
111 102
195 179
49 50
310 410
274 314
117 320
360 363
293 1210
332 313
262 640
32 280
318 97
110 266
332 729
1520 1368
927 529
263 108
117 350
332 629
594 101
414 324
467 277
118 269
939 297
105 389
452 279
312 749
338 48
411 336
1176 408
414 889
296 266
341 108
109 466
1603 551
288 650
285 549
458 284
512 784
346 483
1361 269
323 1171
110 100
49 53
1423 291
1212 101
288 647
504 729
361 794
387 112
49 54
318 539
284 102
97 531
97 320
1192 1064
318 513
1649 270
294 342
328 441
391 280
273 402
353 783
367 115
351 381
346 462
373 989
105 325
389 103
293 925
1073 552
337 1077
1069 340
1307 1863
452 864
117 285
1708 310
448 365
643 704
370 101
1273 265
575 48
594 363
340 97
354 376
273 265
639 348
354 1726
296 1278
422 538
296 109
101 1240
938 121
324 280
559 107
360 653
1299 299
296 1469
1309 275
374 540
318 275
635 48
277 857
411 270
290 381
1058 384
340 115
1451 275
1541 1677
322 121
99 314
262 266
322 1974
328 284
316 323
300 741
262 843
288 1654
290 1064
435 297
116 116
499 51
328 413
354 114
318 463
49 52
827 664
1191 592
195 164
1584 299
282 505
282 276
118 1324
289 286
353 442
285 1480
326 782
373 938
684 305
776 275
274 335
263 313
361 516
1449 1811
965 352
39 116
1528 305
357 271
119 741
1478 275
105 106
405 104
1498 730
119 885
595 107
360 279
405 432
336 115
107 109
195 168
414 539
437 102
1405 453
271 309
951 568
480 275
546 121
1738 270
114 698
111 101
330 654
294 749
342 98
1588 895
116 396
833 115
312 276
293 464
264 952
1874 310
121 299
930 1004
750 280
643 339
341 99
308 102
277 97
328 1659
324 117
619 286
412 1005
109 97
49 51
296 2035
32 38
411 284
274 537
293 1180
1430 275
353 914
499 50
303 1853
1155 443
364 101
110 348
337 108
121 97
559 97
281 1238
520 100
293 727
472 115
494 116
2079 314
32 195
1536 320
307 276
376 114
1253 509
458 341
798 275
828 97
301 380
318 466
501 295
274 477
823 502
300 552
104 97
367 266
1600 299
361 393
503 297
395 515
278 365
1387 1781
318 438
491 615
327 34
272 620
671 529
1538 108
759 1989
912 516
504 598
929 284
296 444
32 32
2069 286
302 517
316 449
391 121
1129 115
1501 324
264 118
105 366
1789 1386
337 479
97 347
359 276
1365 297
32 36
32 41
1113 408
1136 487
657 349
115 1227
266 97
300 1390
108 513
321 1475
304 2088
1504 156
321 373
435 647
467 101
1135 365
73 110
665 48
1300 117
1982 924
83 116
353 275
117 299
278 1282
701 690
1065 396
1273 1018
304 466
328 401
677 275
288 344
359 101
877 112
293 279
467 120
573 115
1313 284
278 265
2033 517
891 115
1724 121
289 528
271 109
270 99
1055 367
1095 516
104 105
900 101
99 654
49 49
312 826
411 323
896 115
105 323
1031 2197
495 441
300 402
1051 284
117 120
2020 1596
575 57
312 284
66 67
121 115
411 111
419 269
389 116
111 600
390 487
285 269
445 1255
322 331
290 101
1352 408
933 276
357 789
353 757
290 1103
301 103
332 284
385 286
353 331
354 424
733 101
544 49
360 367
588 57
101 424
1073 117
677 280
431 101
314 284
1245 2105
834 1889
353 111
1096 266
1614 275
336 97
332 627
419 1486
1673 103
1960 116
709 57
467 97
282 1332
354 268
398 715
288 539
264 600
1587 2115
316 277
834 396
452 291
1759 340
1418 1723
117 377
720 48
341 268
379 104
1231 408
360 527
430 1013
273 940
293 465
109 277
317 121
440 115
108 309
117 122
1222 276
1007 1783
301 756
334 59
111 111
296 284
415 280
114 270
309 109
815 568
108 429
312 450
296 658
468 157
588 54
304 440
1855 2199
312 310
330 121
323 291
1252 270
357 407
543 51
341 374
364 884
288 1018
53 48
274 1149
32 320
269 857
711 682
846 109
876 517
266 1320
827 538
262 1888
107 105
282 429
1315 408
1349 745
575 54
1675 363
112 115
312 329
274 741
360 278
321 268
371 1563
281 102
837 266
391 320
452 1426
827 121
452 2206
2271 1732
1516 509
105 331
396 297
1645 436
285 280
304 367
279 409
99 462
279 105
271 329
498 298
379 103
1892 658
418 115
101 387
98 1558
1335 519
536 1344
263 462
312 394
326 540
293 266
104 297
347 438
424 279
575 56
102 1247
269 111
412 266
317 586
1248 276
744 350
296 309
290 441
286 687
362 365
308 871
534 365
290 1873
1118 1250
326 1147
575 50
293 121
285 358
279 365
1970 989
312 324
370 104
322 286
110 336
277 476
287 116
304 1717
288 1247
288 271
356 393
414 599
300 329
2312 1687
294 86
666 48
1923 623
295 108
312 464
364 382
296 108
119 505
281 2177
2117 1787
407 280
97 600
395 265
786 591
298 115
344 116
776 1384
282 974
572 295
494 1024
1074 1725
612 1076
274 1262
101 299
290 278
328 278
868 616
1346 275
524 110
1165 101
392 394
415 101
1820 920
301 1635
1128 443
1678 116
1807 1560
413 266
434 110
288 698
300 309
588 56
107 97
575 53
589 407
300 105
528 115
703 115
115 121
575 52
387 314
300 320
1509 410
434 102
732 284
300 673
265 275
342 116
322 277
1718 1952
506 298
371 2124
556 348
67 104
778 266
1245 1545
307 679
525 299
525 1242
546 291
870 363
282 284
304 1950
296 429
121 114
1601 963
282 1805
290 466
274 2367
304 649
512 119
1322 721
1854 513
293 682
431 100
300 2119
299 279
303 111
262 1878
361 455
103 111
2166 350
268 97
329 2051
612 436
346 299
998 562
719 297
357 2143
512 320
293 384
1274 115
318 348
357 2052
105 277
780 115
800 895
288 502
675 99
575 55
296 297
322 402
278 1553
99 358
108 111
316 403
118 366
354 269
548 393
274 1814
831 1881
288 595
262 271
321 1669
102 276
262 402
359 111
342 115
281 115
456 280
433 551
315 341
414 724
357 649
108 291
1153 323
2522 367
436 285
355 805
491 446
307 114
1063 1204
110 492
266 297
105 483
325 275
321 824
364 1340
1515 271
372 1931
278 1078
278 880
98 276
296 347
344 110
271 324
108 718
1865 277
1571 284
503 366
1924 1762
2113 280
111 122
370 115
1347 270
298 97
312 266
285 279
307 443
312 121
519 275
575 51
678 115
294 111
282 121
1833 2039
1617 1198
803 320
1007 465
342 1545
2230 695
612 116
946 275
1985 1510
1319 323
112 275
70 65
121 100
288 470
2379 2566
282 370
553 684
1168 118
304 268
2032 440
262 895
273 1061
337 649
104 291
118 1049
2373 1981
51 48
271 517
377 269
1352 409
588 55
482 348
675 107
482 297
435 2246
575 49
351 271
304 285
109 268
109 297
380 305
2290 1852
318 436
328 1637
414 1474
360 551
288 724
403 115
314 349
344 107
351 265
424 104
308 2604
290 421
115 320
1405 103
111 421
354 2378
1212 280
2242 867
293 566
876 2501
285 475
321 2182
1003 462
498 278
274 310
419 1087
112 331
962 349
346 286
792 1375
1836 276
264 2532
293 838
2171 320
119 104
98 268
415 1842
103 277
431 105
289 2311
274 483
98 101
868 276
307 2077
289 1066
427 101
1663 297
307 412
112 394
1362 591
269 105
1421 275
262 472
313 268
1576 1049
1488 275
1569 349
322 335
262 789
548 1915
1956 107
111 276
415 98
1154 1357
357 1350
354 320
414 97
364 1121
480 266
354 270
293 565
294 266
294 298
353 280
318 532
337 407
351 507
103 103
108 97
419 429
265 105
1320 754
108 347
364 647
108 463
357 794
2235 284
806 276
337 475
265 363
278 731
1151 1364
778 721
1175 275
314 305
414 477
617 667
1136 324
404 75
308 114
436 349
1799 598
1292 715
1951 508
1955 1439
281 2151
635 56
530 101
262 522
674 2268
467 616
1325 115
73 68
792 347
317 118
806 305
644 516
633 623
339 340
302 115
105 1612
98 366
371 2700
290 396
332 2068
812 2164
262 277
312 566
1185 275
108 1014
752 2321
293 336
288 1217
473 118
73 73
408 97
323 102
707 591
1731 732
504 376
709 56
2411 409
346 278
274 579
604 477
1835 362
262 595
107 2544
324 97
635 57
114 276
364 310
356 640
112 101
2581 101
281 1152
273 662
534 1076
307 309
324 111
328 2111
282 695
339 880
360 621
445 394
309 314
296 111
467 1452
2269 522
494 462
318 347
1918 664
289 324
331 362
405 2087
293 539
633 324
2645 1484
1755 275
346 2386
411 2212
1045 374
2468 2307
1665 284
534 114
1034 1460
99 299
282 462
332 483
1132 376
1128 464
1459 275
72 101
1358 893
574 2156
1885 115
902 797
308 478
821 48
321 794
353 815
892 2298
371 114
574 782
1423 510
289 105
635 52
346 539
293 340
1154 336
107 114
2353 286
271 103
392 1694
659 48
273 647
1029 1201
329 291
1778 97
282 2082
333 377
98 367
835 1823
837 297
530 979
273 1340
332 324
303 1462
194 176
674 118
705 286
72 76
351 114
1261 1171
32 122
1400 115
307 263
321 621
473 103
278 111
312 291
369 107
1310 450
548 299
330 358
353 967
284 121
356 624
274 472
357 111
876 2286
98 323
635 54
282 2184
337 1930
97 626
102 542
285 276
1911 1606
2215 2284
282 263
401 754
2409 266
290 2344
1640 103
116 279
774 2430
458 2706
578 269
1363 275
604 2086
434 99
282 367
332 110
285 365
359 1251
1578 1837
480 297
598 276
2346 2748
300 355
390 108
380 276
296 344
355 115
402 1776
635 55
2325 268
1003 582
827 805
32 591
294 276
478 365
489 886
106 1438
356 565
102 599
665 50
1301 402
307 462
704 305
121 448
354 335
445 1426
312 330
339 297
491 492
2263 529
372 2046
1158 363
73 116
354 280
2689 509
2009 505
352 266
99 378
290 401
281 104
84 104
916 529
274 2183
459 101
103 314
729 335
108 276
290 1278
709 55
356 2196
2894 1343
32 700
65 447
769 805
404 112
352 114
965 714
1908 2796
665 57
356 111
122 97
1374 97
354 339
324 1082
288 422
281 2472
315 110
290 462
99 320
412 115
273 263
330 297
414 269
117 1159
44 34
323 107
495 511
384 268
119 576
430 598
288 279
360 2078
364 265
1327 374
282 867
346 930
1143 888
390 107
274 285
759 317
105 314
2510 270
115 819
285 97
1984 275
98 115
290 335
351 949
635 49
290 2722
393 1518
121 101
665 54
312 320
1367 275
378 102
356 376
295 100
318 1994
102 291
2570 704
2002 336
110 297
114 100
348 366
287 1262
792 698
912 650
823 104
2168 486
430 112
692 101
361 101
635 51
678 2329
116 97
117 102
678 409
1978 606
285 625
309 115
281 1427
1191 320
1430 280
347 97
288 1207
1309 266
359 1669
328 329
651 114
635 53
932 2601
271 121
304 336
356 436
310 115
282 789
295 401
318 1810
1346 485
360 335
495 599
332 698
324 276
307 1691
362 280
353 667
312 393
752 540
273 340
322 342
322 67
290 704
904 297
1288 336
262 1485
1261 1544
322 418
328 959
1626 1880
275 115
773 1427
32 33
262 1180
114 335
310 280
308 109
904 280
50 49
360 401
342 97
588 53
343 857
307 930
270 108
2949 510
635 50
282 1691
390 115
273 1393
114 297
1243 335
32 418
705 329
78 65
284 105
50 51
309 310
1444 1014
665 52
986 284
414 1108
313 367
1890 313
282 1364
323 97
910 1511
1410 1460
316 97
1022 116
1858 266
304 2477
321 539
105 421
279 420
197 141
304 1124
1856 438
328 101
2075 396
289 757
262 2138
965 486
1661 826
1589 881
2236 1397
272 120
52 48
307 79
1968 277
384 275
435 568
1909 344
711 1975
111 365
296 97
793 867
116 562
1288 310
2223 591
284 428
304 276
473 324
98 472
751 2740
1332 278
279 103
709 54
856 116
1155 797
117 97
445 1396
105 363
289 1681
1816 542
1052 349
1399 2365
112 349
301 118
316 336
364 1407
282 278
983 115
445 111
404 2829
1123 275
50 53
1292 723
792 339
2586 864
806 1078
975 266
1043 266
278 653
665 51
665 53
986 104
277 99
2214 115
412 116
1322 266
353 724
572 448
418 97
263 347
348 97
390 600
268 409
120 116
902 1610
294 407
523 266
65 110
361 266
536 2392
720 56
2450 365
343 377
569 305
118 2276
279 408
2891 340
644 2338
303 423
101 102
278 350
665 56
835 1861
346 1674
758 529
354 277
980 766
2425 1360
293 920
1161 284
322 592
293 342
352 269
571 107
609 271
274 1917
288 403
307 278
50 50
1512 477
1826 2874
1138 1064
1597 329
105 104
386 350
1668 275
1458 329
378 508
904 284
928 396
322 523
286 99
1676 275
1369 291
342 112
328 330
362 104
114 477
2792 475
2828 517
494 1085
32 266
282 362
84 86
271 1549
289 342
1688 413
301 620
759 767
1899 110
281 106
322 391
1390 116
430 98
361 465
548 269
346 2696
411 806
851 513
2169 275
671 323
2071 275
1595 413
1122 284
1566 275
2054 97
268 110
1127 402
337 101
353 393
1369 2701
414 1255
612 2941
289 111
361 378
574 393
1834 3044
318 906
2688 1517
354 295
2593 979
304 298
331 107
665 49
2152 724
1305 115
354 111
1493 1964
364 87
195 180
294 589
312 97
414 412
1144 579
1135 1471
366 568
376 522
1233 297
316 647
293 582
617 2802
109 344
334 44
296 323
340 690
1801 797
288 444
1871 520
405 314
665 55
2200 266
988 858
1029 2552
271 108
1235 703
913 48
1443 2569
1611 2153
274 624
1988 382
288 352
720 57
105 317
285 122
361 114
121 297
720 52
2129 2628
2508 1768
408 111
574 2366
288 342
320 116
359 336
561 1997
2485 446
304 1483
312 384
438 103
422 102
480 115
1002 266
99 1936
274 1774
282 992
427 2352
1074 1672
2289 314
307 826
1957 579
276 284
2319 2870
3026 101
270 297
2187 1593
318 111
2631 1736
98 108
1285 108
746 3358
1234 515
316 387
802 784
1501 265
798 559
300 1679
329 625
274 715
273 650
1473 1920
32 35
998 658
436 1398
489 697
720 55
1265 115
2040 883
34 602
1365 689
308 3182
267 653
1007 2737
300 352
293 355
402 115
98 97
318 1242
1338 349
337 344
411 341
321 441
316 418
2936 2539
3286 898
467 483
2632 409
1722 1609
776 115
1355 462
262 1665
307 687
285 542
351 73
351 432
1098 443
289 3145
322 757
282 1752
1704 931
290 727
371 115
119 1340
1745 2861
322 1681
337 1551
811 1091
1354 344
32 105
106 97
367 97
413 104
3173 407
1362 1728
643 305
299 103
604 367
116 114
418 266
2257 275
373 275
322 111
546 923
340 297
390 104
371 99
314 104
290 830
351 67
110 309
282 748
1190 115
534 1393
2108 329
3371 409
313 429
109 279
868 1725
2240 2448
3196 485
346 1024
318 2980
803 275
32 329
224 164
678 408
322 276
262 512
361 111
312 117
1164 275
1991 104
285 297
482 275
467 2377
337 1107
387 805
50 52
2362 265
3224 799
121 266
504 1667
1361 619
289 403
372 1997
293 2027
1283 502
1589 894
401 275
2359 363
32 60
2015 115
282 482
321 2495
559 508
764 310
3006 682
105 121
312 2027
357 279
371 582
356 1922
614 475
791 1321
273 741
316 624
2003 266
2354 1921
944 438
304 555
414 396
1122 409
340 266
1153 402
351 1215
1839 2456
2028 291
470 370
491 738
329 508
360 3299
294 119
357 284
103 108
360 1785
795 3487
296 310
1387 280
612 365
282 3209
353 104
282 1719
458 266
65 114
119 537
495 2557
1678 508
32 91
414 2181
346 1563
1055 740
1498 291
483 279
405 110
839 48
86 2731
393 370
263 324
337 286
1168 2915
99 97
360 101
356 519
98 271
1096 297
624 97
720 54
1431 110
392 271
312 111
3262 2228
322 117
351 266
109 285
434 1152
313 512
802 268
2042 1049
335 266
289 279
563 110
482 97
321 519
904 745
294 1094
641 1227
458 323
1120 1894
873 1350
104 649
353 324
778 271
70 478
105 402
115 342
371 616
3065 115
1096 366
368 103
282 466
390 423
1356 73
1608 1050
427 269
582 325
104 650
3125 3536
434 118
2685 1648
289 1223
296 765
1554 586
328 269
109 727
287 103
341 97
1135 3142
285 594
1833 358
297 266
364 650
603 115
2953 819
2716 2350
2820 291
265 329
561 428
277 994
290 277
563 116
939 266
3577 3445
300 524
588 52
304 325
351 1223
274 1081
320 100
362 121
371 118
374 297
404 115
1421 732
312 407
437 118
288 330
770 673
337 1350
1303 502
54 48
323 280
643 475
1127 266
300 444
121 109
312 939
868 268
1422 367
274 355
356 367
2574 3152
2720 1201
2959 796
411 1400
668 1134
3253 2349
296 341
3585 3510
119 269
282 740
373 366
434 1261
890 115
2762 1050
325 101
3400 121
101 277
314 509
617 431
3213 580
3237 1158
262 1111
296 278
316 1259
2895 2572
386 3063
839 53
1777 342
662 403
3208 349
390 2605
2746 3648
269 409
629 690
289 1108
1016 515
1369 2357
1739 325
50 55
196 129
294 347
1410 796
1478 280
491 336
980 284
119 265
609 111
626 275
874 355
912 552
3257 420
2491 470
720 53
1017 459
873 1893
296 443
317 108
2860 275
405 959
274 110
3394 1087
278 105
821 54
876 1343
119 97
359 851
314 121
563 925
300 727
436 98
1745 553
117 453
282 1877
364 284
98 516
747 48
265 380
390 102
413 97
401 284
1575 542
692 103
99 269
278 271
361 347
328 271
342 420
545 2863
2729 275
296 342
986 366
1655 275
457 116
3250 1011
371 1674
312 432
390 433
1507 509
342 410
461 580
2857 595
326 114
356 117
468 148
371 433
1778 286
312 699
1926 101
353 500
50 56
2663 115
3615 2840
300 266
307 569
408 116
411 101
729 757
50 54
427 114
1228 276
268 291
2380 3403
332 98
720 51
1149 297
2010 408
50 57
296 1254
302 1343
2191 490
304 2297
111 340
262 1877
336 284
362 520
999 276
1122 529
1908 99
316 320
436 121
1935 972
2431 486
324 100
332 984
307 122
404 114
2054 269
265 450
720 49
2702 1388
800 3485
1029 320
119 266
111 270
282 472
294 492
304 2589
644 396
839 55
296 107
1029 329
1457 115
296 367
458 938
1408 291
1349 284
461 697
1836 485
295 1183
316 376
435 310
361 3297
1644 67
307 317
1132 291
3165 438
288 462
296 279
322 352
115 277
1425 594
296 1814
289 1642
352 97
910 412
2462 297
1253 1484
1782 280
3435 664
65 83
435 829
1017 566
494 479
290 336
3486 420
582 297
2144 509
720 50
328 366
837 101
98 342
839 56
2241 936
804 297
1260 3344
753 48
3187 335
108 699
1168 3239
1151 1667
447 99
269 638
1521 446
282 1964
117 363
288 1304
359 667
330 350
357 277
353 298
618 329
3401 2784
2137 393
1807 109
272 310
296 298
347 98
532 105
51 55
1420 97
495 314
1157 449
1622 265
283 629
121 111
224 184
458 269
2537 881
1371 1980
2277 647
405 101
293 684
1865 470
820 48
110 121
271 1829
1367 732
1718 3214
612 2283
274 515
2534 952
119 482
387 101
661 350
290 3193
2961 374
430 1496
1098 348
296 3313
356 1242
1796 687
301 112
280 2256
2973 277
322 104
347 314
583 299
282 299
291 121
1313 606
307 1805
1115 110
2878 275
373 437
270 549
1572 115
1268 280
2718 470
3255 2719
3636 3903
668 2066
1349 486
391 277
1372 115
322 324
2502 3260
294 401
330 1323
391 97
1685 2897
316 268
359 528
376 291
422 116
414 697
274 365
301 362
1831 2587
2775 115
312 114
3223 2514
322 284
325 280
301 271
2042 305
288 349
310 105
104 651
2576 570
270 280
285 2249
322 859
1562 284
728 109
3785 1083
1132 957
112 269
364 335
278 366
312 342
361 431
273 1921
405 114
277 275
369 1675
405 279
1631 627
370 266
572 3579
1153 314
851 122
392 2149
312 278
274 277
445 2579
2364 1803
3135 3537
2442 551
289 1558
563 736
1372 3009
274 1469
1597 97
743 1489
3848 2567
107 111
825 1481
318 900
737 48
3211 974
983 875
307 97
316 2297
1035 908
1457 1496
2524 280
304 2109
354 105
561 98
752 3450
323 115
2886 409
519 1392
2659 576
644 552
107 277
288 2560
364 1393
1228 1081
1458 276
322 329
367 275
477 115
274 1227
322 667
821 55
1115 102
822 384
1395 276
2864 1939
100 277
1646 275
1782 275
353 407
1580 275
472 103
2014 275
458 105
953 115
2580 522
296 1262
106 269
273 448
361 1046
2867 377
361 280
3821 3374
282 3598
427 279
752 355
2984 3985
414 958
320 97
436 1901
114 442
282 1439
119 279
612 107
1173 830
1844 1751
839 57
1417 115
3258 115
534 103
294 511
324 115
372 3886
452 2059
959 97
821 50
274 1385
473 424
32 1398
821 57
980 402
1465 1198
1955 2412
1291 562
65 108
491 114
300 817
821 56
2932 653
577 577
32 47
294 97
2065 2754
821 52
101 638
1773 115
114 340
674 682
625 277
105 196
304 2773
336 111
452 930
371 313
743 549
478 453
310 97
1849 2854
1337 348
356 513
362 115
32 61
384 269
351 441
324 275
763 348
104 269
1122 291
118 1400
312 1111
66 83
373 97
3290 69
310 349
321 513
357 828
702 291
2435 2127
1206 700
316 348
414 515
534 109
717 101
307 299
322 2221
403 275
791 115
289 843
295 365
103 704
293 1703
361 330
1715 897
262 898
276 638
338 987
291 275
108 391
262 1210
644 557
643 297
326 555
121 280
276 509
309 844
545 3185
839 54
2110 350
266 111
321 995
262 284
896 275
359 714
1953 275
328 370
1281 551
195 167
3019 600
705 429
99 323
114 539
265 883
286 305
321 914
343 994
121 269
1422 470
274 278
1305 3471
265 857
2535 277
104 265
273 537
1057 883
2520 266
109 286
263 116
354 967
544 53
320 299
1595 275
262 317
195 162
1704 104
627 115
1354 3354
3348 409
294 562
2193 1070
2145 2145
262 403
494 1958
767 116
353 309
2728 995
359 621
282 440
419 1606
289 867
290 3236
412 104
118 97
354 849
913 57
336 101
301 104
1459 817
1777 457
51 53
264 374
821 53
281 1321
282 1992
360 424
56 48
3392 2361
1897 270
2070 269
265 1013
825 3556
2097 305
281 313
303 2449
1731 2639
1538 871
2480 438
97 431
357 104
839 50
266 894
276 97
415 3851
919 408
195 177
416 98
495 108
2988 1448
291 486
709 53
1034 108
101 616
301 401
511 101
293 1543
3337 299
440 277
2172 115
318 640
322 2486
364 403
839 52
910 4079
1571 363
2856 284
2462 280
307 459
335 97
104 502
405 443
2875 520
2982 907
3129 2207
109 553
1110 396
1516 1990
412 275
67 65
300 2482
827 420
337 3765
916 376
281 285
320 349
194 178
839 49
328 277
278 870
495 341
874 2066
2244 440
758 2357
2519 991
110 111
1104 266
2455 341
270 893
322 710
398 782
364 565
667 723
356 443
1883 347
308 100
1924 510
312 277
2053 830
1253 266
321 766
427 431
300 438
289 1199
1668 115
109 341
1233 3282
1206 1852
98 921
1206 463
105 286
571 409
466 268
115 443
282 266
356 528
346 948
704 275
2277 391
1579 3757
3232 108
3811 988
351 621
66 418
300 3188
378 1125
318 524
374 342
276 102
978 3099
2189 2617
2266 297
2623 520
107 266
99 402
360 2960
2072 485
548 1635
2253 324
312 1341
414 576
2732 450
390 362
1534 98
279 297
288 3775
359 539
1285 627
310 974
2835 100
77 279
340 1435
913 52
1609 105
108 900
501 2608
3333 487
3756 2600
433 116
934 57
407 420
548 1271
322 378
294 959
561 436
109 329
1382 3533
1834 684
66 65
262 482
413 105
413 275
32 59
432 110
353 918
2682 470
103 110
270 358
674 370
2075 1134
359 2933
1048 453
32 381
360 714
112 715
354 279
821 51
2154 291
2001 285
832 623
84 3774
752 99
913 54
290 366
294 355
386 99
458 277
317 894
530 297
1290 1894
458 418
692 268
2385 374
2475 97
2979 350
3494 2371
446 115
2144 1990
4356 1651
312 993
2643 433
359 2850
1105 377
312 341
912 815
1307 3154
309 265
351 279
289 3470
307 342
328 3167
353 524
2424 957
286 297
422 121
427 424
351 2904
1009 116
2315 299
356 718
359 766
473 284
300 684
328 2201
561 2225
932 109
588 48
821 49
1205 349
3302 376
444 284
1389 522
378 363
1662 115
288 391
322 271
300 268
682 520
307 451
612 508
1741 376
387 110
1389 2654
356 280
106 105
265 638
1419 631
353 268
83 104
390 2018
262 3254
3689 754
1218 277
97 421
290 766
489 1170
322 4304
361 1552
1083 269
480 111
798 114
353 335
32 401
99 348
1415 305
3036 450
355 291
356 1994
3310 4003
301 107
312 336
377 275
913 56
296 483
361 344
299 424
362 549
839 51
70 76
2157 952
109 324
316 1233
1008 3525
3198 438
346 447
668 895
3404 2588
3894 4328
321 1201
1263 580
2142 105
2397 483
289 1304
445 2059
3146 520
288 1103
274 117
1419 3303
285 363
289 284
316 117
579 103
1110 1825
3056 880
542 276
2651 275
445 3195
301 122
325 112
4359 4345
264 112
357 1930
371 1452
3161 1872
798 549
804 115
112 297
304 4049
266 284
484 269
282 394
429 291
1323 115
1890 626
2497 1802
100 280
398 121
290 2371
294 271
316 309
768 1552
276 1712
51 57
1328 1947
297 117
321 363
1670 114
1158 429
2883 1082
391 284
967 277
331 101
2956 502
328 344
902 2274
2595 276
304 323
2592 420
4031 957
322 482
1136 586
1550 275
318 1103
361 2067
2693 880
317 871
351 2560
357 425
104 323
393 277
367 121
273 1485
307 68
405 347
3059 520
98 1039
574 1494
294 370
328 117
347 486
324 266
531 103
322 1108
98 566
102 403
119 565
294 472
307 370
4036 325
491 1780
1100 284
100 97
309 105
357 266
287 4326
326 789
1228 3052
1929 420
3652 117
290 284
525 115
2889 486
913 51
1468 115
300 298
354 2970
678 104
110 103
288 599
55 48
659 53
1564 410
4084 135
324 320
351 101
371 871
115 107
4226 509
298 266
1167 3431
2815 115
272 112
2231 599
436 623
296 320
1410 276
264 365
3054 4465
85 110
644 2345
2110 893
312 340
265 121
980 279
3634 2452
51 54
316 276
571 103
344 97
480 279
561 102
1311 102
1851 3570
667 284
351 477
531 377
1303 989
1793 402
4292 110
307 1391
913 55
418 275
1354 2036
393 280
735 297
1110 297
1363 4539
1453 1551
328 1977
307 1364
1009 1208
285 111
1480 4567
3301 513
300 117
498 595
1796 542
1916 830
4048 2087
105 336
98 582
357 403
792 3853
105 105
274 387
504 3240
357 512
3247 538
3939 715
112 508
1205 1450
4315 2358
97 1202
379 1706
2679 568
359 291
195 163
275 298
1788 522
117 745
717 110
1307 1713
404 69
806 520
2017 1333
66 108
318 121
415 275
275 409
282 813
435 109
1254 995
2882 280
2882 101
263 1674
2288 529
270 107
332 894
412 432
822 1388
1095 552
3274 864
633 298
1513 115
109 432
648 420
1468 275
614 305
4176 2565
99 268
362 277
404 116
2428 305
3451 275
3936 323
846 110
263 119
312 3994
737 53
112 317
643 897
724 115
942 276
51 56
67 4211
806 275
300 509
3364 2975
293 291
452 646
1806 4461
118 265
290 344
312 286
470 297
289 2911
288 1173
489 285
1151 340
1528 549
1813 591
1167 1134
2619 320
270 363
282 465
359 2149
272 342
364 813
414 297
97 270
300 522
318 335
269 1174
285 551
359 348
100 366
274 344
293 463
2869 291
633 121
1156 57
378 349
827 314
913 53
351 472
1299 297
3398 900
3804 3440
476 120
69 83
712 266
2884 664
114 324
322 699
452 723
301 4654
328 286
2410 690
118 297
359 412
118 105
762 101
390 120
2264 1433
110 291
289 1357
1167 1616
268 584
291 638
667 101
654 721
4008 1523
104 111
351 425
379 278
666 474
1144 1147
462 291
282 649
264 1204
528 266
105 805
296 459
501 472
1185 115
33 34
1245 4521
108 279
451 297
104 966
365 1255
2862 1011
51 49
52 53
274 284
322 348
122 111
290 310
359 4732
1801 1934
2512 4700
1548 115
61 34
307 121
634 4773
1156 56
1354 268
3023 698
317 1159
322 323
356 940
2536 714
390 98
286 121
332 582
357 650
644 1134
2038 297
4684 2588
2049 269
2490 1378
1767 100
52 55
284 275
312 355
2093 552
3500 280
117 269
313 438
1746 115
4279 1804
288 2734
3857 320
452 2579
290 2111
612 4319
1767 1079
325 305
735 2901
288 738
362 116
544 54
1686 309
2224 329
1362 297
1554 511
2541 115
2727 297
2849 520
446 342
913 49
1069 376
1871 1282
316 121
322 97
117 118
271 380
359 995
1092 1496
444 638
2862 625
268 1593
2045 4543
405 341
360 4573
340 335
571 664
932 1415
2289 690
275 100
2381 529
291 363
372 618
548 1494
1839 732
411 266
446 108
1069 957
101 275
359 424
806 1099
67 298
309 389
405 277
2967 487
822 539
913 50
4110 1076
274 4510
1673 1091
1740 111
1858 3246
2394 105
294 335
1868 462
614 410
274 1660
347 115
4055 3875
1712 363
3383 1070
4312 3462
2081 376
2154 121
1267 3987
108 539
103 279
300 277
818 1310
932 112
2859 317
620 275
724 121
323 110
392 278
1175 115
384 266
322 325
3563 2488
803 97
1655 115
4678 111
393 270
800 817
711 700
1746 817
1983 350
644 391
282 3340
282 3651
99 755
103 276
910 539
301 68
1335 2876
3841 484
289 3858
293 4460
103 284
411 269
83 112
332 626
445 4561
1077 115
1589 102
1360 1825
117 893
273 646
463 1838
2865 823
304 983
317 324
101 280
105 330
2028 730
312 344
1260 627
103 97
356 105
482 352
1252 4971
2653 442
282 710
384 97
4230 285
1804 105
270 97
332 2377
356 279
769 3306
3338 614
4843 1517
1816 1438
2331 3551
195 186
356 455
419 4271
544 50
289 276
803 297
1864 366
121 2656
284 111
532 104
725 268
32 2165
51 52
774 314
313 269
542 549
672 115
2447 1703
4028 4059
116 492
329 317
32 194
300 3656
351 528
414 438
778 3727
3443 275
2006 875
376 730
347 2553
559 101
288 4902
323 881
2627 517
3454 99
293 2713
594 280
1268 297
4355 4970
318 422
97 682
333 280
2473 4631
4306 355
279 112
287 284
313 673
318 2546
1457 2913
102 285
356 647
3504 352
3768 591
276 105
408 377
2647 844
342 100
1115 2852
373 277
639 1388
701 2000
2440 1758
1074 276
3322 520
273 3611
1557 65
271 284
372 1116
101 122
119 691
743 440
419 1643
428 784
2333 325
2750 276
2885 1336
368 350
1206 464
351 502
65 116
634 349
316 1706
404 78
822 650
2497 485
274 1737
1765 470
107 568
1234 100
1562 115
349 2446
1562 3081
98 642
1315 4170
3890 2361
273 1207
352 277
371 112
3256 591
276 363
346 4137
360 2061
668 396
1080 4164
108 105
308 512
3825 687
32 197
347 284
884 305
998 4213
356 1829
1156 55
264 1152
359 2495
467 1415
331 463
719 366
265 355
266 881
279 844
2738 1573
51 50
291 537
296 824
390 598
3100 115
361 268
405 266
4533 486
2471 1489
512 104
1116 409
3045 1201
1185 297
1327 366
598 509
1156 54
1521 4935
3140 836
289 566
282 830
316 443
1554 324
2003 275
3650 299
282 2488
288 299
294 1878
116 420
67 79
108 366
109 3914
2400 578
2944 297
344 580
322 1524
711 3229
32 4212
2093 972
301 600
330 508
414 442
1110 367
3965 486
107 1012
328 285
312 396
401 101
3901 1397
294 1039
668 402
34 59
322 278
422 378
3363 269
312 755
404 108
834 331
373 685
959 270
2890 1065
458 591
927 730
109 826
353 97
282 2077
295 98
618 284
792 562
268 836
3013 591
4605 5128
504 698
747 53
1859 115
2910 4789
4038 614
296 1173
497 898
1136 1159
3912 542
107 265
751 266
437 4712
874 2063
434 1300
1058 4829
3106 2107
100 463
296 325
574 859
733 112
106 436
109 803
725 598
4417 533
419 3453
354 413
563 836
975 402
3038 349
65 1084
290 879
4234 1240
293 2296
316 394
114 3733
2081 974
972 799
1652 374
316 2773
594 297
2883 408
405 851
392 317
1754 115
360 486
926 1158
117 349
304 370
494 1717
356 278
2937 270
114 363
449 350
777 2008
933 349
1012 1384
3098 275
312 1872
326 297
980 715
2546 280
1937 284
290 3331
356 5134
2424 1158
289 4352
332 606
448 115
2813 275
1418 298
1661 1973
4358 893
544 52
1722 5188
316 344
273 1087
343 116
421 104
2690 505
328 291
1234 98
67 68
296 391
405 284
2866 4637
296 1111
374 671
393 297
76 101
325 99
951 2387
51 51
108 269
892 116
347 265
354 309
414 1486
2789 535
282 309
293 669
441 115
822 117
103 117
4425 907
1074 1642
1835 1768
110 280
354 1475
1757 284
2976 1733
98 331
452 2295
34 34
2200 366
336 1323
504 99
300 437
1329 275
2677 485
32 2276
57 48
291 362
768 1783
3300 117
435 340
2031 291
1581 453
359 384
4761 284
316 569
680 329
1488 297
318 1147
3555 1610
316 335
561 105
328 111
328 907
333 2167
337 1616
579 117
610 1049
53 474
5200 429
97 586
304 1207
2186 275
316 269
3396 320
436 329
3207 3594
32 208
357 436
360 432
294 115
1926 280
279 111
356 121
1156 50
117 104
273 114
355 269
822 348
1080 537
1254 363
307 440
427 815
2892 935
288 2904
372 4952
3351 284
1335 732
4197 276
797 275
822 278
2550 642
102 441
1290 3413
445 403
98 317
322 1217
1570 509
197 161
307 436
446 101
532 97
633 98
2679 470
79 110
293 418
299 508
312 367
301 483
1031 684
4353 880
5101 113
316 284
354 492
478 103
322 436
3216 275
914 329
1576 1990
4370 1011
293 2036
4590 1729
1156 53
272 754
294 284
317 99
1322 271
285 1011
1444 606
116 297
476 121
2783 115
3571 664
275 297
307 286
318 1922
771 120
415 291
337 284
351 983
698 305
405 121
411 330
434 483
1813 3707
1906 1518
277 1091
1613 97
2112 137
3872 2554
322 1327
376 817
412 366
546 420
3584 972
388 1694
1092 2070
1801 732
5197 5310
296 2183
300 3809
398 298
3259 653
393 104
440 111
563 1262
1968 614
2934 280
687 265
1727 97
2299 517
84 65
747 52
1146 115
3346 275
571 1283
4207 329
282 522
1164 115
99 533
328 336
476 483
4932 5068
276 350
1051 363
288 2972
405 884
413 115
504 331
265 2997
964 115
322 1173
2202 5441
102 477
110 366
290 3011
312 373
414 278
330 1914
387 389
1420 1162
4915 2943
114 352
288 838
289 993
322 403
610 894
32 1324
759 108
769 1939
3699 1842
4063 4786
414 330
2491 115
1595 1083
264 2657
354 437
356 265
386 3861
910 958
105 393
79 83
412 280
2951 598
501 669
1712 450
400 298
1856 1432
2770 883
290 367
301 299
364 5465
2481 115
339 410
525 1901
559 115
111 97
103 329
1156 52
3970 275
682 1282
119 382
365 97
651 98
268 314
290 679
322 341
571 99
861 276
373 413
970 101
109 105
276 98
77 335
491 576
3814 278
289 477
5214 2256
100 309
296 358
4219 275
679 269
1285 629
118 284
5218 280
354 344
834 599
99 638
100 717
107 104
351 4139
1594 409
288 341
1415 520
4808 1596
197 130
986 421
288 983
294 1326
544 56
2071 101
3123 5003
3745 121
378 754
1371 1336
2431 278
3944 97
356 347
873 432
4011 814
379 1787
1235 519
272 2605
544 55
1318 623
288 482
528 269
1403 4473
122 2494
274 330
2114 4921
289 378
1156 51
1249 115
32 463
733 2942
1135 350
3089 1779
4689 408
296 436
356 1355
405 278
427 673
114 286
294 3094
347 387
753 53
351 595
322 1397
1143 582
100 492
349 110
467 1294
516 115
543 52
4545 5209
70 67
944 363
1969 374
2129 717
4652 276
320 894
1037 1825
1206 298
3047 275
115 109
273 2132
367 111
3295 115
52 56
68 268
553 115
2550 867
316 440
2031 3669
3714 350
282 451
297 277
300 275
1272 297
1969 297
2426 618
318 1259
354 3091
1538 2518
3530 483
77 269
86 68
353 523
2410 3608
3351 117
289 285
617 1947
2856 606
4243 104
76 97
932 99
362 358
2613 580
504 3948
280 99
288 266
270 1323
1110 4883
5633 1148
339 97
1024 266
2693 275
369 2329
1929 98
4777 4032
294 858
359 967
563 374
3591 297
274 482
832 297
2873 115
278 2781
321 667
274 687
1034 796
122 277
370 358
482 111
548 4968
356 906
1788 118
1790 275
360 673
1263 739
434 2008
594 714
600 291
643 275
2187 120
3308 325
351 830
548 1240
2081 410
273 403
1165 265
4374 4523
4901 284
115 115
268 1152
571 437
1143 278
5502 4468
354 276
501 329
1600 623
322 1841
409 98
78 455
285 105
351 4247
415 297
792 265
874 2713
1570 297
2016 275
2623 275
282 787
604 566
2421 275
322 393
1002 112
276 297
324 297
330 263
364 278
483 280
2057 271
265 314
340 277
274 724
364 646
112 362
357 310
2162 115
2664 894
265 374
103 408
104 278
5166 3649
102 470
268 476
3639 105
5058 2778
103 297
114 717
295 830
444 323
2011 402
109 280
312 718
390 100
4314 1384
41 34
83 82
262 1137
411 268
4492 690
1820 1407
1009 100
112 271
353 412
1017 727
359 532
2222 270
2986 120
3384 963
99 826
307 69
324 393
354 104
569 623
1608 1091
2580 3720
304 279
122 1848
3090 297
4636 363
274 367
633 871
868 731
1080 1460
405 4267
52 57
414 2968
946 115
3281 3514
4040 121
52 54
534 1560
322 1558
364 1485
680 539
1313 363
3850 275
707 108
1111 121
322 520
2821 110
3183 591
545 277
2982 3574
346 2998
352 1018
411 5390
1686 1112
1267 4871
117 106
329 121
351 939
357 528
452 412
1626 552
279 638
293 1641
1531 512
2406 1134
2774 3467
3795 476
105 278
1071 110
3573 377
102 265
119 766
339 277
419 619
274 4477
344 115
307 748
338 1529
1063 502
4236 5571
274 1392
304 3712
356 539
1524 121
288 619
334 602
934 56
576 116
2752 591
4065 305
110 115
112 329
763 699
310 275
1676 284
100 268
279 325
436 324
282 436
401 3201
919 1373
2931 115
3049 305
326 341
328 4111
711 3688
4102 513
5063 5338
1123 266
449 374
332 870
633 119
3178 952
1601 742
427 2960
519 638
294 121
1276 115
112 883
294 269
651 1901
1303 266
4017 1571
360 512
427 367
445 3991
3664 450
3954 2952
98 1223
1495 673
307 466
353 1103
4272 285
97 382
390 756
413 366
873 5556
3138 476
280 104
300 4898
852 121
55 53
434 1667
328 466
411 591
489 2766
671 115
1645 4571
4206 1204
4982 730
5349 443
117 1170
288 2911
322 268
451 568
4194 782
300 4917
1151 1724
1786 115
2944 689
544 51
1322 921
262 3143
304 121
3008 275
390 1005
3086 1523
347 1018
357 3002
544 474
106 757
296 401
312 1505
337 271
1178 100
312 481
753 56
274 1975
282 767
318 291
643 115
668 314
763 265
289 1500
316 619
2123 115
659 56
737 55
3496 1039
3810 276
273 479
281 625
293 1407
544 57
2741 408
405 930
3460 1437
4997 270
296 117
427 363
2816 408
322 367
274 520
293 4810
316 285
3974 1843
4204 1271
360 2413
1500 122
4784 1827
328 906
873 2880
288 5105
429 4835
612 110
4499 280
1297 349
299 109
430 625
279 1077
293 298
3436 1386
74 269
83 65
343 703
1504 148
1704 358
284 409
497 275
797 549
4136 1961
112 280
933 305
1740 340
3375 101
4532 409
195 165
1044 284
2647 121
5775 286
307 2082
372 673
803 101
3762 520
360 2352
422 621
1037 324
4617 994
54 53
361 5569
489 2739
570 280
3000 5135
262 724
707 3909
1746 2317
2267 1758
1110 539
1311 679
2427 1992
3405 313
5043 340
293 647
1412 115
3706 105
287 115
290 457
300 317
2189 380
338 709
3385 653
5031 275
328 97
781 403
1315 5666
102 958
108 324
611 367
1156 49
1144 889
2692 1975
3043 297
421 805
111 341
116 105
427 278
427 621
818 3739
1693 112
112 787
322 394
328 566
916 957
1554 487
3839 408
304 2417
659 474
944 119
1422 591
4316 555
321 329
351 592
387 115
267 3724
316 2356
353 782
1754 297
265 655
396 408
2803 1368
65 871
1449 1070
2319 754
336 625
456 366
300 1726
2103 566
561 3983
728 551
1025 48
68 331
316 111
2220 741
3041 472
3249 299
122 121
317 116
434 4124
990 803
2354 1012
364 2755
609 559
274 2102
290 1217
300 1936
323 105
5120 284
386 116
388 394
728 4987
271 280
274 614
305 101
2859 1914
304 1961
49 474
98 710
264 2667
273 1024
277 104
357 401
1326 109
1603 1250
5013 1494
2831 268
117 121
274 2393
2473 2934
54 54
65 65
300 1475
353 320
1493 1021
2480 486
4354 103
290 299
3863 715
32 43
316 454
1003 284
4115 101
4305 2881
111 277
276 739
391 266
753 55
3815 299
4787 298
111 687
117 1012
402 291
553 266
1799 1713
3345 989
115 1392
534 508
322 1030
489 305
1600 1581
301 453
390 116
489 99
294 2138
393 97
1303 2184
5937 4482
277 280
746 101
1017 265
290 2887
2890 592
3433 486
82 84
322 843
384 117
276 266
304 2539
3086 1709
119 4129
290 4685
342 105
884 105
284 299
291 438
294 320
354 2061
4634 115
4713 699
4958 409
336 291
392 539
328 412
914 97
1380 513
3977 931
364 532
390 6095
117 105
792 268
1178 309
1509 974
2012 5086
2530 1438
2867 857
372 116
3252 2107
3624 592
2715 115
3318 376
293 2952
296 838
323 270
774 2625
5656 1326
118 402
289 3780
290 512
2471 4317
4981 690
32 341
298 297
2806 299
495 3087
4158 995
342 1471
546 1910
2807 1204
3778 1780
118 270
873 920
1144 475
1420 486
354 284
3659 453
5564 363
316 2477
333 584
2681 2458
406 2903
352 103
1168 103
2597 280
1444 5370
2389 4081
1100 908
1452 552
2168 363
102 3618
361 959
1167 396
2396 115
3391 325
99 4120
359 97
1722 446
3272 115
266 584
1115 3674
3509 297
197 171
643 549
659 57
5358 323
326 766
392 440
523 97
276 409
354 67
5202 806
216 167
2918 299
4498 5119
98 111
322 1861
666 53
1253 366
866 690
2435 367
463 305
553 101
5016 285
3908 269
307 271
1319 350
2593 2540
3017 1494
270 112
273 97
733 1483
1041 551
4625 350
276 423
387 265
3041 276
4699 4845
2029 4878
278 279
328 741
337 2372
458 111
1531 2201
293 1505
5156 3159
493 2989
668 114
1192 6023
1759 270
32 120
563 1753
1455 4097
545 1398
822 2680
2658 1462
416 4214
612 109
915 269
3094 736
290 578
354 97
753 54
2799 690
5109 1386
74 5235
1434 105
307 1780
688 871
768 465
2638 105
105 370
380 731
1178 3027
282 1065
320 367
4632 830
277 297
617 3971
820 53
323 286
445 1229
752 5911
661 100
2012 121
296 387
300 1004
316 500
318 516
1092 313
99 2370
100 339
312 1518
312 1641
374 97
472 857
5786 771
102 1654
300 748
2694 5205
5893 1187
80 104
83 263
307 358
545 582
1239 4755
104 993
290 516
2011 599
78 373
357 105
2648 366
98 105
289 348
378 115
545 3836
5174 509
288 278
524 121
1311 1226
3597 730
5963 613
445 396
1671 1427
3375 974
530 280
2496 291
2609 1751
371 374
537 111
659 52
2667 979
3366 410
57 57
65 911
356 475
1631 4346
4575 3050
680 5726
2484 2545
1625 529
4394 1378
4420 485
4449 1433
359 3830
429 101
1579 2897
1944 115
2619 276
737 56
833 2881
1167 481
322 1024
384 104
790 522
2880 305
300 5462
1080 1660
274 766
393 4132
2001 535
3216 979
5880 298
354 6251
119 742
328 421
2346 1056
429 275
1626 117
282 2132
293 320
300 420
362 1099
458 578
2305 269
2738 552
1241 277
1243 269
296 4179
4114 440
351 310
1531 3717
3423 115
289 5840
458 532
1572 2616
102 101
103 1729
114 109
318 420
353 277
357 341
405 309
444 97
456 266
579 1450
674 3176
932 4368
1757 409
1796 5730
2524 486
276 1116
290 3167
415 485
1151 483
3228 522
262 4123
294 279
427 512
4475 576
300 269
809 2919
1387 107
3161 6049
32 226
798 3805
1291 884
2102 3868
284 355
458 5949
659 50
2315 1581
288 1903
297 1437
3288 2901
4386 1713
1704 2600
2728 363
2930 4376
288 5266
364 5649
312 418
361 309
351 1247
1580 5131
67 108
109 109
224 166
2464 5315
3283 280
5199 555
364 121
403 286
472 1517
491 370
1849 1939
4427 907
6061 481
119 442
274 1407
304 403
1108 97
1584 277
115 329
290 269
354 266
1337 539
114 278
837 366
4250 97
445 782
873 1500
2381 730
5017 163
5480 4960
83 457
300 97
316 6287
633 5540
388 324
340 105
353 664
386 2151
434 1344
452 3195
1165 2458
3889 408
1727 110
2774 2452
117 270
365 279
1167 2345
6164 97
65 982
294 402
4570 6227
5318 3477
1192 101
304 970
371 299
757 100
87 101
293 376
296 431
2694 115
315 3724
524 836
753 52
3360 486
316 579
364 662
393 732
6053 2416
77 2387
391 685
2526 447
1337 1958
2742 350
354 5630
422 266
1386 555
3405 626
5267 653
939 366
274 2347
285 745
491 1240
1230 109
3291 836
4688 5508
1037 2274
1515 500
288 3334
307 394
361 782
271 871
873 654
1854 900
3668 830
5864 539
73 115
5221 745
108 940
316 355
373 280
376 97
495 265
274 479
294 277
364 1524
414 4698
467 355
822 906
1022 2072
107 280
264 431
360 2633
384 277
1945 393
5541 6359
274 1524
195 159
545 299
1420 714
1754 275
2241 3619
208 176
353 1474
4886 374
659 55
2157 6366
2568 99
357 440
5207 297
122 104
317 298
359 278
489 115
753 57
353 459
356 2217
387 269
769 310
1926 275
3294 598
4442 429
5799 268
107 297
495 336
705 278
5621 4232
111 280
336 683
361 335
674 3229
836 387
868 4443
5092 555
274 391
1757 291
291 509
301 374
798 1408
1673 1050
3073 5132
3174 420
4436 276
83 943
308 86
2742 1011
296 1392
337 3755
384 297
421 112
478 1046
1186 3621
117 317
362 420
495 542
2762 279
4372 409
4618 437
116 291
338 1770
1301 4103
2666 2072
3815 623
5000 540
109 366
294 512
316 295
1153 4157
294 413
296 5056
299 625
322 105
338 474
533 115
561 269
1968 5299
2148 952
2442 3127
3277 880
754 305
1159 424
2009 2769
3980 664
5111 104
446 485
643 731
1165 480
1666 393
5628 640
100 121
355 329
609 314
646 297
5464 280
6447 1903
52 50
114 486
301 121
405 108
753 51
108 3824
288 4763
1911 599
32 614
112 342
312 80
461 2558
2735 115
359 309
476 101
3383 4681
3874 275
405 97
737 54
980 429
4675 5170
482 266
3622 897
3977 358
5754 5025
674 4350
1813 5604
73 83
659 54
2597 101
340 1729
371 930
3117 115
556 455
877 730
227 129
313 324
571 115
738 104
77 65
737 57
1920 994
4483 270
70 1015
294 344
2179 363
285 350
462 101
542 475
293 2250
304 2459
497 280
868 472
1534 2965
1625 280
1970 266
2057 115
6334 269
291 714
2171 1177
3810 653
365 105
400 109
414 540
452 1229
634 377
5075 2298
53 53
367 268
668 698
2420 84
2657 393
294 524
431 97
3418 376
6337 481
293 1111
1123 366
2391 3669
2647 907
4451 1061
2834 115
3742 673
5898 291
98 378
108 624
195 184
1157 362
2316 476
4313 366
304 344
322 295
328 1873
1810 6632
100 105
100 437
418 280
991 580
1362 280
100 920
1421 101
2807 502
698 475
822 3011
980 908
1141 3221
1212 1744
307 533
392 391
2753 73
313 279
411 409
671 931
82 4166
354 727
896 297
2209 5062
2484 266
5819 485
6139 736
281 110
341 116
466 266
308 1920
910 413
1092 116
3664 3197
79 955
282 2372
445 412
2421 297
2917 275
106 101
273 813
405 689
4716 813
115 270
273 2624
2103 4635
4497 310
353 355
361 463
1495 3621
114 513
285 1779
290 551
293 362
309 297
352 265
359 329
1575 402
5459 4297
71 114
1178 2268
3613 115
4977 442
458 6017
1252 470
3931 276
4413 266
98 1295
120 537
353 748
851 97
1420 363
4126 667
119 297
304 472
288 1641
1864 616
3492 284
52 52
572 309
802 310
868 1326
2376 3071
2777 4967
831 104
1232 3298
4310 1843
100 265
354 524
356 662
1122 745
1478 297
1483 275
3138 2769
351 1088
407 115
1029 275
3797 4454
3849 275
73 86
114 265
5039 1326
2288 408
1038 1198
1267 6734
2512 104
2948 410
1864 2547
328 121
555 349
967 97
1459 297
3088 6722
294 789
322 522
749 1070
1371 5675
321 5112
338 1900
340 366
1937 6666
5641 766
74 631
277 122
307 710
427 6748
798 3352
633 116
800 3717
5516 1046
109 669
381 101
403 348
1443 440
4270 5244
5488 690
289 418
329 562
332 279
419 438
601 115
753 50
1497 1758
2397 4679
6730 2494
332 908
434 433
1395 305
2777 266
307 566
320 463
328 275
407 97
593 2164
815 275
3436 117
227 131
278 342
308 108
322 269
1757 6770
2761 277
277 1848
711 99
1081 275
1531 2063
3160 782
5710 1494
55 54
265 266
304 1170
1562 480
2003 979
6211 685
294 384
294 843
300 4934
680 1694
282 5072
563 347
958 513
2406 396
4238 99
66 101
98 279
274 480
325 654
548 4013
1380 440
2471 623
119 1433
301 270
359 442
390 413
572 579
931 374
1429 704
2795 115
321 782
1029 278
2293 5764
2424 376
604 4195
268 408
312 280
932 121
1367 704
4894 995
323 1116
2597 362
4349 623
387 97
467 103
666 49
2935 1593
65 115
100 111
265 297
274 2610
571 801
395 100
1177 104
1588 314
1731 1934
110 409
116 280
296 110
359 320
2857 6081
71 66
83 99
289 478
304 446
407 1223
416 103
524 552
2152 3772
97 579
356 286
834 101
100 270
294 651
359 279
619 305
2738 1880
121 623
1455 284
2192 522
2242 1752
2555 268
39 44
116 1616
264 120
459 98
747 54
1193 349
1575 1758
2288 291
3654 275
6925 3050
82 65
298 109
400 2416
820 50
380 291
414 1282
445 2943
497 101
1575 1737
290 1426
1632 110
3554 1011
4093 349
6347 485
196 131
262 451
1292 285
1458 355
1670 110
1777 2529
3274 513
277 453
307 429
324 105
478 377
2935 402
55 56
289 3202
724 275
733 4802
1189 418
1516 1344
2594 1368
3722 3081
286 409
304 731
337 335
353 2084
1520 475
2932 1785
3294 340
290 329
312 443
570 325
574 3867
574 5303
1191 1177
289 3508
353 568
370 280
1319 6899
5570 275
355 277
967 265
1458 1375
3080 393
4401 4718
112 97
548 4833
2758 275
5481 538
98 757
328 342
699 111
753 49
1288 114
1315 1373
105 614
298 105
325 6446
326 325
369 112
445 6195
523 280
273 3959
318 4467
353 766
434 3446
2965 367
1870 698
114 117
356 309
2331 317
195 171
4846 4138
288 1204
197 159
273 1012
1430 297
4946 115
119 1187
351 475
354 766
1453 271
2336 1737
97 111
97 519
313 366
341 297
523 299
572 472
987 1770
77 121
52 49
412 1011
566 291
5469 979
6672 685
312 3429
360 4830
2375 1903
3569 2881
313 2061
338 2023
347 432
390 112
1624 115
5903 329
109 278
266 420
1248 4365
2515 115
390 1818
3542 320
290 6613
296 340
2326 410
114 396
265 580
279 268
939 275
3035 366
6009 549
82 104
271 112
307 2052
388 98
523 297
1685 1076
371 559
5422 3586
5914 565
274 3002
294 906
321 5960
386 102
405 568
561 853
6008 4933
34 58
351 299
717 280
2287 122
5439 517
263 317
322 2067
328 538
458 279
670 888
4527 626
55 55
321 298
651 349
946 297
1579 336
2985 1419
41 59
65 84
69 108
717 115
1321 101
4229 285
6961 836
106 111
617 344
803 121
1632 114
1868 3968
2014 115
2576 2805
356 329
1034 537
2440 542
2520 366
5293 409
342 266
530 2540
1291 5908
2179 279
4746 298
67 67
1741 566
1383 410
1794 117
2820 97
3578 819
5631 366
354 662
548 477
644 1616
1795 520
100 4320
427 653
1291 858
5961 314
116 512
117 389
349 297
1504 152
2026 114
2074 444
4819 336
489 325
666 56
2071 280
3190 7099
572 669
792 1806
1052 4026
2486 277
4828 6947
2116 115
3807 101
4349 299
312 285
337 2687
346 2124
354 342
1105 857
1782 266
6484 349
80 114
374 7003
445 817
711 448
723 121
1443 402
5945 1709
115 652
274 1107
338 1658
354 355
2210 5225
3550 432
868 299
2985 3855
6864 297
359 441
4152 917
5341 401
116 533
308 7108
707 291
747 56
1740 279
2224 1107
2752 1728
3219 4792
266 99
306 960
307 4105
351 403
1155 4503
1355 309
4950 653
60 47
265 408
274 523
290 983
493 374
2997 325
3563 299
102 381
3307 276
3322 1078
4061 5797
108 335
4731 531
282 555
322 516
360 1961
116 717
312 1703
364 263
609 595
5162 508
104 440
290 352
737 50
968 3983
2508 1171
4596 6121
69 87
288 2624
458 286
574 3004
320 513
339 276
373 442
803 266
322 3508
347 805
353 4160
820 51
1206 2547
2967 320
3946 297
4613 265
57 53
701 555
1166 115
1459 2317
476 431
1192 1837
1002 729
1953 297
6501 508
667 97
1198 349
2045 103
4202 538
322 431
357 268
393 2205
590 277
1004 105
1292 278
1521 509
3359 462
820 49
1136 4006
3726 4254
4383 472
313 482
324 348
1022 330
2031 270
360 271
4560 109
6964 6387
300 527
347 614
434 2852
436 276
504 4812
1625 2928
2651 116
3807 284
831 101
3725 1076
5194 335
465 266
705 1107
3307 275
4310 105
6068 1099
290 285
356 651
405 111
411 2854
801 367
1069 387
2325 687
115 97
1122 1082
1367 2456
6271 880
41 58
321 714
2750 305
273 477
390 119
1415 1078
1443 1289
4629 5828
359 2221
405 117
546 5467
296 4943
445 381
488 623
531 101
1331 851
282 3254
405 7083
747 55
1133 118
264 347
482 105
712 297
910 1694
6747 2940
112 111
296 699
356 348
372 475
1002 3154
1918 3149
2976 5145
5871 97
5929 105
274 1973
604 391
2166 893
7001 1471
273 689
512 1437
666 54
692 118
1352 482
1453 917
1739 2836
32 196
3849 297
356 462
512 586
5152 7144
354 1889
340 1895
846 1940
1693 5760
3406 115
4238 5440
5545 109
66 69
561 1091
4462 687
6063 409
84 67
97 502
357 317
1048 1803
2108 275
3958 836
7186 5180
298 336
3625 284
7154 3184
101 276
310 409
579 115
1335 453
6140 314
296 440
435 689
446 4690
1002 1712
3053 4156
5522 409
356 4467
711 626
2273 410
294 309
351 342
452 394
511 717
582 105
3308 2547
5489 2492
7189 486
102 6774
115 2324
1233 6255
4513 115
52 51
65 109
103 366
318 782
337 523
359 391
409 1183
511 97
728 1250
196 177
298 455
364 6991
1043 402
1363 115
2045 565
4419 402
6080 2553
321 3284
323 116
360 815
390 389
401 107
692 4572
1497 3493
5189 349
322 4026
405 269
747 57
4061 101
109 1173
353 121
414 1187
561 591
6648 2672
32 682
303 4001
599 1435
3390 115
3517 433
4162 482
6598 7248
285 270
1263 4214
1579 98
4462 529
866 2000
318 5276
436 97
1570 482
2985 117
3520 486
273 1958
282 2412
356 382
405 268
682 269
1288 673
65 67
299 736
359 4480
418 111
1849 1400
5875 2228
104 624
371 1125
411 4432
2093 1573
452 4904
1034 271
1077 100
1189 6113
3315 486
262 5176
322 4108
413 117
3148 115
6401 826
68 101
98 269
1186 673
1743 625
1757 529
4781 1543
335 269
350 275
361 1651
651 97
3040 320
5701 1011
301 313
104 2966
293 393
588 474
820 54
958 115
1622 105
1640 5837
108 348
387 280
693 121
3275 278
208 190
351 284
353 444
525 323
820 56
2460 106
307 522
322 451
1115 4466
1331 443
1826 115
4040 420
121 103
293 4284
312 7355
441 344
2028 529
6969 681
408 103
1321 331
3837 376
4118 7390
225 187
354 3656
666 50
998 3462
2210 6318
103 828
195 160
308 83
729 599
809 2896
1985 278
3115 599
3129 365
114 387
307 576
308 1408
390 109
1575 3386
1953 995
293 109
298 121
328 4187
3219 284
3802 1254
3889 409
6474 275
707 111
1057 3885
104 279
269 280
281 3861
288 5954
356 523
524 299
717 108
303 120
310 297
427 455
737 52
1149 121
2851 826
3534 539
5041 5753
112 917
196 141
268 105
320 266
327 587
659 51
1458 2903
276 111
4136 367
304 309
318 278
330 111
684 817
674 7134
1870 2733
2813 115
3301 900
282 457
301 423
986 3551
356 889
359 7319
524 269
711 6323
2267 542
104 466
122 105
298 280
1745 3739
4658 2781
98 285
1871 1078
289 1552
322 5718
1380 121
1534 522
37 41
115 1737
296 515
300 5183
724 367
1820 265
3866 1549
390 7358
467 3067
498 856
611 2127
1311 324
1515 700
2142 3906
2453 889
5268 440
308 118
396 508
1337 479
2732 5116
4734 470
7011 329
65 82
79 114
108 462
1688 275
3402 4693
3818 699
4486 6415
7185 297
268 428
296 477
316 578
561 116
7485 2615
224 165
1902 3608
2536 363
6175 3951
276 112
312 2564
351 320
351 3479
356 5332
1626 1573
2590 297
405 5052
1042 48
4287 7093
7166 1551
288 2608
532 111
3132 2657
7150 377
71 2143
268 349
282 4524
301 2221
318 3559
347 341
376 529
414 1162
2318 275
3338 121
4616 2084
353 662
822 111
1066 115
2853 673
272 2518
285 325
339 745
1419 112
2948 1987
5144 1378
287 6545
322 582
1263 7262
3146 1078
110 105
268 805
286 654
296 355
312 463
393 109
411 444
461 865
523 320
772 513
1444 470
5066 275
69 110
301 1895
307 1332
354 117
357 478
2594 475
5367 1327
354 6470
2653 111
63 34
291 508
316 482
321 285
360 766
452 3991
1275 531
2244 297
4178 529
6091 600
32 206
273 329
276 5792
480 485
1493 5175
2550 4415
4640 425
4939 1677
6997 883
65 70
269 1148
666 52
711 5424
1337 6532
2112 150
286 109
322 959
1646 297
1925 56
3458 5676
5477 623
289 269
296 105
359 4360
763 441
2114 2330
2231 413
1497 704
2481 297
6438 1344
1328 265
2789 285
354 552
411 277
1219 101
1580 280
326 265
3595 522
53 54
99 109
116 370
316 451
355 5498
1566 266
4519 115
6675 6682
7600 4408
296 268
931 108
289 3852
378 275
407 1082
4070 513
4966 115
291 105
390 4090
422 3327
570 2156
2257 115
70 276
80 286
323 111
458 270
612 477
932 629
1021 409
1059 115
7416 5758
45 45
57 56
322 275
528 265
728 765
737 51
6965 109
286 97
534 2515
717 116
1292 111
293 270
534 1804
208 184
274 2405
326 1077
328 265
498 7700
569 115
3252 921
3786 5329
110 539
293 412
307 649
938 420
4190 269
98 284
119 403
338 2208
356 1570
356 6479
371 2672
611 2036
1116 673
4087 6054
112 370
195 170
666 55
2899 5688
3190 522
7680 6030
262 684
273 297
414 1776
418 297
4235 305
322 1711
323 121
416 1255
1588 480
1870 317
1870 4389
4335 1442
4834 1651
430 115
1688 462
1850 4791
284 297
306 987
430 2913
961 115
3099 297
4286 2616
4501 1271
114 347
118 409
303 3793
318 1180
353 396
978 3221
1115 3446
288 4643
295 433
346 1162
735 6300
776 363
3064 2358
110 4117
227 130
401 120
414 591
961 450
1421 1934
108 115
296 627
822 391
842 619
1253 280
1580 5419
262 320
1622 2356
1676 112
2223 4131
3635 110
312 105
332 1496
835 265
4075 62
4497 3042
328 826
328 2476
357 4240
515 101
998 347
2340 297
3089 465
6739 5854
7045 2778
6166 7475
7403 121
196 171
323 409
611 5400
820 57
3507 1336
2085 111
3160 591
5471 276
109 2036
298 111
429 522
659 49
1055 429
6493 266
7556 437
32 124
119 352
274 275
279 278
296 265
356 1642
765 1187
83 69
281 1261
341 527
965 5661
1234 7436
1767 1823
2263 3298
4626 450
371 80
378 486
401 102
1451 116
2677 121
6676 97
39 271
1493 1719
4682 7181
5423 284
776 284
2383 297
4000 284
344 365
356 108
405 679
1062 3586
384 979
1207 97
3565 627
98 325
446 104
524 277
2684 2205
7542 276
1902 690
3860 619
282 5114
384 299
4476 1843
6883 121
291 266
717 114
1916 690
2616 1437
288 284
1371 5463
2074 739
2848 429
73 67
1069 4693
5321 275
290 5026
458 1521
617 6471
786 366
3015 1326
3226 4850
286 520
304 1204
312 323
351 355
497 2365
1628 110
2012 517
100 376
476 97
83 80
275 97
370 350
416 100
599 555
1929 453
1521 5125
1686 104
2809 115
3597 1130
5448 403
286 266
811 103
1497 4012
1746 297
2137 5517
2237 396
2496 409
3357 269
7315 4957
321 362
1583 349
2799 265
265 365
412 6182
1048 1895
1821 2572
3834 3658
4204 6652
5296 510
276 114
436 115
869 1065
980 3657
300 938
304 1543
307 2372
353 391
356 1518
1092 6319
1155 297
3825 268
308 823
373 297
376 275
825 871
2192 638
2380 1435
2838 1973
2868 7650
2879 1269
3428 516
2137 7610
422 629
534 478
794 101
1570 7946
3291 625
4771 5146
273 278
307 472
346 5850
1006 3957
2681 2708
262 480
776 278
2641 284
2973 101
5798 470
338 1948
364 482
373 454
666 57
910 1888
1740 1171
5274 1326
54 56
1175 297
4591 599
7242 1070
446 266
1346 297
5690 623
6135 485
77 76
112 1837
274 1259
674 6718
1246 817
2261 57
5839 3606
304 418
338 2090
525 3544
99 279
337 403
339 409
910 449
1363 284
2900 889
3106 520
4728 542
316 480
633 2055
1611 907
2273 974
5326 271
285 731
1092 2913
1969 115
2849 2107
3062 297
5461 1768
6753 5588
105 1378
265 409
512 102
1114 531
1826 325
3123 340
289 3453
322 1379
331 1936
285 1872
290 408
353 297
458 8127
1309 280
1644 71
67 87
101 462
478 101
1422 285
32 342
280 279
351 1654
354 2202
378 117
674 5546
802 412
1483 121
2210 3893
5519 8048
108 409
353 431
371 579
489 8077
1739 271
307 1543
328 324
3212 440
4867 5594
6749 1251
53 56
296 1505
296 4542
338 1941
401 314
2671 376
3795 508
234 175
1625 1987
357 97
378 438
3763 117
65 122
73 65
427 2413
3706 270
4640 935
7711 437
267 432
282 407
389 522
2720 2552
3863 732
4759 551
39 109
272 1915
295 120
301 117
2643 314
4145 314
5736 438
77 83
98 482
300 2061
348 580
874 480
5311 690
288 5874
600 1838
1248 384
104 114
290 342
312 582
347 112
357 408
1818 1780
2048 105
2889 1162
6153 108
51 474
296 67
316 286
362 297
643 1070
2006 280
2848 270
3408 115
78 101
2426 4803
3259 4919
298 112
356 5640
402 2078
107 373
735 276
7365 410
73 1940
293 394
328 704
416 4757
459 115
489 898
1534 268
1590 352
5673 1980
78 621
279 269
282 1294
312 1606
330 271
392 108
809 3619
8142 626
268 1706
519 1013
769 5028
869 4376
3276 408
102 114
356 431
570 566
2042 549
2827 7490
3797 317
277 1966
342 117
353 329
404 109
667 105
768 2737
5674 5240
111 106
301 6216
337 396
354 479
356 324
361 457
4313 421
308 377
569 299
1021 408
1263 6825
4903 7311
8083 880
87 402
111 298
294 895
301 531
308 80
337 4240
2008 721
304 451
4464 102
307 1590
356 959
427 967
491 727
737 49
1809 54
3742 3429
5230 3422
6619 1271
67 269
114 457
277 836
436 105
2440 1737
4385 687
5655 2767
307 1207
3637 509
282 2285
299 801
336 736
1509 280
3045 450
3494 5425
4522 1505
5078 8129
5476 275
5528 409
281 358
282 7563
390 620
419 4799
624 576
1096 115
100 117
1617 276
1821 2274
2100 266
274 5319
289 431
296 1326
850 107
1960 508
2002 5717
5077 115
7010 8297
98 117
271 122
296 967
322 1774
411 450
8392 3855
316 2417
596 350
859 121
2441 653
32 216
83 1278
274 7249
353 269
384 1573
1595 1210
3573 825
5270 80
268 420
382 109
1578 6189
2016 266
4125 2836
4266 1484
6356 6299
308 98
389 584
545 120
1034 276
2758 690
3591 689
4194 4645
7095 867
7519 6524
32 58
288 269
301 67
337 673
354 407
357 929
1167 1242
3032 297
3588 4727
5670 440
290 787
300 704
312 480
323 1736
339 269
820 52
4065 549
7308 265
83 101
98 512
330 299
498 782
644 465
1212 529
109 407
1914 109
108 437
337 1500
341 105
874 2068
2029 268
4308 277
7564 838
80 83
294 323
341 325
3353 115
4422 320
5418 429
7654 394
309 555
1297 952
1844 103
2209 1490
2231 4363
2729 305
3637 420
6419 6250
108 268
298 268
300 664
312 619
322 512
747 50
838 268
3882 297
307 813
359 884
1816 5289
66 114
357 465
359 105
445 983
552 122
625 3185
1307 729
4817 108
6036 297
322 3470
330 979
467 280
624 115
5411 5785
7163 6546
102 1170
264 1481
289 275
361 342
1374 1681
1812 115
2057 421
99 409
282 286
328 448
332 1829
357 651
697 450
965 995
4145 638
112 278
273 451
277 393
322 1433
353 348
440 121
472 377
1703 266
3062 275
99 370
300 1162
312 914
354 1046
907 512
1420 286
3521 513
5955 649
114 330
296 114
498 1066
1625 291
2293 118
3660 275
6034 115
32 626
115 365
117 908
313 284
318 957
328 424
364 1061
405 387
427 813
495 330
7065 280
290 2626
329 97
832 366
1645 438
217 132
225 185
262 2940
276 551
277 1344
294 757
296 647
326 4447
359 268
444 1148
511 117
633 476
725 100
3264 366
290 4674
296 83
452 367
1794 522
2845 297
4122 275
5780 266
519 297
270 365
312 766
1509 4893
1686 299
2630 690
3128 2358
273 513
285 1581
290 7410
361 984
364 505
536 99
809 480
819 115
1906 924
2316 5283
57 55
102 2459
270 270
688 108
1248 539
1349 363
1765 638
6314 1637
118 111
379 689
458 73
1165 2393
1206 342
98 3508
105 1732
281 5184
3158 4792
6887 450
56 54
117 671
312 553
322 472
873 6137
2838 299
4891 297
288 723
367 298
837 280
944 309
1115 99
2218 105
2237 1729
2527 115
2554 540
3343 7184
3418 410
98 280
300 828
438 342
715 105
3890 4696
353 291
525 3655
766 277
3937 1723
5355 7368
98 843
294 286
351 117
571 513
609 1729
1713 485
2192 513
5121 97
5627 509
6833 7755
7063 995
8330 1810
100 114
264 266
316 370
347 329
998 1085
3663 843
103 437
112 323
371 447
2120 276
3198 527
3960 3071
4717 1230
85 83
104 370
309 269
1252 309
1390 350
2441 731
3181 266
3391 116
109 925
295 508
352 111
1153 535
1371 291
1481 5531
2305 1781
101 105
536 110
624 335
2137 1494
5863 438
876 97
2733 796
6617 513
322 566
747 51
1321 269
2630 6707
7974 8022
103 664
405 412
813 104
2410 3658
102 576
336 275
356 1590
914 286
1434 97
2926 115
3925 277
4512 936
7200 1210
276 325
304 1601
312 413
1234 7808
1925 57
8477 6838
98 348
307 403
322 2439
336 105
360 1250
987 1658
1418 6538
2485 105
83 109
344 280
354 352
362 111
364 280
376 323
791 349
1483 297
32 291
296 1774
364 4155
434 3674
2008 921
2215 114
4548 4887
5652 409
208 189
296 1385
304 2356
342 363
1480 111
8323 1070
392 279
495 480
531 580
1382 115
2858 280
3696 115
3753 1368
4664 284
6662 266
267 565
281 7007
328 378
467 1511
702 265
1604 5869
2333 979
4730 317
103 298
274 7504
354 323
360 7015
777 2875
2029 6631
122 122
291 376
651 108
671 104
7152 279
282 432
301 265
307 266
321 1233
364 8523
482 305
675 857
5757 79
2986 881
4483 1375
312 3914
329 280
350 121
355 97
777 7584
820 55
1009 7622
1241 5050
1291 8595
1937 363
2504 402
2803 3282
4493 2625
6006 3793
296 662
987 2208
2154 730
2592 598
3654 115
4618 3625
354 1936
428 299
5313 110
56 53
288 448
353 624
666 51
1809 55
271 270
273 6541
322 914
625 3437
2227 115
68 80
291 299
364 440
434 7363
546 349
1839 275
1984 297
290 275
337 309
359 448
1609 275
6740 349
208 181
619 107
1410 3915
1578 2063
1933 115
3685 1987
4033 297
4087 437
336 280
360 898
378 280
912 647
1260 729
1331 8677
2245 48
6105 2349
307 348
357 450
1831 115
281 870
384 271
386 110
409 104
1310 116
2594 568
78 111
109 325
405 393
1007 6615
4380 731
4633 2393
5408 284
5639 446
7576 268
100 115
262 766
290 2529
847 888
1504 157
2344 101
5287 2165
99 500
112 366
288 285
357 276
384 836
387 105
411 463
1260 2167
4668 1437
356 270
489 100
987 2090
3542 309
77 80
294 285
308 3245
359 363
932 4254
2799 314
3949 673
6721 270
268 1753
294 317
296 2102
441 305
1144 1469
1693 3240
1944 297
3803 366
293 286
316 367
340 111
360 1310
365 297
467 2903
1309 297
2333 552
2527 275
5684 732
458 320
801 116
1180 2772
1536 2516
3223 995
3629 349
364 4665
1122 7466
4411 1202
7161 1848
106 117
328 67
344 625
352 101
1809 53
1926 297
3392 4696
7878 1375
8906 576
274 441
356 277
357 859
818 2861
1228 297
1688 324
3576 3352
7240 1448
271 625
289 1217
293 341
353 7976
611 3354
1283 4260
4377 3686
274 4280
356 384
356 1810
612 100
699 110
1374 101
1590 97
1782 366
2666 963
3252 3727
3396 690
5139 952
8057 314
57 54
278 268
278 730
391 409
414 6423
495 2055
1925 53
2236 7192
3008 101
77 268
393 108
427 4542
755 110
112 279
114 438
289 673
354 74
357 336
371 1415
674 106
1065 121
2001 1070
312 441
316 553
367 437
1815 266
6317 817
87 104
105 279
351 1018
379 121
427 117
733 436
2196 387
2359 585
2389 1375
2607 48
103 836
265 2250
312 925
405 1632
419 5001
728 384
1594 408
1644 75
7384 472
7509 429
7924 881
357 367
604 6395
617 342
1051 7465
1772 8632
268 99
293 330
371 483
511 409
633 1898
1925 55
3151 475
3281 2992
3743 270
1149 97
405 2102
693 271
1782 297
50 960
267 1308
504 957
932 116
1158 509
5619 266
265 2617
301 3110
367 284
1060 8685
1693 116
1925 49
282 444
354 83
414 459
1017 335
1037 367
1285 870
1809 56
2253 782
4266 509
114 529
328 299
768 1373
1646 115
1739 280
1945 396
2497 1116
4074 4074
4244 599
110 532
288 1259
307 6950
411 348
707 121
750 266
1003 278
1367 297
2516 324
3277 266
3552 6674
8981 553
282 5887
294 667
307 505
419 336
748 111
759 4833
809 3342
1144 2924
2578 349
98 275
79 836
379 279
5415 99
357 366
452 111
892 6655
1095 1573
6275 462
6916 1011
6962 6308
68 492
87 65
112 513
270 105
405 340
422 1744
774 446
1515 5125
2226 115
3345 2545
3350 402
6075 275
9036 8905
65 1940
324 408
934 48
1153 4099
6830 363
279 265
281 1300
365 116
387 275
458 366
774 7031
1007 291
1388 2324
1566 115
296 330
504 7288
1092 5454
8758 685
68 83
89 295
109 557
304 278
445 4904
525 6745
1419 109
1697 591
2353 5859
3552 8518
3723 291
6048 297
266 114
332 3836
356 305
604 324
987 2023
1418 104
307 667
316 431
491 432
688 424
1026 4369
2129 104
4038 277
316 105
329 111
379 582
763 8922
1034 1660
1580 297
2681 278
5947 280
6029 704
119 4155
308 269
323 279
360 1893
2189 4520
3300 105
7652 291
80 108
318 3202
800 4536
4749 624
5844 1733
7369 409
274 771
752 2526
1627 297
2269 401
3512 3707
5865 440
7533 715
54 52
340 284
369 638
614 268
1174 570
2101 1511
3500 297
6515 486
7367 1107
84 114
279 664
356 4988
747 49
876 436
962 517
1095 650
1730 266
2209 9109
2537 1736
2935 276
4388 591
5313 1517
7004 619
299 101
1034 1991
1925 54
2200 989
2848 444
2885 732
3459 269
4216 403
5499 291
99 297
296 715
299 619
353 1762
356 269
435 766
458 592
1672 314
2492 297
282 1681
287 562
296 2287
322 553
733 1641
1034 3915
1420 527
1572 1549
2318 297
4124 475
8856 4500
112 341
321 1254
495 3464
576 313
1191 101
2029 5223
2048 297
5263 350
6554 7856
53 51
53 55
69 67
296 378
303 703
675 122
1051 908
2986 582
3123 537
3779 277
104 367
262 2556
307 1310
392 109
489 2805
1103 1397
2139 115
2879 1148
2899 367
8052 551
87 533
103 105
289 553
316 310
335 101
359 2182
574 347
610 509
916 420
2475 8607
3243 3733
76 65
267 6416
359 1689
1009 1496
1622 1217
2315 5147
2428 275
2592 121
103 1435
307 1914
353 699
912 1573
1892 690
2144 1344
284 325
298 582
300 5703
743 4317
987 709
4129 4252
5418 1087
7449 6901
108 443
288 1606
437 103
928 116
3553 114
4413 366
7274 1895
122 280
282 898
296 537
317 340
330 99
344 111
614 280
625 1360
3076 1159
7230 110
34 124
302 323
364 2506
388 265
411 314
594 440
661 116
1263 9198
1794 870
2391 476
3032 115
307 512
307 2476
361 97
364 1433
757 284
1168 8743
1765 8272
2684 8379
2824 1378
3053 265
4332 349
5416 989
351 1207
560 108
753 474
918 97
1451 297
1813 265
8125 1803
354 817
405 2004
572 9275
672 736
1185 689
1767 1861
2120 704
2142 2506
2315 297
291 286
310 363
364 97
470 97
1034 557
2637 475
8299 8975
300 697
524 97
2001 1397
2112 129
2664 265
5535 830
5932 1512
7067 7672
112 314
290 1147
376 276
384 828
402 673
1439 268
2223 1728
6743 5249
6999 84
8124 314
77 67
279 98
304 3631
312 412
356 2924
456 1070
516 266
962 2072
3032 366
3412 4770
3555 5362
4675 121
5662 299
7376 520
8341 97
290 533
293 314
366 101
2490 529
3663 342
57 50
82 67
269 268
364 6122
545 97
626 121
775 714
1937 1776
78 2850
82 101
262 441
266 103
293 284
300 671
341 107
376 429
1331 6365
2021 2974
3544 413
7282 420
112 1310
362 363
494 1385
1428 48
3199 275
3955 8961
6072 4439
8049 476
69 4599
288 513
296 7549
351 278
644 3809
1303 522
2471 299
300 806
310 266
65 100
97 541
352 105
414 285
1074 268
1143 9222
5123 5534
6408 446
265 3365
288 310
296 579
350 109
351 2624
668 2345
1809 52
2770 8452
3457 270
3634 3467
6921 317
54 55
108 6260
328 320
3179 115
274 350
282 101
356 699
763 269
1051 714
1294 117
5868 1087
76 367
209 128
296 652
318 285
329 730
504 7073
569 736
1328 557
2244 2285
2807 402
2838 387
3348 325
4047 102
4185 402
114 1825
317 278
342 817
354 459
356 310
682 121
1473 266
3305 279
3747 279
6302 1987
6785 844
282 109
307 80
5959 265
105 119
119 6262
321 5725
335 275
360 704
433 121
1738 1187
2659 324
4115 280
4716 279
8195 376
101 3437
293 438
296 86
301 106
322 1223
337 958
2460 275
2849 1078
3609 5824
4798 297
66 79
71 2887
76 67
101 286
354 8754
504 309
1288 867
2302 48
2564 111
4586 522
7400 275
56 56
86 284
296 1473
359 2086
359 9007
491 5456
495 1486
1092 115
32 8739
312 465
359 121
1012 1392
2613 4679
3438 2709
7254 8116
290 1841
300 3327
312 647
313 685
315 407
430 881
1796 341
3457 540
4321 297
4392 551
6372 65
52 474
54 57
115 2610
289 679
296 8529
301 365
316 325
328 429
357 1632
1497 275
1809 57
3427 6016
3730 118
3802 5115
8728 2972
329 268
341 1733
404 2018
481 103
1055 335
2288 1373
2443 48
2653 723
3603 115
4984 297
104 117
322 280
328 310
384 105
491 362
731 819
2490 5249
8464 9354
9378 1462
296 276
322 5127
354 298
449 893
458 2026
617 724
661 2321
1235 265
2302 49
2652 376
2685 1187
2851 4887
6713 116
110 8126
285 323
373 111
1839 1934
1988 403
2627 606
4228 97
5787 402
307 3334
316 4610
353 336
401 112
436 420
803 1177
1777 4157
1788 649
1864 454
2490 2739
5084 378
7894 335
262 1108
293 441
312 652
429 513
528 366
874 5895
922 394
290 520
353 278
463 549
987 1900
1531 3246
7009 2439
307 1139
312 1524
353 284
371 270
601 297
1644 77
1839 297
2671 957
3859 6880
8420 508
32 602
296 2390
411 1065
429 97
494 380
649 115
763 97
1548 275
3270 988
303 323
318 3431
351 97
357 344
405 436
458 685
797 475
2506 836
3626 4340
265 325
321 402
442 105
1449 8513
5962 291
278 1744
312 1046
318 4536
353 344
1120 3413
1755 297
1864 3712
115 310
328 7730
493 476
1002 1254
2123 8122
4453 275
67 8128
289 265
309 805
332 344
336 269
343 103
771 266
987 1529
1234 117
2408 5054
3049 549
3685 2928
5923 584
6616 275
102 349
843 425
1055 599
1354 367
4293 420
8982 394
9237 8075
119 1061
195 175
264 119
265 486
296 291
388 2149
986 745
1809 49
265 350
831 673
1374 984
1925 51
2241 2919
2316 580
2440 1438
3728 115
4054 1880
5282 5895
7412 268
8007 4478
66 667
101 111
116 529
119 366
121 440
296 1355
651 105
1371 4745
4687 516
8640 875
53 49
311 625
351 650
371 1321
437 117
444 1500
453 268
888 313
1122 408
1272 115
1688 1210
1850 4635
2426 2987
372 4953
433 8988
1985 1294
68 111
262 276
458 101
563 278
668 7848
803 105
3501 4576
5644 865
8763 553
32 549
66 505
274 1159
322 1065
360 9271
644 3238
692 111
1003 8262
1239 122
1361 340
3718 683
5087 1201
8028 6518
8236 342
563 2884
1589 1736
2400 4723
3992 8205
5047 363
8335 606
71 117
262 347
365 983
5290 340
108 277
267 278
282 2039
548 108
548 279
572 523
986 266
2569 408
5206 269
7337 305
8386 5510
119 310
265 745
307 553
312 378
372 299
747 474
987 1941
1751 275
3689 4671
3872 3140
5606 3957
7698 2361
115 1336
316 803
411 796
495 687
561 1116
1453 5734
2086 438
4433 297
65 98
353 367
356 391
525 100
594 122
1164 366
1799 112
2280 280
2394 651
3796 2989
340 320
353 295
356 4365
419 325
1155 1711
1493 446
1777 286
2018 9550
2791 349
6425 429
7191 513
293 2966
294 268
300 470
312 352
614 270
2599 277
3662 280
4207 1637
9573 4957
293 111
511 266
711 1254
792 658
1431 115
1587 1481
1609 297
1925 50
4126 5715
109 2439
413 373
2203 101
2359 486
3138 594
294 278
312 918
328 105
354 5176
384 279
434 8800
498 540
873 5711
1291 465
2350 297
6432 1204
6639 881
53 57
75 297
82 73
109 320
287 2865
301 342
732 606
987 1948
1387 285
2364 365
5372 3606
8815 363
265 714
271 99
274 8306
286 105
809 374
1765 286
6390 278
104 7354
273 502
301 1076
393 1116
414 879
652 105
1800 329
2186 115
2381 1130
2556 121
2556 297
4587 3964
6041 6149
99 482
108 565
117 265
290 378
307 5114
323 894
1228 1544
1579 754
3088 366
4456 275
4538 9806
6187 1648
7344 420
99 278
274 5011
385 1753
389 121
392 4336
405 299
405 624
759 7733
1925 52
1978 486
5572 830
5750 340
5873 1070
6257 742
7473 8186
55 50
112 4187
322 531
491 2565
556 1388
1328 465
1419 297
1541 104
1661 5892
2145 32
2381 8765
3553 6857
4393 440
4493 1729
5453 350
7781 745
262 2070
273 1660
296 2405
300 486
301 7322
307 391
459 97
561 443
1192 4111
1267 1903
3597 529
4886 7280
5528 408
6483 1450
97 1204
307 803
356 2970
405 285
572 2608
1497 7013
2580 1137
3156 320
5613 1433
6949 363
39 41
77 73
84 83
318 1829
322 3780
443 101
470 105
5149 2458
5637 964
68 114
316 324
352 363
458 6357
1740 894
1819 119
4656 111
4990 522
32 362
72 83
109 1199
264 340
493 313
1239 2225
1254 3170
4116 420
4311 4974
5311 314
309 2250
495 114
644 1711
1241 538
3902 9063
4208 115
4809 1050
8667 464
274 324
351 1434
452 4177
868 2109
1745 1310
3580 115
4532 408
5124 1897
5748 5970
119 1355
285 291
324 366
371 823
511 105
3061 4178
7352 122
8251 9723
53 52
281 103
356 1643
2097 1099
2595 472
6945 266
273 432
281 1910
286 429
318 5332
633 336
108 532
264 3538
353 2968
563 121
594 266
951 1641
1813 7160
2502 291
2542 2287
102 502
274 4767
312 1506
356 9357
365 111
414 7880
837 689
875 1903
978 313
1457 7021
2611 297
3768 1728
3792 297
296 75
307 1992
312 3245
341 285
353 539
355 121
569 97
595 638
884 97
1053 284
1276 4576
1945 1616
109 111
262 1642
353 1385
371 1818
572 5186
609 280
1354 2127
5637 376
8133 291
301 5599
312 851
360 8558
102 269
287 5275
316 1590
318 879
458 291
463 275
1165 3493
1313 97
1767 8060
7557 638
98 1511
115 331
294 275
316 851
419 396
489 5986
491 4455
1809 50
1883 528
1956 265
3567 5225
3576 559
4931 1240
6917 606
100 402
262 1597
301 431
307 2459
342 286
359 4754
390 2992
470 110
491 4260
519 2488
668 1616
1528 325
3236 931
4202 363
5378 549
6802 2138
7279 320
1243 599
1509 376
2029 1712
2142 116
2408 391
2594 2924
3760 410
112 2557
288 425
346 823
357 418
359 413
742 100
1060 317
1303 7054
1497 2919
1816 441
3160 341
3360 363
3620 619
3804 9579
4190 4562
4436 472
7802 1174
8793 462
65 78
356 355
394 297
445 8254
733 729
1380 106
1523 736
1858 627
1935 314
3385 4138
65 465
122 352
284 265
294 352
304 523
373 8971
1741 5036
5381 8194
8637 410
291 2987
294 970
405 1437
431 280
1386 121
1497 367
2154 376
4492 2000
4998 115
5097 115
6573 664
7915 552
103 2687
377 4671
561 122
851 900
1080 7357
3940 115
4949 3464
5737 513
5959 1012
55 49
289 384
290 6956
316 298
390 342
1115 1261
2376 305
4592 5525
5624 115
5752 323
53 50
458 8699
743 6934
822 1474
2100 349
3895 1378
3992 519
8969 897
274 9673
300 7445
322 568
327 40
559 280
759 1881
2824 2938
3218 297
4563 297
6384 115
55 57
110 320
301 120
361 2802
370 931
497 2719
620 277
733 4044
998 339
1123 115
2120 305
3308 3943
3778 4260
6042 5610
6595 8308
98 437
288 402
291 409
361 3929
434 4466
793 103
1132 9021
2224 280
3043 276
4266 105
5529 450
114 687
347 2250
405 1139
447 377
617 117
675 4151
1309 366
2832 121
8396 5004
98 278
109 1046
119 1921
711 1052
914 317
1626 2250
1793 349
3061 393
5137 535
6859 9381
8549 8193
101 483
108 815
116 122
301 1152
358 115
414 291
558 9334
604 335
612 114
1248 884
5904 598
6411 349
54 51
111 2004
116 320
264 313
356 336
394 97
414 486
418 268
593 98
7738 4045
81 117
99 432
272 100
316 2296
354 1004
572 1108
698 276
759 4674
3370 277
3792 689
9129 883
108 117
262 418
709 48
768 111
1029 7588
2512 623
3339 3260
3700 640
4235 275
5490 2217
87 87
109 438
262 4624
296 335
354 519
356 116
2210 8916
2245 54
2889 438
6169 1811
65 541
309 4086
321 4541
776 606
822 472
944 527
2007 122
6072 5513
6089 297
8291 509
9922 10102
266 286
288 5241
344 105
356 444
384 366
692 3251
725 1512
1037 352
2168 714
3419 80
6527 111
104 387
195 137
314 101
330 1448
563 97
2142 7331
2930 1065
5737 7296
6056 2306
6379 275
6589 921
271 102
299 642
307 7137
312 532
684 97
1809 51
2611 115
3699 1398
7598 1014
7716 485
104 284
276 438
462 114
1178 2755
2032 4257
4372 408
66 73
66 402
110 1505
273 992
278 436
294 1024
322 524
434 2518
834 3503
1755 115
3248 115
3275 1294
6933 552
8732 1610
288 1474
822 275
3340 653
103 2831
290 6083
308 78
633 2416
956 97
1191 266
1794 1174
5919 115
7204 1843
281 1471
290 121
290 1570
318 815
320 616
342 313
356 815
445 9592
664 1271
1377 122
1688 679
2015 349
3881 382
5010 6761
82 83
99 867
110 284
266 745
307 1233
322 652
325 97
390 313
405 438
429 111
430 1898
516 9079
965 2514
1017 97
1039 317
2758 297
6219 6537
7409 393
77 69
270 102
282 454
307 4439
312 10090
416 825
571 120
1847 5402
3277 402
6952 2181
7963 5643
262 2610
301 83
373 6125
414 340
517 366
2045 121
2527 297
3406 275
4472 276
109 527
296 324
296 413
324 112
365 646
712 363
1854 3127
2782 115
6048 101
6852 275
9614 1116
296 394
307 331
330 623
572 101
776 297
1276 275
1741 3688
2261 48
2455 2547
2974 376
4463 4257
8588 3464
9386 314
262 6724
296 1524
337 3039
1835 438
2014 297
2520 732
5709 6994
208 178
288 651
307 367
307 1024
646 97
1775 5024
4020 450
4054 2452
4663 685
9998 830
103 348
265 3420
356 437
523 989
1080 3434
5143 329
69 8612
107 279
274 825
304 621
309 111
357 531
360 1881
1850 286
2502 10154
3176 376
5169 875
103 438
108 286
217 134
269 5275
354 9358
1504 162
4339 363
66 352
328 3193
55 52
71 649
282 1024
284 309
354 7205
411 1637
612 7034
1007 5362
1850 277
2074 2295
3076 112
4293 664
9332 994
290 1250
312 516
388 3923
391 111
491 5040
2648 266
2666 9580
2948 4416
5722 2225
99 687
267 1785
309 286
312 5005
548 2536
555 280
1693 729
2031 265
2376 512
3441 7373
3595 299
6026 7756
8004 8521
9916 367
104 1207
284 269
328 4685
351 958
617 921
834 4900
1235 6772
1799 5498
2210 9120
4200 1804
4950 1785
7579 1131
307 528
352 1049
534 5387
571 5442
1301 9399
2427 401
4262 297
4721 5045
4885 107
7164 7411
7476 893
9306 352
109 1641
279 99
296 1046
412 97
1468 297
4216 817
4753 366
6338 373
353 325
436 101
778 366
1144 697
2106 349
4286 447
300 5696
304 6480
370 112
414 8619
494 412
834 8559
1165 2687
3522 297
3754 8256
3954 631
4776 269
6326 813
8348 268
72 323
99 464
262 538
272 118
307 324
316 667
318 280
353 1131
353 1841
361 757
489 2558
733 107
1566 486
1741 3152
2267 3947
2431 1162
2534 4973
4273 305
98 408
109 684
304 537
312 403
1221 2226
1374 2405
2267 3159
5143 119
5627 121
6979 450
10224 297
197 132
288 3600
294 117
307 393
359 269
379 329
412 402
574 815
746 280
1520 2924
1595 2439
2173 297
2190 310
4250 269
8144 275
10 4184
225 186
274 920
301 119
361 279
573 7120
621 115
792 335
1168 102
1796 553
3624 320
65 77
103 1350
278 512
354 106
452 269
1017 4221
1314 115
2554 111
3652 6400
4586 731
98 1066
102 738
317 313
452 8038
498 325
593 4755
758 2805
1649 291
2690 522
3105 5698
3183 8045
3974 1432
5642 732
6918 268
8074 3788
117 297
288 3072
321 3606
524 115
1003 3968
2684 3022
4502 484
4617 377
4759 1250
5817 1012
7969 275
69 68
104 418
121 116
294 6789
322 384
353 5471
371 894
405 342
405 2459
424 4718
774 271
3520 438
7905 409
8354 5010
8537 3050
337 440
523 111
763 341
912 4881
918 105
1026 4736
2692 4224
4856 450
6533 349
9127 731
72 279
322 993
491 5495
609 805
1291 7777
1331 7809
1420 438
4644 266
4782 486
5429 115
9549 279
54 49
312 362
444 314
3088 266
4959 529
291 623
328 362
330 268
1363 745
1871 339
2364 99
7751 10422
103 394
122 269
273 8617
359 824
429 105
483 266
489 2703
494 508
553 111
582 116
2443 56
2475 393
2530 542
8721 963
73 102
102 2972
217 133
300 9458
351 436
498 5151
781 108
3763 8774
6131 584
7480 363
9809 101
77 101
273 6821
285 1471
312 3488
316 391
328 335
401 4671
5046 97
7455 409
32 340
69 120
119 284
278 325
290 1947
328 1147
364 939
491 1247
612 1804
1497 1494
1518 325
2245 57
67 268
102 949
262 2459
412 476
1167 838
1482 9824
2109 280
2807 3110
2892 455
4585 1433
6147 278
7543 714
32 305
328 381
371 423
391 8462
633 100
675 1448
765 268
1069 682
4783 3324
5367 7051
5793 4615
6764 721
7349 653
69 84
286 270
290 920
356 413
386 103
588 2314
743 562
763 347
1203 48
1300 838
1311 424
1328 391
1870 9240
4420 1802
9281 490
100 2119
115 276
274 269
317 101
321 276
405 320
793 1752
1217 699
1661 425
2108 1107
2555 5859
4424 5028
80 68
87 9887
262 384
325 297
351 599
407 268
511 297
1444 4736
1497 4309
1883 2893
4867 115
104 116
289 1294
294 403
328 671
418 685
1911 2968
5149 513
5652 408
56 57
70 1236
317 1269
328 349
467 275
926 9084
998 7871
115 3313
116 276
119 119
284 117
360 4090
386 115
405 523
458 265
559 638
1354 687
4949 1177
5714 883
7614 420
9168 370
9541 732
10507 486
266 508
356 6260
392 341
444 99
617 455
1453 121
1911 8496
2550 1752
4451 3546
4664 299
6074 275
289 299
289 1103
354 741
356 373
1228 105
1235 2449
67 323
262 10417
274 5032
285 2207
286 112
286 4362
288 1486
307 78
328 348
390 122
392 2536
404 122
1178 4043
1661 384
2220 335
2230 107
5877 520
8346 299
9813 1903
73 80
322 448
323 382
728 8644
3230 8749
7589 297
9115 275
54 50
55 51
282 479
344 701
353 402
353 697
459 1183
1228 4520
1583 3964
2595 1893
2834 348
3283 393
6469 6191
7432 410
8123 410
8235 1289
9491 806
98 362
290 7342
301 2249
678 1675
1155 689
1449 1874
1644 76
2428 549
2537 4780
112 566
274 8333
296 122
434 883
524 828
542 731
737 474
1058 5278
3061 5967
3609 270
356 463
357 309
360 347
411 115
452 523
1155 3340
1308 104
2478 408
2542 562
5269 568
274 539
275 101
289 4965
353 3710
357 523
473 266
534 99
571 265
1037 268
2570 111
282 348
301 77
322 1233
414 537
451 101
877 1842
1178 118
1488 349
3519 8606
4873 275
5139 9842
6826 10787
7923 1087
8684 330
115 263
312 270
347 105
561 1931
1003 7877
1181 48
328 717
574 269
638 367
660 2449
775 555
3507 964
4015 1450
7863 275
99 1641
105 690
269 374
289 278
310 111
331 3541
394 115
592 101
1111 420
2204 10063
2302 50
3008 305
3700 1180
4633 690
4728 1438
8592 486
262 295
287 365
318 3004
351 3325
986 271
1073 342
3441 2966
109 1210
142 299
316 278
322 824
322 1066
332 3928
815 329
907 271
2330 687
2630 5115
2808 291
5470 664
9374 1121
77 325
357 329
386 6185
437 453
571 679
655 275
711 3306
1792 619
5461 1171
6580 7907
7039 642
7292 299
7784 2545
274 5056
288 3110
321 2529
330 97
351 1173
357 10037
711 4224
1272 266
1604 86
3740 3221
79 67
107 269
197 190
275 453
290 451
290 2893
313 2078
337 279
359 8481
360 650
364 105
373 4604
639 5050
763 279
1217 8441
1276 8269
1301 698
1957 517
2443 57
3433 438
4647 297
6297 522
72 270
308 10375
331 97
356 488
411 285
1143 1706
1235 7523
1444 745
1497 542
1653 730
2664 320
4426 97
6551 1505
8041 97
10153 8670
84 101
216 177
360 924
360 1552
458 4221
516 275
1144 387
281 2852
414 527
436 310
728 729
743 378
809 393
1048 410
1382 275
3513 5785
3659 1895
277 111
318 4447
328 2626
2303 266
2359 1432
3013 1728
3098 297
4222 1490
4487 1768
5670 568
54 474
76 1242
307 441
356 438
374 284
390 401
411 3036
414 7103
699 108
719 266
953 2989
1128 6365
1372 1910
1884 1709
3335 101
6162 3147
10827 6900
115 105
325 897
328 314
430 894
1945 1134
3722 480
5920 2393
6576 305
8417 409
290 8258
304 2132
316 341
316 2589
322 478
354 4934
356 4432
422 508
1098 116
1256 509
2671 964
3609 5244
4873 297
9527 3170
299 122
353 263
414 689
419 527
458 480
661 3450
826 265
1063 724
1285 732
1389 2492
2336 5011
3187 100
5930 291
6512 2784
9303 817
9795 623
10056 1379
307 10352
353 1255
444 537
511 111
572 117
763 6820
971 49
1458 299
2169 297
2245 56
6110 732
6421 465
6424 363
102 97
317 98
321 673
497 591
498 276
758 5992
1243 438
6084 299
10506 724
74 1001
100 2680
102 472
103 788
136 146
364 523
379 1162
387 2250
390 310
611 285
1239 111
1626 314
4547 450
5411 10982
6399 320
10031 329
195 166
312 920
312 1672
332 6114
353 3238
1035 284
1638 363
2002 1648
2441 276
3521 1439
3823 297
6972 730
8130 2207
278 355
288 843
290 3159
301 389
1300 906
2917 297
3346 280
8069 924
9125 897
114 391
301 459
321 10668
351 378
414 3710
415 730
482 280
570 4859
1128 8631
1228 4280
2193 897
2245 53
2441 1785
4896 606
6288 2036
8519 3686
8613 335
274 6249
328 512
351 1217
353 1825
389 1091
1259 299
2103 330
5279 121
6320 591
77 394
290 10135
296 352
312 682
371 539
922 6715
1578 10366
1818 1977
2568 994
2961 4083
4318 111
8706 6543
10468 10455
99 114
99 1357
300 465
312 6143
337 1364
351 422
561 8419
946 10458
992 266
1159 972
2302 51
2407 515
3882 549
4158 8714
7070 349
9587 291
104 108
111 502
264 102
293 646
296 568
404 103
1021 1177
1206 7663
1371 964
57 51
87 5727
117 310
266 107
274 680
301 266
301 2940
322 310
473 3426
660 10338
773 5721
797 276
3268 437
4905 2104
5625 115
6990 2482
9407 1056
9595 101
117 3673
307 4524
452 324
998 3853
1165 690
1178 7402
2391 310
3103 349
4122 297
5657 2369
32 960
32 3455
262 3437
430 994
436 515
1421 297
2302 53
3101 275
5035 6907
7938 2708
8206 115
10548 9730
71 407
104 325
117 898
289 280
312 803
321 391
322 314
332 1452
337 438
438 1320
652 121
698 291
2261 55
3543 286
5121 363
10555 8780
102 595
118 329
264 483
288 824
296 1922
312 4284
332 754
351 10409
692 3067
1144 1553
2210 116
2237 559
2691 1076
3174 297
3644 366
5238 1347
5981 299
9404 7478
32 474
88 84
116 589
274 465
279 117
289 9591
304 284
407 409
1534 516
1601 320
3305 8476
4592 323
7264 7151
118 6357
262 446
351 4369
352 115
384 3147
405 344
574 335
1495 1462
2555 11005
6472 4518
1002 592
3593 1651
3817 402
57 52
78 67
296 314
312 649
326 9461
411 320
1328 396
1898 277
2142 508
2316 10078
2759 48
4154 8689
4825 765
5466 266
7219 366
8483 268
9292 527
86 66
108 717
109 3994
262 531
294 523
313 291
571 305
1194 48
1844 11262
2191 1915
4070 900
4487 4478
6979 3111
7805 382
8509 1070
9832 826
56 51
84 111
300 6635
312 557
763 624
1144 384
1443 537
2350 299
2785 784
6624 715
7710 275
106 2669
217 138
326 2372
351 344
364 323
566 1082
568 266
674 7041
699 97
757 97
1158 714
2410 2000
2530 9462
4149 1489
6056 1510
274 7857
316 463
346 3015
1536 108
1847 115
5304 482
8405 349
72 266
290 5425
294 1665
301 7159
340 324
405 355
509 115
647 97
711 441
850 638
1590 409
2280 297
4501 817
6696 387
288 394
294 5278
307 320
822 884
1037 270
3350 3697
3398 513
314 299
604 412
851 101
1267 8031
1303 366
1313 714
1688 5406
2012 11165
3927 1713
5609 297
6394 485
6436 285
114 325
647 297
876 299
5312 964
102 462
104 110
316 342
322 1227
355 409
388 1474
498 1039
604 557
1003 2068
1151 2004
1271 116
1638 349
1644 68
2112 10998
2245 55
2789 1170
3961 453
5560 535
6527 1323
7177 115
56 474
114 731
294 595
374 278
405 286
446 320
525 8889
1276 297
2001 3463
2961 1733
3101 297
5574 1271
5811 745
8825 505
10674 614
10876 537
304 97
357 335
434 8491
1144 6043
1154 1350
8912 349
10754 266
99 576
101 266
318 265
491 5802
519 280
604 2296
951 5083
1243 429
68 65
265 410
294 9466
322 1642
361 276
373 284
378 325
391 907
446 598
1167 640
3207 433
8561 104
74 8963
83 97
208 187
282 8367
282 10759
384 623
620 297
851 105
1866 1336
2886 408
3290 70
3521 2412
4216 4120
4273 275
4308 363
5450 313
6144 115
6329 673
6521 269
6952 1489
7101 1438
8510 108
8940 1201
11194 1039
364 275
503 9144
571 6322
624 105
699 269
1144 2974
1937 714
2609 8594
3949 376
4008 299
8578 568
56 55
290 10182
362 97
484 1039
707 279
1022 115
2100 402
2653 715
3043 1078
4586 276
7036 537
9295 45
297 366
316 649
353 117
353 3091
365 119
435 285
959 280
1455 442
1760 52
2261 53
2261 56
2607 49
3105 1544
3401 9660
4261 82
11590 577
67 73
99 664
209 129
294 341
300 10340
316 566
328 367
405 265
1303 2545
2245 51
2930 626
2969 638
5844 4083
9221 305
87 6262
114 344
117 266
286 1323
422 1011
512 431
544 3630
651 110
1037 11275
4738 9972
6663 376
7547 11296
294 918
328 391
337 1752
443 552
563 584
3786 7572
4472 731
280 350
321 6927
324 580
353 387
390 103
834 10033
1530 5015
1672 1823
2011 109
3276 409
4825 570
8109 97
32 895
67 114
270 687
293 431
303 4933
316 1977
322 679
379 3928
402 121
411 378
430 627
2157 10722
6570 297
7052 268
217 136
296 384
307 1439
312 1398
322 578
356 466
480 97
491 815
797 520
1515 9203
1531 4709
2895 1610
8108 614
9773 1803
77 3673
83 83
83 119
279 363
296 914
307 5513
308 122
312 679
316 352
322 413
434 4350
604 479
1110 7448
1227 576
1945 269
2241 6635
2302 52
3259 347
3339 291
4557 275
6702 3355
10025 650
121 1079
293 367
293 6236
300 3619
313 97
328 938
351 6799
365 2059
458 314
1092 10843
1235 453
1273 1012
2583 376
2917 115
3391 3943
3939 2347
6425 4754
9884 121
105 355
118 279
271 97
291 325
322 407
328 1327
405 276
1512 740
1906 1893
3999 3673
4318 291
4440 7901
5137 285
5203 681
8203 529
9157 377
9423 1347
67 111
111 105
288 649
318 3036
393 520
435 2004
574 265
699 105
857 350
1232 276
1319 4557
2261 54
3459 320
4125 3951
4910 2063
6639 894
117 1030
272 108
272 119
322 3852
346 1294
351 470
351 826
948 277
1037 8724
1328 324
2234 402
2759 57
112 906
316 347
674 1587
1380 11205
7670 402
10204 7767
11390 325
71 67
80 279
100 284
304 1977
354 265
356 339
357 80
394 101
517 111
701 387
1303 10538
2848 591
5857 3697
117 555
290 424
300 401
356 1147
372 6263
452 97
759 349
1708 121
2261 50
3015 651
6101 429
6317 2317
9513 6498
103 523
105 454
269 122
289 5614
351 349
381 1703
458 3180
1243 1134
1248 6518
1516 7898
296 1898
312 1294
378 105
612 99
795 102
1512 367
1590 366
2976 349
3215 329
4831 8167
5381 8953
6310 275
8265 1713
65 71
70 108
262 459
296 5005
310 580
321 368
322 1485
351 330
402 268
503 9087
831 342
1192 9400
1228 5588
1228 10379
1550 277
2240 528
2267 1438
2478 1980
2855 1481
5787 313
6918 1505
7057 121
7301 325
104 9351
296 626
941 349
1077 297
2693 280
3135 10475
3472 305
3490 99
4862 299
6884 269
7483 487
8871 1177
10282 100
66 324
83 669
98 1643
109 724
293 6119
307 335
354 938
434 5454
831 3867
2478 1373
3045 606
3076 5972
9217 555
9646 9554
56 49
300 2317
310 6346
3017 393
3078 55
3973 3142
4200 4482
5073 115
8484 2030
262 687
262 1780
322 7991
342 476
781 374
1029 431
1576 7500
1834 305
2627 817
2997 115
3054 280
3406 297
5577 335
6069 280
116 5523
337 7685
405 105
2296 117
2873 6325
4666 6646
5450 754
5485 509
8504 7135
282 5398
284 853
312 717
671 401
775 486
825 108
980 938
1058 551
1493 11143
2045 4953
2615 450
7417 275
82 275
99 979
104 1505
114 367
272 380
322 1398
328 268
343 1733
497 4131
692 446
728 5132
765 297
1267 4091
1667 305
2409 683
2918 723
4191 4975
10461 1046
290 412
317 476
361 413
639 420
699 117
769 330
800 2317
1144 4447
1361 276
1850 959
3427 883
4445 8453
6431 1432
279 429
324 284
414 387
679 121
733 8844
1241 420
1263 5792
1685 2089
2301 44
3010 117
3174 409
3622 297
7979 114
102 3479
262 631
356 511
406 355
763 5648
2261 51
7060 4398
7736 394
9265 8070
10885 291
80 284
286 893
288 2968
293 1052
311 110
341 508
359 7197
1362 429
2245 49
2774 5970
2945 48
3604 297
4959 730
9018 121
10127 297
39 871
285 520
302 336
354 425
394 275
405 298
457 112
874 895
2397 275
3085 3719
7378 325
9441 432
9503 291
10119 408
69 100
72 97
122 320
274 689
288 418
337 7967
1451 115
1512 9787
1541 280
2637 8303
2855 118
4297 284
4530 286
7351 10603
8759 5727
11248 280
102 4139
104 472
347 111
357 121
444 111
445 3805
2848 817
3438 806
7401 277
8377 6529
34 39
71 650
208 186
289 1752
312 879
359 295
362 350
414 3434
467 286
495 121
498 794
871 97
1130 115
1159 101
1303 8584
1371 1648
1380 646
1458 1107
1473 97
2261 52
2496 408
3384 402
5087 995
5373 105
5851 115
8078 478
8313 8000
269 1082
312 984
359 10087
364 992
390 83
1037 340
2245 52
2387 121
4548 121
98 320
307 1077
307 1521
323 269
354 748
405 418
495 2610
868 1893
1285 10151
3056 348
3441 10756
3524 436
10293 9602
269 408
282 6507
429 268
458 285
504 723
572 7082
749 112
1045 4083
1117 1894
1235 4928
1431 114
1453 366
2288 1744
2443 53
3823 115
3901 5861
9442 11582
77 324
262 437
293 324
373 864
403 97
489 102
504 5184
1455 275
1678 1011
4024 5475
56 50
200 153
323 730
329 365
359 4541
391 275
405 335
407 275
699 268
738 115
1073 6267
1092 1818
1128 98
2890 8931
3961 97
5924 8501
69 82
105 714
110 935
291 268
473 745
491 403
597 349
612 376
735 731
4781 623
5503 10968
9341 101
10389 2249
10865 3631
119 263
318 1474
323 277
353 591
354 402
357 1500
733 9603
1288 9867
1557 5743
1743 683
3501 9716
111 269
112 1064
322 10470
347 279
405 119
414 3355
422 97
427 10132
445 432
480 387
2860 297
5548 624
7822 1149
105 438
262 387
491 6902
553 97
763 7364
786 3493
1063 7128
1098 349
1576 420
2948 529
3178 2046
4554 280
6248 1823
8502 3772
78 585
115 108
312 83
339 2633
364 1877
369 104
391 408
505 122
569 502
737 3869
939 3702
1154 279
1417 1018
1422 111
1639 8696
1794 374
2465 1139
4076 12047
5206 4770
6332 689
6690 651
7221 2708
11577 11680
76 940
289 482
289 649
296 7713
328 748
353 599
354 2754
364 463
388 679
457 115
998 1375
1235 117
1743 568
2834 1388
4370 116
6769 730
10893 363
11924 10131
56 52
336 5523
354 1711
387 266
571 2965
895 275
1069 5353
1263 11780
1739 421
1856 1843
2336 1758
2421 115
2427 559
2595 568
2734 450
4154 109
6372 11605
9107 1187
99 412
103 320
274 455
282 566
296 11047
312 523
356 330
357 438
359 513
364 742
556 815
582 485
933 731
1025 474
1693 598
2426 314
7597 263
119 286
274 4506
278 584
288 5834
293 723
294 436
301 84
323 367
342 1039
347 269
387 109
644 352
692 784
774 1964
1132 10820
5414 4086
6259 1989
7362 3127
76 1994
209 130
282 7780
289 3788
294 2228
313 898
356 524
396 280
436 680
446 358
472 476
566 280
912 348
1531 9023
1604 88
1649 340
1945 6146
5756 5717
7624 79
7717 269
7799 4454
8302 3184
9735 470
12062 12178
71 77
285 562
291 297
359 275
467 284
478 107
495 2896
644 5856
1069 3240
1241 907
2731 83
2819 121
3056 266
10219 3794
78 4480
110 362
119 277
272 8228
273 320
281 5721
289 3909
315 565
353 6610
359 829
414 1780
511 280
692 1385
1377 102
1528 101
3078 57
3543 121
3560 3315
3970 276
7765 9498
9722 8412
10260 553
77 826
83 1111
101 268
118 532
282 7137
353 339
392 110
412 276
478 111
548 7776
760 101
1186 4706
1192 5456
1363 1201
1531 3493
2157 476
2202 358
2443 55
4275 115
4358 7578
5079 297
6147 1294
6966 475
69 462
312 309
427 271
1149 105
1588 6383
2601 349
2733 284
3496 638
3584 1827
3895 2938
7074 297
8836 1643
9624 529
73 84
108 664
269 3447
296 825
320 297
328 551
336 305
386 2472
393 2390
873 9025
988 492
1037 6120
1133 4733
1147 297
1231 7097
1493 11315
2967 278
3085 2516
3908 1125
5173 116
5577 3658
8457 10768
57 49
293 513
294 578
312 1584
341 363
355 101
384 103
414 1606
452 867
1165 2896
1512 557
5423 3092
6963 517
8187 508
9779 538
10013 121
11641 606
32 1620
312 1670
353 755
391 105
512 340
662 1384
2302 56
2354 344
3398 101
7172 342
7815 5444
65 76
262 3852
270 3374
271 508
282 459
307 10390
329 101
392 486
458 2753
525 4973
766 297
999 275
1152 1610
1788 2554
1926 366
2296 324
3419 11561
73 78
83 500
118 1435
274 265
351 5796
356 851
379 266
445 8636
465 366
544 2314
1507 115
1617 305
2935 3386
3243 2769
3276 1965
5103 160
8375 535
67 412
112 358
289 335
294 10036
341 438
359 103
402 101
422 420
774 1719
873 2633
1443 2285
1953 2514
2093 340
2443 49
3080 111
3108 1336
3404 11395
3427 8672
116 331
289 381
296 11514
316 5104
318 5241
324 741
356 717
364 320
458 310
773 9397
895 299
962 7021
987 987
1868 533
2245 50
11975 79
118 323
269 437
312 966
332 265
462 115
914 284
1074 616
1165 2063
1453 9288
1644 9943
1693 4812
2057 453
2408 7478
3198 2306
3256 265
4596 396
6105 3197
6516 5303
7407 819
7705 515
9216 2306
65 68
108 396
108 6733
286 638
396 625
1432 509
1856 2709
2022 687
2302 55
2581 280
2849 681
3090 689
3276 437
3346 266
4113 606
5583 110
6702 270
7793 280
9135 1030
10590 3039
98 329
107 103
391 340
405 1024
436 5095
458 403
491 3934
1116 5968
1449 368
2597 1544
2763 115
3250 116
4664 623
7387 2104
7631 121
9116 631
10425 263
12114 964
273 284
453 8446
612 3820
792 4213
1144 396
1418 8322
1631 2046
3520 363
5346 268
9255 305
9630 522
67 279
110 329
353 436
364 480
394 1517
434 1415
455 742
556 539
717 109
2333 5024
2348 299
2583 957
3614 56
83 365
107 8807
108 438
289 813
290 4013
313 275
332 380
353 477
354 920
792 3559
951 2452
1155 11327
1631 8034
2074 114
3244 5402
4388 325
5784 1171
8164 10692
8349 614
8921 275
11851 5442
114 10332
269 286
405 310
405 755
456 551
458 97
483 270
588 2603
588 3124
822 420
1152 443
1570 366
1676 7129
2261 49
2803 1776
2885 1648
3610 105
8605 438
11462 11859
98 505
293 1597
320 265
322 884
610 433
1335 1895
3419 5494
3504 485
3512 6723
3783 121
3895 5808
6457 4577
7327 555
8190 363
8658 285
9805 549
271 10321
274 2896
284 270
294 2284
332 3201
351 8467
354 329
362 736
364 286
405 684
494 958
614 549
2026 110
5529 3111
5962 730
6396 555
82 79
266 409
360 1473
365 523
408 508
429 299
932 994
1638 714
2951 268
3155 339
4541 522
4946 509
6296 115
9001 270
9048 105
11865 12270
37 44
66 279
72 1259
104 4012
105 117
289 268
293 900
307 373
320 409
322 7656
347 527
353 2567
359 5534
424 112
452 1711
561 2330
734 101
938 104
1743 1131
3213 4757
7585 1612
8859 329
11058 649
103 268
289 789
307 432
316 1177
322 12407
328 516
361 3077
446 280
458 6786
489 535
859 297
1017 2366
1393 3720
1435 107
2554 103
3492 363
4222 466
5109 8307
7155 1517
8216 1500
10208 486
110 268
262 539
320 277
322 519
359 1201
443 115
617 624
651 269
672 11418
993 121
1152 698
1743 10796
2468 12102
2885 1917
3626 1901
73 1853
82 8334
109 340
262 5735
316 555
353 6423
356 3824
357 4389
572 286
781 116
965 363
1095 8339
1267 285
1300 420
2440 5011
2443 54
2823 115
3644 275
5466 275
10130 721
11903 407
112 109
274 740
289 2624
316 9495
321 6824
332 703
332 5157
359 566
411 384
1663 689
2319 4357
3516 121
5616 121
9593 606
65 80
74 465
78 4360
83 269
99 6383
104 451
108 2292
262 673
271 1269
304 12368
309 513
316 2226
351 513
359 723
444 1332
572 920
825 122
967 1324
1530 9055
2443 52
2702 10794
4311 275
8087 313
55 474
69 80
354 667
359 286
405 3131
436 2516
476 984
501 2285
733 6508
987 3075
1034 2167
1157 2386
1442 755
3505 115
5137 1170
11325 453
103 344
313 492
346 813
452 983
525 4340
546 1484
1301 118
1772 329
2303 2975
2853 2292
3438 5112
3866 366
5924 5045
9103 527
9420 320
10281 4524
106 344
289 1170
408 101
480 366
548 5517
609 6623
831 2292
1143 104
1168 765
1741 9100
1868 284
1916 12150
2385 9524
2790 6779
3509 266
10875 10064
436 535
572 97
1191 1987
1622 418
2643 107
2759 55
3460 484
3604 115
3743 9418
5550 349
9061 730
9613 97
10454 4803
84 562
98 277
108 1368
115 2631
288 11626
316 1950
371 107
440 105
470 1753
873 1407
1252 6145
1455 870
2571 12360
2691 8745
3013 4131
3832 529
5208 1544
5482 450
9797 4661
10771 1811
282 884
307 275
321 2149
344 279
351 3775
377 619
592 266
1022 898
1434 104
2049 284
2220 12224
2845 366
3998 8564
5981 1973
6805 275
7194 1099
9362 299
98 10312
275 111
314 111
321 4363
322 727
427 10122
1116 270
1178 401
1434 117
1743 7671
2607 51
2714 115
3013 529
3226 1843
3675 5223
4819 2055
5692 8401
5763 6185
9667 409
293 3352
300 1551
309 266
328 1393
351 482
354 2119
594 2285
827 5493
1285 7992
1360 340
1448 299
1953 363
3199 297
5947 730
11410 284
11440 510
71 578
102 475
110 269
291 122
341 109
820 474
1034 335
1335 535
1576 3755
1821 8576
2003 297
2302 57
4984 275
9683 844
100 269
296 749
354 624
448 297
452 569
922 482
980 285
1110 689
2295 297
3534 1474
9819 376
11176 1148
11466 2600
81 552
99 362
268 509
274 3342
290 7182
293 105
294 443
353 884
372 3426
594 97
1357 97
1652 4083
2390 673
2594 1776
4929 538
8110 3915
9002 1553
10176 286
105 324
274 1170
290 418
307 117
328 767
329 450
356 579
372 9264
405 1951
452 3805
986 7468
1385 101
1883 10867
2267 983
2828 409
4017 4247
4809 363
7559 376
115 457
117 894
206 177
273 3600
274 1304
288 4369
300 4389
318 305
360 355
391 269
415 5365
491 6609
498 451
528 101
545 3928
1419 2615
1772 104
3043 475
4775 7157
5238 7939
6078 6189
10239 2039
10996 275
32 225
47 47
97 6773
288 436
296 2556
317 5665
328 5026
373 269
483 265
498 341
524 111
617 329
1144 2626
1449 749
2803 475
4990 453
5751 101
5986 280
6007 5832
6569 275
103 285
262 329
262 12500
293 966
312 4810
351 539
384 291
561 5972
572 511
802 299
2407 265
3076 4325
3517 4196
4777 11422
5749 4254
6292 121
6829 367
7247 297
9108 2625
67 80
102 507
111 1612
112 496
293 276
296 649
316 366
322 462
836 122
959 121
1727 115
3685 4416
4870 485
7072 7985
7639 3184
8388 366
11459 490
39 894
114 864
293 859
293 3334
294 2933
303 116
318 2217
322 717
625 771
798 11803
1186 6392
1595 3067
1613 8095
3061 3410
3190 10035
3271 97
3492 1733
3590 297
3601 115
4981 314
6754 819
12580 11674
282 815
300 2372
328 83
328 309
333 9204
361 3971
1727 111
2619 472
7371 1099
7830 349
8355 730
293 724
310 408
313 115
346 121
364 117
379 813
389 110
548 9335
811 12427
1603 396
2212 97
2880 549
2920 115
3078 52
4162 10395
4293 805
5203 7215
6442 130
7431 898
11000 349
98 673
103 450
110 455
112 8863
121 365
262 11636
267 3959
291 285
294 2405
308 103
322 77
511 275
914 12093
922 4237
3350 8989
7836 410
9031 389
10133 366
11363 1544
11768 1897
76 329
78 84
359 5472
364 297
430 5045
473 410
504 627
574 3341
594 2957
614 275
1135 893
1319 2654
1815 4156
1841 105
2476 539
2607 54
2649 438
4885 1450
6941 450
8766 689
11442 314
12309 631
72 348
76 295
119 1490
313 370
326 1551
328 766
380 1131
444 121
574 279
674 7402
798 317
846 871
1143 297
1192 702
1465 275
2426 1408
3128 115
4243 2126
4686 115
5572 8016
8547 279
8999 2205
9994 115
11911 1880
12599 420
32 93
69 109
78 83
116 271
263 121
280 270
298 291
310 1125
356 407
374 595
401 387
495 578
604 396
763 413
959 509
959 1082
4493 314
5242 551
5759 3719
5915 9851
6376 3170
7476 350
9044 429
111 9705
286 428
290 320
323 340
356 1180
364 689
999 731
1831 4518
2759 54
3040 1177
3155 3149
4730 1030
5578 275
65 102
83 331
104 523
116 1094
195 176
274 1278
288 1635
309 1804
316 68
757 115
771 12037
1126 97
1239 5440
2343 376
2363 508
2683 517
3058 69
4172 268
5532 875
5800 320
6141 115
6248 512
7420 121
8885 409
11797 450
104 270
110 275
111 1187
121 366
278 825
290 513
296 533
329 122
356 1977
411 4506
452 403
667 115
1235 3686
1685 8008
1983 893
1988 10387
2093 11320
2425 13158
5193 819
7731 141
12074 513
12718 7347
32 11628
67 276
71 111
273 470
281 1496
318 667
361 11897
374 856
403 105
683 476
1029 1177
1178 682
1599 819
2186 297
2385 1481
2853 1552
4229 1170
7601 8543
7742 470
8268 508
11340 3072
67 314
115 344
262 1992
288 3233
353 510
356 448
437 894
904 1524
969 12958
3345 266
3620 1939
6818 101
6982 485
7175 7994
9050 320
11849 376
277 3365
281 3446
296 532
299 277
312 11197
316 592
328 454
357 1952
368 2631
452 370
1154 367
3927 112
5269 1357
6647 310
9298 4045
58 12984
107 117
109 284
308 70
322 1551
367 317
393 476
594 117
1037 5816
1301 1843
1576 12117
1579 2952
2011 447
2607 57
2815 549
2967 1177
3078 54
3268 482
4125 329
32 6240
114 1727
224 185
296 771
343 98
346 279
359 1357
520 109
1739 9450
1883 451
2364 1091
3754 2874
4959 964
5070 1174
5789 4938
8983 4340
104 3705
273 2893
427 418
464 396
712 366
1012 107
1818 1308
3590 266
3685 7862
6092 555
8752 2033
9684 5781
115 11926
122 297
289 340
289 7991
405 336
424 7306
458 278
498 114
698 653
800 2070
933 297
998 1521
1034 9776
1232 836
1291 519
1398 5054
1509 6154
1520 1553
1765 324
2607 56
2632 408
3222 115
3233 279
3270 7804
3444 297
3905 362
4522 6119
4846 12868
8874 2654
9708 409
9736 7552
68 280
100 297
107 2102
270 714
290 265
323 513
364 1012
371 9424
412 342
539 268
807 638
951 1481
1069 7339
1562 606
2015 2989
2586 513
2607 53
3337 108
5388 1473
7180 329
7870 830
106 297
197 153
277 2957
289 277
294 640
308 365
318 437
328 679
335 3368
617 516
759 12351
871 105
1529 48
2066 305
2607 55
2615 736
3335 280
4666 3554
6552 102
8487 391
11670 6750
12221 409
265 286
291 1049
300 347
353 362
357 355
371 8042
480 4320
598 731
993 105
1037 286
1074 1326
1676 745
1685 844
2305 736
6297 3720
6806 350
9236 320
9742 13104
10364 789
122 268
288 116
295 103
296 5319
307 285
411 462
492 275
962 7142
1157 9219
2142 10215
2475 111
3253 3197
3948 732
6818 1131
7726 830
9748 13140
11782 342
118 276
296 275
303 2222
304 111
322 299
326 5151
341 437
424 2772
494 8407
572 324
725 9911
1007 749
1147 105
1299 121
1363 297
1425 715
1570 97
1640 348
2238 1336
2607 50
3202 275
3569 2942
5066 297
5136 376
5258 9645
7060 446
8991 10194
9617 12108
107 366
294 1573
296 3761
318 3934
330 1099
356 412
401 805
571 408
863 286
965 335
986 317
1254 297
2443 51
6797 373
7335 9756
11446 2784
11506 1732
68 67
73 77
262 2933
273 1308
303 12862
356 352
361 286
1031 269
1037 436
1133 13093
1167 727
1331 98
1612 122
1835 116
2413 101
3049 297
3300 325
3779 2084
4897 98
5172 12423
5221 284
9451 475
65 118
104 403
110 1039
318 741
359 117
384 1091
427 401
452 105
644 1947
711 1939
1259 115
2101 958
3264 115
3548 10371
4628 476
11831 442
13228 122
80 266
80 854
85 78
99 1977
116 687
347 277
401 619
455 335
1315 513
2190 117
3902 466
4261 65
6990 1551
9558 1660
274 9608
294 291
310 270
351 10336
359 355
405 378
463 280
491 4336
536 2965
1037 9290
1116 269
1512 347
2012 5738
2302 54
2583 8813
2759 56
2945 52
3035 101
3144 48
3144 57
4393 5437
4620 535
4931 576
5416 402
5608 382
7944 513
8512 883
9950 9699
10358 438
11844 291
71 78
119 13205
274 5760
278 106
281 517
281 1818
284 524
288 11591
293 7329
307 378
316 6869
353 859
364 745
370 284
405 512
495 6889
648 275
818 520
1095 983
1418 4443
1457 2072
2021 384
2226 6618
2240 1852
2400 542
3455 190
3759 278
5538 3723
7944 265
12572 1375
62 7295
84 298
110 5472
289 270
303 121
303 280
312 297
351 1485
353 105
356 2448
679 97
1167 4199
2443 50
4172 310
4607 277
9102 2063
82 815
111 310
112 121
282 1473
318 6562
328 298
329 325
337 2755
401 111
405 931
1110 1961
1178 6199
1271 625
1288 1207
1898 683
2716 10974
5365 344
6614 115
11568 5295
104 348
118 429
282 341
300 7293
357 342
393 11702
493 3479
692 120
3813 12550
4017 519
4440 482
7072 323
8242 109
11344 551
80 323
82 624
112 265
115 1259
119 1485
270 1439
278 10107
300 889
304 7167
307 2482
322 336
749 8542
980 394
1031 3934
1178 1861
1711 266
1899 119
2537 894
2685 3355
77 114
103 440
264 11794
265 715
274 13131
298 1510
307 789
312 1217
353 65
768 6615
1144 5813
1288 1552
1380 11947
2120 731
2759 53
3078 56
4024 1091
4758 4927
5287 10298
5384 105
5550 121
8065 920
10517 3761
80 317
99 1489
99 1691
107 341
117 1187
119 528
282 640
293 813
351 65
463 97
1670 1940
2057 825
2945 50
2945 51
3441 12521
4273 549
5080 450
5202 7797
117 387
324 1388
357 2556
364 2132
378 409
404 478
414 7167
611 4012
873 277
3412 598
4649 115
4875 580
6554 2181
7543 486
8076 105
106 1632
285 10142
317 2416
325 1323
341 121
967 442
1017 3004
1411 291
2945 55
3144 55
3412 115
3418 6735
3458 1170
3705 285
3937 6538
5520 325
6258 285
6261 3715
6594 284
6636 7630
8279 276
9623 437
10141 3387
12644 100
12791 329
262 698
282 13237
293 591
293 3233
312 76
351 5874
357 391
364 691
1138 441
2215 2708
2542 325
2918 317
4475 324
4735 893
5351 297
6778 1802
294 3774
335 286
354 121
356 549
398 1407
405 271
498 269
800 429
876 104
1291 5283
1369 529
2945 54
8266 513
103 425
103 1930
288 1223
300 12591
347 268
372 12536
405 1643
434 10152
451 111
1153 2713
1509 6735
1523 277
1604 409
2137 7776
2447 450
3965 438
4437 413
4982 291
5155 115
6090 6575
11246 1070
99 284
195 178
287 120
356 284
626 101
1029 5406
1100 10189
1105 447
1580 551
3086 5147
4385 117
6264 3170
7876 1827
13433 291
109 687
112 466
118 979
266 105
322 755
328 4105
354 119
356 568
369 99
371 98
1007 6154
1301 5749
1352 1373
1956 638
2390 310
2789 9353
2803 1553
2884 408
3357 370
4272 1170
7762 731
8801 6862
10081 270
11179 485
12139 10227
77 284
107 1632
118 3149
276 484
296 523
318 9310
354 6191
364 442
372 2506
418 291
523 1489
674 109
768 420
771 102
864 101
1095 269
1143 13356
1760 53
1819 4047
1991 2205
2336 7994
2397 8286
2728 1432
4910 1758
5488 2000
6141 275
6405 329
6590 614
7528 5025
9153 1014
11345 4439
11740 3111
195 174
270 476
390 380
458 339
728 3303
852 600
993 97
1092 3447
2082 533
2135 266
2280 276
2479 275
3103 480
3143 771
3178 4973
3832 291
4104 347
4472 305
4775 10505
4929 1475
5414 339
6071 11798
6482 320
7699 623
8001 3906
13634 389
278 122
328 917
362 276
365 664
419 8984
1207 115
1223 537
1575 1438
1844 522
1890 433
2057 836
2210 7592
2333 1573
3057 736
3520 410
4579 97
5354 1018
6101 486
8925 291
9296 486
10196 438
118 286
307 500
322 344
359 425
379 619
446 275
1235 13408
1360 1711
1557 68
1892 7357
1945 432
2305 13580
3061 111
3522 551
3565 285
3680 110
8970 465
9525 432
10404 1977
11611 867
13354 8095
98 721
103 8490
108 373
115 266
281 13251
332 6216
414 270
710 266
777 6533
979 409
1151 2199
1335 1934
3043 520
3759 443
4509 12460
5396 305
10463 1549
11271 12401
71 789
77 277
79 423
99 440
102 1018
310 313
361 277
404 11955
1241 699
1622 907
1626 805
2247 279
2263 376
2892 1011
4486 1803
5035 8286
5422 297
6203 7148
8091 13485
105 2104
195 151
281 618
284 298
294 5523
296 65
308 119
314 12664
322 867
414 741
462 730
561 618
877 111
4419 1737
6442 11180
7701 376
10124 741
12493 270
274 412
293 667
293 679
307 787
312 298
328 462
364 1215
376 299
414 624
1230 108
1686 277
2267 528
2338 2980
2400 7058
3247 509
4949 2610
7325 115
10044 1952
10874 8073
11529 279
118 418
119 448
262 2109
293 2439
304 3434
328 702
351 352
371 1641
414 6120
572 5436
733 10587
778 8654
793 4415
1192 983
1291 1903
1421 2639
1511 97
1685 10024
1739 11156
1948 54
2436 313
2627 745
2759 52
3183 6618
3432 1332
5152 291
7337 549
7839 298
10705 921
10938 266
11906 438
32 229
71 65
78 691
108 446
262 6789
288 9569
293 523
309 121
322 401
330 314
354 455
357 286
361 265
370 299
378 387
388 278
404 7458
579 97
672 875
884 502
1021 305
1389 98
1420 1432
1799 1712
1874 418
2191 269
2759 51
2910 421
5039 8411
6169 12207
6806 320
10399 1152
32 1177
69 70
114 557
271 9099
273 440
353 1282
374 269
393 111
413 107
414 3950
468 156
478 1091
604 429
725 6481
992 101
1241 269
1685 310
1711 517
3255 4044
3341 101
3834 11427
4262 689
5470 689
6982 2831
7123 97
7194 549
11526 448
13302 5812
13480 1462
80 77
86 80
98 568
290 1442
293 97
314 1484
330 105
337 478
413 111
522 115
576 108
1058 1250
1410 513
1587 1544
1918 529
2112 133
2400 724
2664 10054
2979 2672
2993 297
3078 53
3144 54
3937 111
5258 1510
5821 13335
7078 110
9992 704
12673 13463
71 279
196 159
216 175
274 11013
276 537
277 373
281 433
290 1327
341 115
351 1571
360 741
374 121
435 684
444 410
525 12701
561 109
704 475
918 111
1095 640
1311 4095
1576 7898
1740 4478
1870 101
2081 957
3942 1271
3949 1552
5368 511
5606 729
7386 2515
8421 486
10304 4099
10372 297
65 483
101 97
104 336
313 2317
318 3327
337 3934
355 105
356 446
933 549
1032 2672
1385 97
2447 9352
2676 592
2759 49
4487 1171
5877 276
7264 2515
7343 1610
7640 714
7874 7874
7903 14072
9202 268
77 266
98 2372
195 172
203 144
281 893
296 624
297 349
299 387
303 859
307 1223
316 407
356 291
371 103
387 826
436 108
458 275
498 2529
1069 12496
1168 8005
1661 698
2190 449
2592 13126
4342 664
4427 11799
9426 279
10574 10586
104 286
282 565
296 6163
301 82
307 83
307 482
312 2356
324 116
359 914
370 336
409 122
414 352
536 284
980 324
1135 520
1473 269
1590 111
1743 1481
2376 115
2759 50
2879 412
4206 12384
4229 963
4281 115
5813 463
8173 917
8242 9701
11536 453
12188 409
105 450
114 1187
262 920
288 4859
289 9662
296 295
353 3027
353 4562
356 813
400 101
405 2078
427 2628
470 2565
710 115
825 109
1183 109
1672 111
1841 297
2021 640
2040 437
3438 4727
3526 297
3561 437
8567 486
9419 1070
10418 531
278 286
284 305
288 640
298 275
371 116
380 6820
445 1134
644 11873
971 50
1055 477
1380 523
2945 57
4406 275
8432 363
8751 8738
13289 265
13352 9547
72 65
98 286
274 1717
347 447
347 1326
371 85
458 280
757 551
978 4577
1741 1052
1772 8270
2679 291
3225 279
4312 13866
5236 275
6103 275
7562 642
8614 2654
10202 1198
12323 268
12835 335
14085 12552
284 5753
293 462
308 389
571 864
633 2772
651 284
752 570
828 340
1106 53
1355 1230
1443 3386
1813 1012
1816 10139
1818 920
2838 4434
3144 56
3730 3039
4591 109
8820 13346
12198 749
104 324
273 787
296 1442
296 1597
328 276
371 121
392 1162
405 2476
419 1134
644 6862
667 121
1243 4271
1252 324
1285 112
1778 284
2473 11781
3244 115
3681 8401
4024 13314
4438 486
4579 13806
4687 552
4738 115
5144 529
5795 105
7737 838
9785 97
11141 4117
83 111
206 191
342 109
374 270
444 486
609 10353
861 97
873 6146
1143 771
1149 280
1632 109
1794 1620
2720 438
3045 2306
3287 1973
6473 450
7039 867
8338 12524
9085 2987
14354 13948
103 325
267 1378
350 5531
412 297
434 1208
485 450
546 509
571 108
578 115
648 115
763 5333
1053 350
1073 297
2048 97
3218 277
3874 297
5079 115
6258 3463
6329 310
7537 522
80 11004
98 265
99 420
114 826
262 298
273 14014
294 265
301 325
322 1357
322 2405
324 409
353 446
436 320
671 407
768 325
1163 1187
1189 68
1263 100
1301 2915
1449 897
1457 7720
2453 9477
2907 297
3963 12833
5127 347
5987 972
6292 266
7789 529
8653 5161
10809 6087
13643 1462
74 516
85 75
108 432
290 314
308 4953
318 4645
342 366
359 13546
384 13363
392 350
932 102
1037 396
1405 1895
1578 13058
2945 49
3302 957
4118 485
4335 5758
4796 277
5070 952
5087 363
5789 551
5823 3009
9880 11913
10531 979
262 314
263 340
296 329
296 9280
301 14102
307 2295
308 4368
337 1343
339 685
351 2295
364 429
498 689
710 297
912 524
1178 5546
1443 11946
1767 109
2192 365
2375 269
3458 310
6412 10832
6839 297
8164 13849
8355 291
10065 553
69 69
102 2734
278 5506
289 576
296 12501
300 2393
376 268
392 3923
574 2987
588 1941
1074 265
1095 117
1414 270
1455 102
2331 284
2864 1400
3056 374
4614 1198
4677 279
5293 408
6396 297
7971 60
13270 2687
77 291
331 1171
355 3757
356 276
365 325
371 342
851 279
1143 97
2537 13824
2977 447
7860 1729
9589 14386
13783 745
79 362
82 748
112 6725
263 97
307 757
316 748
337 412
452 117
667 409
771 453
891 275
939 463
1116 1552
1301 99
1578 4917
2152 3149
2217 3947
2937 278
6270 591
8320 843
10676 972
10872 482
84 342
99 122
104 449
265 104
273 11693
280 97
285 408
296 1737
347 109
489 104
512 117
580 517
1158 438
1938 410
2305 280
2305 1392
2658 7625
2945 53
3839 409
4383 5072
7022 270
8141 1687
8798 2540
34 587
80 394
101 104
114 418
118 121
271 107
276 4878
308 67
318 382
337 11130
357 378
359 794
360 12132
364 528
473 974
803 268
806 549
932 118
1459 115
1505 568
1670 1269
1796 1758
1945 111
1951 463
2032 2285
2480 363
2574 9394
2899 323
3283 6920
3866 5968
4351 48
4560 580
4677 1543
4738 297
5208 1768
5582 2126
6390 1510
7621 280
8021 420
10393 7687
10912 979
196 155
262 342
266 1011
277 105
280 105
282 671
285 717
286 2089
300 13956
301 80
316 650
322 6381
328 1543
356 1385
361 443
371 11549
404 98
466 97
495 13448
1009 9214
1017 1442
1232 4280
1295 3440
1885 349
2626 13329
4652 1099
7789 3298
9301 522
10165 6400
70 381
114 9874
274 1877
282 1958
285 585
303 1709
364 766
371 67
401 2444
434 1452
1329 115
1653 291
1722 3537
2333 2540
2490 9253
2932 4138
3519 1435
4374 817
4575 121
5860 122
5987 1827
8347 11359
8596 350
9651 280
10099 291
10169 1039
99 815
115 838
118 271
265 106
304 459
340 741
353 119
353 1108
357 1965
359 11353
548 8276
566 270
929 363
1063 789
1622 1162
1812 291
2516 4099
2519 2940
2613 431
3196 1802
9101 12985
85 67
262 265
294 1485
296 566
364 2893
767 1011
869 502
884 7235
1495 6392
1850 295
2045 614
2838 1489
2859 263
3626 9465
6266 349
10084 9968
10991 276
12130 320
14395 4300
279 1373
290 1107
304 4767
337 13664
354 444
354 14237
560 600
967 280
1676 1713
1722 13699
3008 297
9725 2901
9995 1431
13320 1966
13854 2990
32 123
98 1108
114 741
274 276
280 893
284 268
289 3176
320 111
357 1659
360 1711
444 263
563 115
733 1323
992 275
1037 4883
1575 687
2020 10816
3433 1162
5789 10302
6080 438
8118 2938
11458 358
11669 407
71 7468
82 1061
263 423
284 367
357 1590
398 920
611 355
983 121
987 3220
1235 732
1320 122
1410 537
1576 3149
1850 6237
2391 320
2528 699
2942 297
3663 269
4145 1434
4405 3421
4563 275
5258 4284
6620 730
7406 13746
7959 276
67 263
195 189
282 520
285 263
288 97
316 1085
324 104
356 335
504 2792
525 1173
614 277
763 1247
877 10217
1775 1336
1856 12481
2607 52
2630 4224
3101 280
3140 103
3270 3410
4102 900
4849 408
4969 6560
7793 275
8671 1070
9248 736
9311 275
10844 4690
11419 2975
11694 363
14714 11137
33 587
328 914
356 3031
578 111
752 14681
759 299
1024 97
1260 4179
1425 12410
1444 817
1548 297
1576 538
1640 1917
1841 3031
1849 323
2117 116
3257 305
3889 1373
4607 270
4766 374
7293 715
11767 6934
82 914
272 12850
294 898
303 9702
308 313
336 970
377 1368
379 3201
390 3447
401 277
438 433
458 276
458 6563
524 103
609 9214
612 2974
965 2059
1260 297
2214 297
2390 531
2935 9285
3626 508
3931 568
9071 513
10602 623
11912 408
12818 284
13729 5838
262 344
278 284
279 512
296 350
296 412
300 1070
307 1355
321 4224
386 1261
405 480
571 1448
574 7381
594 14837
1536 1177
1918 1965
2056 277
2391 265
2742 893
3281 103
3360 1432
3375 284
4033 115
4152 3039
4191 1018
5000 1077
5172 935
6103 305
6685 520
8207 5175
8215 2755
11274 3421
264 2975
289 266
298 6429
321 309
364 413
441 275
452 413
932 13578
1252 638
2247 1806
2289 2625
2973 280
3135 12366
3620 97
6700 115
7212 297
7906 275
7981 280
8156 2572
10511 285
11208 1377
80 1659
87 382
88 88
98 324
102 115
108 537
262 420
269 276
278 117
287 508
313 815
353 330
353 879
405 324
407 826
495 3503
572 1434
672 5466
954 325
1149 299
1154 2055
1355 280
1849 366
1941 48
2071 297
2426 401
2853 1521
4746 2416
5041 524
8587 366
9932 275
11009 268
12383 623
80 80
85 86
268 275
316 436
321 11883
322 309
328 3011
354 305
359 14715
372 107
386 118
405 394
980 101
1453 280
1640 12390
1789 13649
1985 2306
3271 277
3307 297
5231 280
6082 2639
6520 640
9044 1087
9414 2709
11240 265
77 97
112 418
276 103
312 1407
318 651
357 6840
360 1162
403 297
407 297
435 103
951 3467
1260 4346
1275 894
1580 305
1601 358
1676 111
1884 350
2012 349
2336 542
2496 115
2855 4830
3078 49
3268 121
3402 1254
3614 52
4444 438
4688 3015
5167 429
5397 12698
7107 349
7805 265
8941 13711
8983 1581
9801 4818
12924 277
13256 1049
13550 1347
14733 14631
69 9479
79 76
99 342
300 4309
316 511
354 930
356 331
371 1587
405 6950
623 104
1243 396
1585 115
1844 638
2018 105
2484 366
3555 797
3779 109
3860 817
3872 98
5719 275
6285 12590
9133 3147
10533 363
10944 120
11972 8202
13667 1827
57 474
101 745
106 431
118 1490
262 121
301 377
307 349
322 2911
328 830
328 12769
357 527
374 650
427 432
497 363
617 3297
836 679
1328 2338
1575 10434
1960 584
2018 297
2408 5522
3259 1785
3796 115
4734 1014
4870 1802
4876 7265
5103 140
5628 1180
5793 363
10612 4184
12306 2805
34 45
72 7993
207 130
269 994
352 654
405 323
405 803
498 555
871 266
1101 376
1173 97
1315 864
1377 1226
1536 3102
1819 323
2187 276
2526 377
2568 285
2774 1610
3451 297
3519 3403
4104 3892
4648 349
6335 551
10486 269
32 2847
68 335
77 265
105 731
296 606
296 5743
332 2544
364 3959
405 459
430 4850
621 284
723 101
809 394
1105 8629
1548 9828
1572 5738
1640 299
1644 78
1718 97
1788 598
1937 908
2336 13060
4272 284
4930 349
5326 377
5903 1107
7023 275
7905 408
11206 11985
12790 276
14343 14750
76 80
201 153
217 142
296 69
296 118
300 3479
304 2018
329 492
454 107
458 1433
563 462
693 476
1002 578
1017 7459
1068 1894
1562 3342
1844 2656
2301 41
2455 4859
2619 1177
2840 275
3762 1282
4531 447
4877 408
5635 297
7391 266
7562 867
8630 1510
8851 9581
9158 11916
11338 409
114 470
286 111
304 907
307 381
317 1271
337 317
351 2972
386 1427
401 1612
516 297
533 103
831 1670
1311 101
1410 297
1500 12961
2113 97
2683 101
3144 52
3610 3793
4054 3467
5334 1198
5485 964
8974 10082
10097 438
10339 276
11380 1039
11595 3325
14139 9627
14231 309
14915 517
14970 291
66 278
85 112
104 3031
108 2980
112 854
119 121
119 314
288 1012
294 4123
307 884
354 421
371 11760
378 265
405 511
522 269
803 699
861 8358
1007 4232
1422 3909
1645 2366
2236 5861
2253 298
2333 7756
3620 310
5203 2107
5325 329
6326 279
7728 803
10952 817
11786 598
12540 3410
13319 6451
13347 510
66 320
68 73
108 3574
115 459
219 140
270 1333
282 12641
296 1223
312 1021
323 349
327 44
357 4985
367 512
458 1400
534 3820
588 1900
590 115
692 1728
1029 101
1042 474
1128 7809
1285 3554
1455 265
1765 1295
2651 297
3057 1159
3293 111
3384 1170
4342 437
4613 614
5688 1610
5904 12890
6380 280
6982 1802
7903 1641
14708 1247
72 67
83 67
83 309
271 2617
278 401
286 476
312 429
316 378
337 11465
354 378
371 600
537 97
539 121
667 111
791 266
1778 1378
2389 14443
2428 297
2597 284
3882 3072
5877 1078
6098 486
7239 4782
7590 408
7928 598
9759 9038
10258 100
11396 619
11828 9465
13504 429
14212 1462
66 271
224 174
287 278
288 275
296 1659
296 8522
300 621
301 13892
330 505
346 8042
351 105
544 960
683 817
1267 365
1351 7348
2480 2553
2851 8082
3882 723
4677 323
6909 771
12671 263
13089 172
13641 2553
14670 13458
66 77
70 73
79 82
262 4615
266 393
272 679
296 4477
307 815
307 2084
312 1103
328 77
354 347
354 11328
538 266
556 940
644 309
971 51
1095 815
1189 336
2097 3906
2277 1950
2464 297
3281 1183
3486 8979
3942 3131
4054 552
4151 97
4171 291
6898 475
8451 592
11383 14155
11808 409
12811 1596
14537 450
66 111
70 507
107 310
108 270
286 269
290 276
313 4830
316 1065
333 2449
340 121
353 3503
356 275
357 1030
364 640
365 269
434 11015
446 914
458 1324
763 432
931 97
1092 13017
1115 12420
2510 3184
3534 1223
3802 5353
3882 275
5545 297
6460 437
8375 285
11633 532
11661 1910
12008 15142
12255 1091
67 284
262 540
321 3386
356 7682
370 297
422 510
458 920
480 101
556 1838
644 698
1235 111
1588 2063
1706 325
3490 8508
4235 559
5929 408
6270 339
13048 2836
65 103
102 830
108 8115
271 486
282 391
293 285
307 478
312 576
312 1434
316 2887
322 5256
339 291
357 3755
371 1920
374 268
796 284
931 100
1541 121
2900 339
3017 263
3073 109
5330 349
8357 1011
8836 7646
13045 921
101 600
104 512
104 10367
105 8507
111 393
269 269
307 731
322 3562
354 443
354 914
354 5333
364 266
419 1282
422 402
1234 320
1329 297
1713 625
2021 475
2029 284
2220 105
3139 349
3481 47
3803 121
5077 280
5098 266
5274 101
6259 448
6897 363
6949 745
9108 314
11439 286
15365 377
110 408
115 669
288 117
315 653
328 578
374 115
384 3421
414 1294
445 8705
563 106
778 421
1128 2615
1421 280
1947 115
2750 339
4233 57
4858 115
5172 13202
5222 1827
5583 365
5598 105
7669 447
8978 715
11938 117
15156 112
87 418
100 2202
100 8668
115 297
119 523
309 363
316 441
324 291
337 276
344 380
548 698
1110 352
1534 13024
2048 107
2091 115
2152 111
2878 297
2998 443
4894 438
4962 1889
5868 363
6345 284
6561 9903
8560 2256
11874 284
12443 100
12987 105
32 230
80 441
100 849
112 285
119 1121
265 994
266 433
268 880
275 105
288 5036
318 412
322 285
322 381
322 463
328 813
342 486
357 323
374 295
416 13559
582 97
644 1724
852 3327
926 7371
1026 470
1291 565
1497 11741
1902 2000
2671 297
2732 2639
2774 11183
3699 121
4587 115
4699 745
6087 115
7221 9682
10871 78
13607 14066
14655 3673
282 324
282 528
294 378
301 7470
307 105
318 528
322 106
334 39
353 651
354 271
354 4751
357 1708
390 299
401 266
505 305
519 701
571 476
1176 1373
1227 374
3523 1377
3999 490
4306 309
5375 336
6412 689
6784 13520
7257 1437
13582 1442
72 1124
80 496
262 516
307 3598
309 268
318 1719
353 717
364 12851
371 8200
384 265
490 97
687 7339
755 1651
777 99
874 2896
912 935
1371 13375
2191 329
2714 275
2900 475
3144 53
3590 280
3961 382
5815 297
7596 4711
8698 13850
10218 591
10767 266
76 280
104 590
107 320
116 2439
285 1438
304 438
307 66
307 3209
316 1632
339 731
351 5954
351 5958
353 2990
354 1679
360 2246
361 104
416 284
458 121
491 9825
644 412
869 107
1228 3298
1531 314
1551 115
1703 97
1775 3933
2001 1170
2029 4921
2502 529
2596 883
2626 266
3078 51
3455 176
5343 279
5481 420
8101 1872
9895 265
10277 69
11789 1082
12126 114
13761 336
13810 1990
32 215
80 67
99 115
99 265
116 299
265 508
309 277
322 7763
328 341
351 2608
358 522
376 5716
401 3006
495 269
563 5104
809 4727
988 2365
1243 278
1243 1486
1563 121
1883 297
1896 115
2002 1187
2231 286
3363 619
4875 1377
7204 2617
7236 2934
10755 299
69 78
83 84
100 741
108 1147
265 4794
290 407
294 446
300 886
304 8694
355 268
400 263
491 2055
536 268
971 53
978 12005
999 297
1165 513
1254 1324
2196 438
2683 6476
2879 2371
3085 6960
3588 15492
4897 11394
5143 101
8166 685
8759 742
8933 2769
9468 14690
11043 929
14858 409
15006 4252
109 98
115 117
281 107
296 667
314 265
328 920
354 1670
390 99
450 97
545 948
1167 8114
1285 285
1331 3421
1455 5712
1590 2292
1937 1432
2190 275
2627 15633
3385 6024
3949 297
5768 266
6180 363
6274 2587
7234 387
8257 115
8317 6838
9282 2351
12303 363
12312 115
13853 111
15528 1848
65 341
98 7763
106 265
108 757
312 409
332 765
458 2048
644 5183
798 10331
1388 819
1459 366
2465 2206
2772 122
3277 297
3538 275
5167 1087
6958 408
8078 9652
9778 297
11375 2182
11612 269
12884 268
15082 275
15149 4045
68 437
83 266
100 13069
105 5716
119 1487
265 393
293 879
304 12506
322 437
356 2287
359 362
436 378
705 284
786 13341
1092 952
1321 4900
1566 363
1578 314
1956 14861
2112 151
2375 13661
3650 623
3721 297
5574 5379
7836 11448
8312 826
8727 268
9419 4681
15577 2699
79 78
104 394
209 131
262 412
271 614
289 727
289 1551
312 1433
312 7048
322 1202
351 738
356 457
360 1774
386 5831
465 305
596 736
758 107
763 446
778 989
893 4252
1017 1951
1346 266
1794 15130
1801 355
2486 265
2637 280
2750 584
2752 8697
3216 280
3384 285
3576 3805
3709 266
4987 438
6079 115
8101 104
11102 2250
12786 2854
82 298
99 410
119 2448
295 11400
297 101
328 418
356 422
357 269
359 11772
361 4187
390 118
393 880
415 1802
437 2217
528 3788
594 366
831 279
892 533
1034 5095
2595 731
2892 373
2945 56
3396 1177
4423 297
5515 784
5674 6678
8723 972
9446 12560
9456 14177
11258 374
11409 5145
70 4139
101 5676
109 481
109 619
114 384
116 724
282 285
322 2201
353 7265
364 787
419 1085
429 280
557 325
831 11454
951 2876
965 1111
1017 279
1017 422
1033 2449
1206 314
1371 376
1496 475
1741 1107
1858 2887
3288 6300
3620 7783
5271 757
5415 13718
5472 517
5642 1934
5793 898
6140 2625
8345 115
10795 380
13286 291
80 65
104 10508
206 189
262 12246
287 2387
291 1484
293 323
304 647
316 384
336 1011
391 276
434 629
444 363
476 265
532 10407
570 14104
588 3075
763 370
844 110
873 279
1135 297
1243 6840
1299 97
1819 387
1957 111
2114 98
2868 745
3973 10449
4464 2055
4548 580
6155 5329
6767 1011
7091 115
8591 549
10167 275
11438 101
13848 4518
66 266
119 647
316 3923
318 393
347 266
370 323
429 349
452 265
458 806
773 7935
777 102
895 101
1037 344
1069 3631
1432 420
2247 402
2479 115
3567 638
3637 957
5181 111
6006 9702
9472 85
10396 13947
10931 291
12986 559
14976 101
103 531
108 376
115 335
273 2755
274 97
312 838
316 1898
322 1310
359 624
360 4790
405 4751
452 285
502 110
524 529
818 1489
1092 4212
1363 15434
1520 754
1645 12657
1855 1724
4219 266
4476 2617
5577 741
5719 297
5740 100
6812 819
7067 682
9238 9903
10307 407
11336 1510
13710 277
76 11270
83 76
103 789
264 823
268 1131
274 1111
287 1091
290 7854
294 1202
313 277
351 1103
351 12175
405 1442
572 269
683 3365
892 108
951 638
1080 277
1128 729
1367 115
1483 97
1528 280
1676 2330
1749 683
1844 1091
2120 297
2576 269
3458 600
3895 4265
4228 111
4366 286
4889 275
5354 9770
9811 539
10125 8002
10620 1486
10966 8394
11596 5452
12539 551
78 4199
82 424
83 68
109 1505
114 310
264 4919
282 2430
290 907
294 699
300 1711
307 1030
312 771
316 1609
322 3268
359 352
411 513
781 100
831 277
848 275
978 15035
2237 271
2512 266
2641 2167
2677 1802
2921 736
3116 555
3144 51
3966 7486
4126 483
4393 340
4623 1343
7742 1596
12071 291
12537 284
13224 3649
271 701
272 271
294 2476
296 618
316 4049
324 269
357 393
357 1310
365 1426
430 3948
430 4473
688 279
729 429
910 15055
916 836
922 10811
925 412
1021 121
1256 115
1457 2601
3144 50
3233 284
3276 938
3291 1549
4442 817
5079 275
5594 110
6009 1099
7889 297
8939 393
10747 15343
10851 320
101 1674
294 1111
296 77
300 6978
304 1259
337 1590
379 1294
458 658
544 14041
561 463
679 309
717 122
763 105
835 277
1034 107
1051 606
1688 3067
2412 819
2453 14468
2718 4780
2936 12812
3509 115
7423 1442
8589 314
9681 14589
12515 15171
12772 453
13326 2805
13612 6885
41 587
83 625
300 540
328 513
356 1108
357 1357
362 105
390 117
555 115
934 474
1243 8984
1881 555
2009 12682
3117 6325
3151 2781
3212 437
3357 324
3614 54
3961 121
5368 487
6859 7816
7084 555
7123 286
10354 266
10919 429
14339 16037
72 79
115 4132
270 266
282 97
342 409
343 374
354 1783
357 320
359 297
495 482
532 280
873 1308
1037 6745
1152 14374
1157 342
1337 906
1557 66
1578 2713
1849 7512
1935 11956
1988 884
2824 7804
2993 485
3614 53
3618 97
4010 349
4424 9882
6187 1187
7915 1573
8753 297
10509 6146
10923 2880
75 279
102 723
286 1448
301 952
312 3680
361 418
364 340
370 97
402 97
405 413
422 907
458 2212
495 742
688 329
762 329
873 13471
988 266
1305 13223
1493 3651
1531 3342
1759 420
1849 9376
1949 3009
2391 1612
3019 5983
3057 2089
3433 363
3433 1087
4609 115
5565 291
7057 420
9762 1375
9821 6024
10464 1552
10684 522
13100 966
13591 104
109 418
264 2417
270 111
282 393
293 650
296 2286
318 446
322 480
322 1103
322 2311
326 2557
359 67
368 377
371 8071
490 268
588 3869
667 3858
1178 12009
1385 409
1408 280
1614 297
1819 623
1916 2000
3346 366
3614 55
5265 704
5924 679
6007 3042
6414 329
6561 689
6645 115
6767 350
7761 10979
7811 349
7977 450
8033 363
8418 14428
8502 10247
8591 275
9615 6090
14369 438
14552 8211
67 3268
98 402
98 859
104 1442
114 6092
117 1490
270 1397
291 263
312 724
322 916
331 1323
354 431
354 15115
356 80
359 443
359 13483
414 1825
576 122
926 13540
1819 117
1973 279
2518 101
2831 1489
3438 1475
3927 7135
4308 3437
5396 549
6292 366
7313 320
8798 979
9307 325
9425 350
10650 9485
48 55
71 79
104 1950
104 6599
109 396
112 1223
195 181
276 699
294 531
296 3783
303 871
315 421
318 614
328 407
351 2734
414 335
427 1233
568 275
763 7159
843 284
932 313
1002 3246
1007 849
1037 1829
1230 2703
1259 97
1297 4927
1380 9122
2336 429
3146 1282
5097 297
5380 4043
6592 295
9002 475
9106 828
10569 522
14411 15164
68 82
72 122
112 2722
197 155
279 2292
289 1992
294 381
296 552
298 389
301 73
312 1597
316 731
316 1207
351 277
355 754
357 2755
384 3546
386 1321
461 285
588 987
951 107
951 7127
1151 13374
1243 1679
1319 836
1337 537
1380 537
1389 881
1515 14572
3601 121
4392 15152
4530 107
4738 275
8123 974
9451 2781
10085 117
11195 4745
12735 864
107 511
108 1643
112 393
224 167
273 1553
274 448
286 284
289 11261
296 729
300 3611
301 2667
321 12402
351 8270
351 12338
353 457
354 465
401 122
408 105
462 275
733 638
743 1081
774 5175
1283 441
2189 3885
2534 2046
4311 1838
4592 690
4598 972
4980 117
5093 13663
5304 391
5450 8543
7046 1517
11293 284
11530 115
11991 1768
32 1083
86 266
103 409
270 299
273 766
289 3067
296 511
296 3023
304 851
307 1630
354 340
357 77
371 122
371 365
403 291
532 268
629 297
707 280
1092 12279
1151 1544
1945 1893
2238 5032
2899 4012
3426 10932
4219 297
4677 6308
7432 14640
7639 269
8634 5437
8879 619
9859 1733
10355 8006
11059 4408
67 410
80 2733
84 589
105 6579
115 883
278 317
282 352
300 5887
313 551
317 4056
328 102
361 1107
367 101
419 2968
483 284
560 5005
561 99
1069 1254
1157 117
1263 736
1374 513
1455 340
1795 393
1923 350
2320 366
3078 50
3813 15641
3979 115
5458 14437
5520 393
6297 1137
8238 528
9463 1039
37 602
268 284
272 109
294 457
296 1227
316 717
320 443
322 642
336 297
337 14530
353 73
370 325
436 270
483 320
483 4653
612 10126
1206 528
1346 115
1362 1087
1883 6902
2148 1779
2231 266
2417 97
2690 2769
3115 413
3614 57
3626 584
4113 115
6132 15563
6933 1880
7277 268
9307 13856
11823 280
32 113
32 207
106 279
296 1398
303 723
318 569
352 108
379 309
407 111
524 1251
571 4733
634 2167
822 1544
1007 2680
1048 350
1167 110
1371 1917
1819 836
2409 297
2813 297
3490 2369
4088 358
4353 297
4509 324
4537 3525
6769 8185
7343 2274
7362 551
8356 9093
9073 591
9439 101
9784 276
15780 13933
65 69
68 277
68 681
97 269
99 117
105 1357
271 3238
290 5016
296 1434
302 110
307 11647
322 1670
323 265
352 305
357 11361
482 366
489 14510
763 409
977 284
1151 421
1283 269
1813 13991
1937 606
2236 6249
2824 12755
3303 732
5323 280
5719 731
7092 1713
8663 6813
8921 485
14076 5116
48 53
100 324
104 295
107 647
110 270
116 8584
296 70
301 349
301 512
405 1039
429 270
441 284
534 376
565 110
574 2321
711 376
801 299
1052 299
1143 462
1288 268
1324 109
1632 100
1760 51
2741 1373
3459 568
3675 297
5930 529
6078 320
6434 5593
7699 116
8516 7535
8775 1448
9236 1177
10339 731
11688 358
14522 297
98 3284
103 485
196 147
284 109
288 478
294 329
294 418
307 362
312 524
320 291
342 3087
348 108
354 1551
357 851
378 266
382 1560
436 104
436 323
483 329
511 277
834 121
877 98
962 15281
1167 11537
1235 277
2389 8886
3190 500
3722 305
3753 339
3963 413
5748 1610
5827 57
6393 6707
8871 320
9207 6294
9544 568
9854 429
15001 355
85 84
109 117
262 4709
285 880
288 12988
293 347
294 310
314 522
322 440
322 1434
351 362
361 105
377 1116
379 280
407 276
414 931
482 269
627 429
647 366
684 549
731 284
773 11177
932 2875
967 111
1243 8722
1331 717
1385 105
1433 105
1916 3087
2192 1787
2594 15589
3094 420
3385 1785
4233 56
6573 732
7172 438
8622 528
8974 97
9034 275
13153 591
69 77
98 477
109 576
216 168
262 13264
270 7149
279 270
323 2699
347 4690
359 673
384 1842
459 15963
570 459
571 900
733 15127
825 116
1092 3063
1534 389
2103 667
3860 4523
4018 115
4262 115
4592 276
5679 297
7579 510
7928 2792
8168 115
105 4265
107 864
274 299
316 8211
317 120
351 717
371 2696
482 279
504 1013
574 557
692 324
1275 881
1328 5596
1346 366
1386 291
1774 121
2257 297
2344 280
2630 805
2698 275
3430 349
3614 49
4861 551
10117 715
13727 10385
15565 14073
15649 4944
80 7730
114 104
296 286
300 2222
307 16052
312 2132
328 838
328 1310
365 440
387 277
461 350
763 1643
907 105
1133 580
1319 9349
1418 111
1450 101
1579 13422
2336 13680
2681 900
3747 109
4668 16669
9177 3562
9347 486
13011 15564
15376 16087
69 1940
274 1958
276 1077
285 898
301 12296
307 407
326 276
351 3618
354 3554
357 1843
359 864
445 11814
473 1385
476 1452
522 297
555 476
568 101
651 111
1154 114
1234 104
1367 2734
1739 500
3076 6572
4746 4610
5358 2307
5644 485
6063 408
7277 101
8766 529
10908 6092
11031 73
11355 396
15507 727
16233 906
32 1379
68 70
71 80
80 366
109 276
117 2104
273 5645
287 683
288 1922
296 80
299 784
316 1108
322 1295
339 111
351 895
361 329
370 1723
370 12330
418 286
458 378
571 15888
572 344
588 4627
639 538
683 1966
705 103
946 731
1181 53
1230 121
1483 366
1967 115
2187 402
2190 111
2293 355
2339 418
2417 450
2520 1934
3270 2938
3811 10920
5269 286
5763 566
7883 278
11081 714
13142 3606
14897 277
16023 979
16411 69
32 482
101 325
106 767
108 1810
116 7058
118 363
276 1049
282 1936
296 2324
296 4280
318 6924
352 1397
361 640
371 2998
398 13970
427 4862
434 11221
445 347
478 280
834 13576
1092 12014
1128 16537
1168 9715
1286 1427
1414 437
2348 275
2442 1250
2689 10378
3391 284
4897 625
8659 7766
9538 15883
11082 1170
12010 921
77 3559
98 2307
100 331
115 323
116 1134
267 276
324 664
337 527
353 12251
412 111
414 1660
416 110
831 305
2613 5350
3176 276
3207 270
3335 271
3512 5604
4070 8294
4607 16517
4860 438
5316 279
6066 1549
7371 549
7598 732
9389 520
10283 366
10464 673
12123 336
12479 2526
12843 730
13456 313
14503 11369
16556 1629
103 650
262 1204
278 3719
300 463
312 723
337 402
348 297
351 111
353 8834
356 418
359 991
360 3710
362 122
392 120
407 325
427 727
442 1952
749 1667
1055 566
1115 4774
1453 276
1497 3464
1562 285
2660 278
2979 3987
3076 2772
3859 13164
4385 14523
5336 1719
5851 275
6785 907
8346 623
12054 731
13313 8555
15094 1177
32 1915
74 1046
75 79
87 4794
110 117
112 105
115 7149
116 355
265 1471
269 4571
285 858
298 286
307 77
312 594
364 557
378 527
407 335
419 278
612 103
651 4340
836 103
1562 2306
1576 5696
1578 402
1800 121
2061 297
2075 275
3160 1728
5380 9097
6552 268
7736 1590
8204 12051
8302 6973
8304 1082
10901 6885
11060 5170
12202 5437
12941 325
50 2314
116 517
262 4723
304 1088
312 295
313 653
322 14306
359 470
371 512
436 2748
452 1255
465 275
491 6798
594 268
733 5291
876 623
986 559
1132 2051
1285 7041
1301 5413
1473 387
1575 5736
1583 115
1849 1776
2375 5509
2783 275
3294 275
4424 446
6275 5157
8130 1471
8363 277
9029 1872
12613 1130
13366 269
14138 266
65 99
100 443
108 640
268 297
282 1388
289 830
313 766
316 479
316 1217
321 4095
340 408
353 286
353 466
353 749
356 432
358 529
359 83
424 441
427 1552
588 4203
692 449
1165 900
1328 6599
1422 121
1457 313
1541 3574
1570 815
2732 3111
3359 516
3711 450
4632 7726
4658 475
5999 115
6436 1021
7917 522
8492 266
8772 1432
10482 9989
11484 462
12227 963
66 317
68 14816
70 271
79 108
117 1729
206 185
268 363
270 269
276 366
290 5373
293 5876
294 105
312 11428
316 396
351 77
357 462
368 115
371 505
404 67
604 1134
633 1377
678 2450
759 14052
1017 590
1524 420
1727 107
2018 97
2103 519
3363 1116
4226 1484
4536 1014
4548 14667
4688 559
5608 403
6106 8062
6210 115
6576 475
6917 745
8065 1407
8809 1921
10426 310
13460 391
72 336
76 519
115 483
279 271
307 101
317 6572
318 3929
328 403
328 5456
351 75
354 12798
356 1899
364 1355
405 482
427 97
483 13737
524 108
868 5735
931 2697
1283 513
1328 1134
1550 6305
1849 1368
1945 5095
2876 409
3017 4171
3548 12757
4062 266
4607 4661
5756 8989
5932 1091
6098 438
7277 2361
7391 6661
8736 5797
12708 116
13201 1397
13557 275
14084 286
14880 880
65 7322
262 1407
279 373
281 1419
288 6821
322 7182
325 107
340 269
356 1173
441 749
445 97
476 105
572 6151
588 4725
912 1108
1135 7953
1301 4812
1364 297
1531 480
1850 566
1866 376
2009 12470
2381 1744
2826 3657
2899 1961
3315 115
3438 1432
3516 420
4334 7935
5039 12926
5515 15884
5800 350
7674 2540
9881 97
11643 1183
12079 1758
12652 325
15591 470
68 84
77 684
82 76
84 8720
98 297
98 310
107 4156
108 118
114 429
120 105
121 699
207 129
282 535
294 2292
296 73
296 14932
312 640
312 1170
316 4941
324 907
328 3331
337 462
340 268
351 401
356 1961
356 15615
444 509
561 3426
598 116
735 5665
931 110
1106 474
1283 97
1283 432
1554 1269
2081 880
2455 14407
2627 5370
2900 4979
3335 898
3343 1843
3402 5353
3521 265
3936 15681
4279 109
5662 1295
6424 714
6676 269
9102 480
9488 1111
78 80
79 104
110 766
286 117
296 717
301 75
307 830
308 7411
316 516
330 664
337 352
337 2345
373 291
418 1779
743 3906
965 1162
1037 13381
1141 297
1234 828
1303 410
2681 513
2845 115
4070 459
4596 402
4931 11683
5728 1148
6042 13531
6132 2488
7669 1271
9004 717
9748 7034
9853 409
10202 7348
11025 297
16786 4026
39 100
79 84
80 370
104 2089
291 309
296 17103
316 959
354 6978
356 1711
357 553
359 285
617 757
709 2314
768 749
873 114
926 1484
1106 56
1260 115
1276 1818
1313 486
1604 6869
1731 285
2279 875
2362 1727
2520 297
3233 1489
3635 280
3863 297
4831 5086
5606 8451
6418 717
6854 523
9177 320
10467 297
10619 366
11559 403
13756 2734
15541 1324
16126 685
83 310
98 1398
100 320
104 352
108 524
112 325
118 2212
304 667
304 1609
307 295
313 721
316 275
321 591
351 699
359 402
361 284
378 1162
390 754
588 4814
617 16110
626 268
1057 2672
1065 723
1239 114
1380 309
2247 265
2348 1523
2770 580
3165 2553
3248 11481
4366 97
6517 14905
6558 2286
6614 376
6764 10214
7533 2347
7839 552
9153 470
11173 771
12328 377
13230 7051
79 1187
104 524
280 2796
281 570
296 6237
328 699
351 568
354 348
393 105
414 7767
495 727
846 823
851 297
892 10473
1685 7469
2745 520
3302 964
3533 1082
3614 51
3639 291
3851 509
6398 1295
6589 409
8285 269
9191 438
10652 363
10923 10738
14223 14957
15179 4021
15787 377
262 436
263 394
276 387
279 864
294 431
294 1083
646 101
971 52
1007 437
1243 325
1351 1198
1431 108
1434 450
1601 599
2008 559
2031 1744
2066 275
2400 6725
2863 115
2937 595
2984 265
3385 276
5043 2004
6190 5475
78 336
98 336
109 5876
197 163
277 3986
282 378
294 391
294 17147
296 1431
307 479
322 7568
324 1398
341 523
354 387
359 10456
371 2225
373 1431
405 1408
424 115
430 120
452 1207
672 627
737 4844
980 336
1073 1973
1271 2515
1576 12635
1622 4643
2007 114
2592 538
2630 99
3086 1581
3144 49
3759 286
4342 16932
5047 438
5421 12891
5448 284
6252 297
6412 297
6606 1011
6797 10697
7912 363
10761 275
77 330
289 715
293 12636
294 482
312 621
316 524
316 17021
336 263
354 522
361 459
364 3867
398 14828
412 11779
452 7580
458 7126
494 1434
520 110
522 110
523 115
582 121
584 299
680 275
725 12919
759 16038
774 114
1017 576
1101 964
1335 3463
1740 881
2006 9679
2453 1922
2479 10309
3378 2030
3411 297
3588 1737
4530 13451
4711 1261
4756 12465
5093 291
6220 580
6948 2667
7101 542
7240 3723
9266 875
9414 1432
9821 280
13653 408
15994 14091
16207 78
16245 1753
16330 8657
17088 15726
102 105
104 1543
290 12677
293 748
294 532
296 1584
300 579
316 1717
331 263
346 17362
357 8319
360 4044
370 3964
390 7454
414 606
428 268
491 7364
735 14282
757 299
1231 1373
1232 105
1234 101
2692 5424
3047 297
3262 270
3268 280
3553 14384
3614 50
4910 542
5706 297
7098 2104
7442 144
7499 14159
7887 209
7920 6451
9736 1271
10769 805
10858 5406
10919 1087
10995 269
12528 485
13317 6480
13723 325
16834 10707
16881 299
48 54
72 70
84 370
93 44
95 95
98 352
106 15551
119 6575
217 135
293 6429
318 12887
374 1378
391 366
455 440
489 119
491 11625
532 297
592 97
644 2626
659 2314
750 402
1512 479
1578 614
2114 5725
2455 3306
2517 348
3026 280
3539 13377
3595 320
4334 1427
4453 297
4668 102
5375 2055
5920 13121
6743 2739
7194 305
8219 875
8850 291
10621 275
12237 515
17244 4520
48 56
70 279
83 284
99 690
289 738
307 8367
309 6429
312 431
316 970
318 12848
351 7237
356 594
402 1861
414 117
458 268
525 1558
571 105
578 803
626 485
790 1137
965 7500
1128 1347
1276 3594
1328 516
1328 552
1337 1977
1935 299
2097 1081
2247 429
2630 5353
3447 638
4114 101
4233 53
4666 109
5274 268
5386 5015
5662 1901
5918 297
7547 14786
8393 6674
9544 7327
11725 6120
16303 12864
73 108
76 2196
80 330
112 679
112 2733
228 184
273 4013
282 320
290 477
297 111
304 2048
313 280
314 268
336 671
443 111
458 340
572 413
620 115
662 101
733 384
792 3004
967 310
1434 286
1743 350
2408 3559
2664 102
4102 363
4579 598
4910 4709
5863 2306
6102 714
9626 7215
9778 3586
9881 1510
10263 349
10755 623
11037 3410
16031 7326
82 280
103 721
109 3072
115 347
116 119
300 16638
309 320
316 413
351 13349
357 1364
389 512
393 305
404 100
442 111
489 1987
588 4534
744 97
775 1125
873 1240
1153 557
1178 6718
1575 14721
1632 108
1949 297
2022 266
2231 5460
2824 4265
2964 276
3189 103
3823 689
3974 2709
4031 1158
4076 111
4122 115
4177 10248
4287 323
4442 275
5265 631
5396 529
6314 553
7111 279
7762 1162
8281 418
9728 7985
10612 9914
11060 121
12525 1344
13646 5992
62 34
83 347
107 879
110 286
115 555
225 184
289 446
289 15697
296 3710
308 317
308 13579
312 864
351 421
353 84
371 7515
427 370
440 275
504 2126
599 619
692 673
748 699
916 1744
1228 16663
1328 2345
2192 1183
2453 335
3243 11502
3357 15815
3419 17158
4233 54
5354 3341
6663 964
8093 376
8540 1893
8860 552
8924 265
9299 520
10878 10484
12946 508
14954 819
15219 350
68 727
80 111
102 98
270 825
276 6825
279 3702
288 3479
290 459
296 1975
296 2347
307 974
322 579
344 453
351 1218
354 815
354 1173
361 384
384 115
386 285
763 111
931 871
998 8334
1003 3928
1047 457
1110 362
1115 1344
1252 97
1349 1432
1380 418
1609 268
1640 116
1918 279
3441 796
3474 336
3763 1177
5635 115
6013 1384
6761 817
6976 280
8389 268
8432 606
9490 297
10128 513
10144 297
10307 324
10833 119
11184 366
11864 2000
12535 638
13135 270
13390 268
32 816
82 667
112 4095
280 425
316 462
321 1474
322 527
356 569
361 11236
379 413
561 9081
588 3468
648 297
797 115
834 394
1029 462
1672 366
1789 14056
2026 117
2175 1238
2237 117
2397 880
2845 266
3155 5131
3270 6454
3283 6303
3338 1677
3360 527
3965 714
4342 836
7783 111
9257 284
10772 429
87 279
102 117
262 279
276 2987
281 629
282 667
286 664
299 449
300 500
309 3077
312 2680
316 1473
327 45
347 363
364 420
392 830
405 522
405 667
423 268
427 403
483 402
525 2547
612 1560
1053 17647
1092 3446
1217 97
1235 382
1281 1250
1369 107
1372 952
1399 562
1566 366
1652 1733
1800 1107
2480 527
2555 1863
2667 121
2942 275
3778 5495
5800 875
6031 268
6732 898
6893 437
7595 10445
8431 453
8527 17385
9045 577
12710 297
14142 5186
73 88
202 187
203 136
262 462
293 403
300 393
300 16876
328 352
328 1299
339 796
353 1223
360 2903
405 2972
427 551
434 1050
458 16341
512 830
1058 446
1643 555
1918 105
1993 2167
2101 389
2473 109
3189 116
3270 1378
3432 673
3472 549
3659 6618
3823 366
3980 121
3999 12073
4154 276
4512 466
4753 515
4980 1083
5182 115
7422 355
9800 453
13008 297
13651 1687
14930 749
15141 3892
16662 4584
72 449
100 470
100 5424
102 478
104 109
122 673
265 438
281 3063
339 279
351 448
354 6373
356 106
356 900
356 1039
357 1233
414 3503
548 782
574 4803
617 4237
671 6865
946 4468
954 97
1108 736
1435 97
2247 939
2380 13495
2413 1408
2512 299
2832 11524
3339 8657
3357 782
6393 972
9171 349
11381 4106
14889 529
15357 898
16312 115
49 987
68 69
97 113
98 1961
109 382
196 135
291 964
296 1108
309 279
316 920
322 4001
328 8008
359 594
359 1474
364 8200
374 1066
391 270
393 99
461 15291
489 13601
491 279
572 368
588 5118
592 115
604 340
617 4267
763 11852
907 97
1030 8525
1241 1375
1288 12776
1357 105
2007 1408
2838 325
2872 349
5291 121
5375 9893
5852 115
6006 119
6974 15166
8693 2680
8843 284
9050 1177
10008 275
10055 1378
10180 17234
11754 475
12377 2366
12520 16889
12804 1648
12806 732
14593 1014
15277 291
16643 2105
80 7306
102 284
121 117
263 275
273 1111
276 291
288 3002
294 438
307 2488
312 65
312 438
316 472
351 522
353 689
359 342
429 298
493 1560
619 1392
661 15146
1057 115
2180 115
2583 355
2659 4455
3668 3087
5084 10800
5091 297
5318 736
7210 893
7524 117
8400 9672
9391 2349
9521 297
14648 931
16161 5049
16215 8000
17893 15978
66 14827
78 528
84 266
87 4129
99 1439
106 330
110 104
262 16711
263 101
263 325
269 2957
272 116
275 275
285 438
291 1489
300 314
301 2672
313 817
354 394
357 347
405 4791
436 4340
498 297
644 5235
667 291
770 6837
831 4143
1105 387
1113 1373
1173 105
1173 121
1425 6199
1581 268
1818 1350
1819 108
2866 115
3065 121
3520 714
3715 115
4499 6735
6089 275
7442 140
7701 964
7787 350
9661 535
10511 1170
13384 1779
14108 363
15026 1377
16944 623
97 483
112 336
224 189
265 685
282 13287
294 408
294 1642
300 614
307 2184
307 7199
318 1711
328 8284
343 9196
351 10635
352 1432
356 566
359 12680
360 2482
364 285
371 801
437 1736
445 14673
588 1529
625 1512
763 114
809 15717
1110 566
1175 1198
1319 374
1380 14532
1425 2084
1583 402
2011 1435
2309 5205
2375 105
2524 286
3370 115
3543 10981
3763 320
4656 329
4901 3092
6597 121
9027 3246
9537 3625
12634 275
12649 450
83 73
269 373
274 340
279 317
293 2202
294 330
316 84
353 422
356 424
386 313
402 384
503 2226
571 1347
752 122
1029 1240
1278 121
1291 516
3798 266
3803 512
4243 121
4493 6623
5208 3052
5894 17430
7036 513
7674 297
8216 277
11637 513
12243 1481
12787 8679
12876 1174
13389 3559
48 57
71 329
72 277
100 352
109 679
114 2287
119 533
204 129
269 991
271 6655
277 4662
285 7580
299 867
304 710
307 444
312 67
318 8082
321 97
322 964
351 1024
386 1910
744 3071
915 1415
932 12561
1003 1641
1031 2893
1434 111
2101 12144
2465 930
2571 366
2571 1481
2899 111
3243 542
3595 623
3932 291
4233 55
4283 12747
4318 529
4585 440
4713 14088
4819 13560
5203 14441
6210 1012
6590 1910
7063 1201
7317 115
9375 549
9862 2347
11559 745
11739 275
13758 730
14774 429
15749 450
79 433
80 79
98 341
108 3934
122 275
289 2356
307 465
307 7780
328 2338
328 8151
347 2708
351 17399
404 871
405 3112
498 9548
572 4849
707 970
850 11745
1091 1433
1228 366
1788 3140
1816 14518
2048 110
2240 2625
2742 1198
3437 284
3519 437
3580 3893
3876 178
3979 297
4885 365
5277 1085
5490 122
7152 813
8329 420
8417 408
8461 12863
9045 4074
11142 284
11787 784
12928 299
14325 6813
32 6465
65 5687
77 407
109 335
115 500
122 614
268 568
273 15207
301 76
307 1323
354 457
357 67
357 432
403 111
445 4398
563 4571
574 8498
617 8498
846 3015
986 412
1068 9452
1202 591
1263 116
1365 115
1450 350
1495 6837
1539 97
2029 2330
2681 6987
3160 4645
3730 265
4620 580
4626 275
4958 509
5662 623
7236 1733
7316 116
7894 7577
7909 1489
8437 115
8663 6640
10242 3282
10393 500
12846 279
16519 14203
84 2228
114 5157
115 269
115 1917
297 97
300 3145
329 105
353 1187
357 7656
359 3042
386 2852
393 410
414 585
415 10217
458 2165
458 4432
495 1921
563 365
614 363
633 511
965 14487
971 56
1151 15807
1263 305
1328 2306
1372 5467
1604 11539
2264 1753
2394 2546
2895 2274
2902 14554
3054 1612
3396 2000
3402 9968
3681 276
3700 515
4273 475
4578 964
4663 277
4980 12487
5236 280
7585 16460
8190 5228
9982 13047
10261 4974
10512 486
18088 279
71 108
108 3655
110 640
114 582
266 437
268 362
271 118
277 463
277 3181
310 367
326 4965
353 5640
359 341
376 111
405 429
405 569
424 266
466 284
565 10378
570 266
679 268
1362 366
1890 2350
1906 432
2002 754
2690 14548
3857 299
3908 1240
4058 115
4061 880
4687 650
5013 4944
5720 6560
6610 1437
7073 475
8110 1460
8894 893
11233 266
11309 520
66 121
66 451
106 465
109 384
112 490
115 279
119 268
264 433
269 365
284 112
290 18286
322 429
335 1490
337 517
351 16064
357 78
357 7048
378 476
445 446
763 523
1020 297
1212 11917
1270 115
1367 4309
1457 108
1520 889
1765 5645
2400 1758
2465 279
3132 279
3225 117
4308 486
5388 97
5485 376
6763 114
6887 5116
12897 396
13995 995
15317 1596
16103 269
77 396
77 490
89 3579
110 3325
267 916
268 1082
300 121
307 1217
308 84
313 363
316 884
342 606
364 114
388 958
390 875
443 97
604 1958
680 1511
763 339
948 440
971 55
1311 284
1374 616
1515 1024
2148 517
2348 1581
2353 883
2827 7895
2889 363
3225 324
4428 49
5868 429
6520 1180
6520 1888
6846 275
7095 1752
7455 408
8844 98
9251 527
9508 7939
9635 378
10993 18227
12028 277
14348 1187
15169 875
16131 297
99 325
282 14077
300 6798
307 8237
307 11792
328 446
329 1744
342 325
353 824
353 3225
364 11821
374 409
392 284
414 1134
458 1637
504 4473
738 297
831 18459
873 10738
987 3093
1266 45
1515 4533
1693 2587
2803 335
3000 10324
3076 6605
3139 15204
3405 433
3576 305
3681 389
3960 580
4122 116
4512 916
4590 6623
6438 994
7172 537
7281 291
9455 275
9792 1121
10249 17243
10399 17289
10582 438
11323 9956
12230 3368
14174 8194
16054 121
114 527
264 15326
274 1880
285 813
316 918
321 2249
354 1490
354 8481
357 1065
357 1899
364 277
402 492
452 446
489 549
709 4815
752 16875
831 582
857 15786
1069 314
1337 7079
2238 1917
2677 297
2746 8303
2900 8167
3101 1719
3225 1442
3412 883
3610 664
5111 3657
5449 366
5863 527
6517 1116
7401 614
8074 1616
9539 358
9793 440
10237 1386
11854 4706
13506 898
17428 18061
263 105
263 12325
301 523
312 376
312 12286
328 17438
329 350
335 967
350 883
356 1553
364 443
371 4137
381 1187
409 111
411 265
429 4799
452 284
588 5280
763 8032
765 1806
1622 565
1873 730
1982 17065
2026 108
2226 15875
2316 715
2777 4021
2824 3410
2986 2068
3524 4319
3588 7797
5830 275
5930 1744
6106 867
6852 297
9623 409
10343 305
11302 1131
13886 513
15569 732
17540 3657
71 1350
72 966
112 437
121 570
288 111
288 7918
289 336
293 7013
301 101
316 2378
354 2680
392 380
419 14614
505 101
593 2992
625 309
672 727
674 378
763 5040
792 537
800 9023
831 309
894 122
910 2439
1012 2324
1031 347
1115 952
1219 880
1297 2046
1444 920
1444 5645
1448 101
1655 299
1685 109
1988 394
2486 121
3057 109
3671 409
3745 1149
4084 141
4102 714
4151 268
4351 53
4787 299
5709 15435
9033 6932
12149 5967
17062 782
17432 18344
17618 595
18540 836
83 121
83 6927
118 568
262 542
273 6122
278 376
282 614
288 15003
289 4363
293 8694
308 107
323 4780
342 15241
344 285
359 324
361 667
458 766
574 695
655 297
752 1512
873 15771
1191 280
1267 4938
1337 7682
1604 105
1813 15543
2394 10434
2838 5892
3721 475
5279 115
5750 2004
6696 410
6769 529
7963 14147
9790 6978
12482 305
12513 2540
14032 275
65 756
76 624
103 690
107 110
107 13887
115 119
279 410
294 393
312 462
316 523
320 105
359 1762
372 349
373 320
386 3575
411 963
468 142
489 17152
572 967
851 121
912 11642
939 121
1228 5104
1566 297
1789 17364
1864 114
2524 8062
3538 115
3834 8745
5084 320
5768 297
6305 4774
6331 522
6482 1177
7798 277
9804 2167
9936 280
11662 305
11986 7079
12095 983
12973 5409
13359 1223
14046 409
15924 17522
17263 13030
17433 11485
18478 82
97 1612
99 457
265 585
279 309
284 432
285 286
294 18376
307 16208
356 817
364 931
367 105
372 2884
532 266
556 1474
752 621
752 11699
757 5824
971 54
1051 638
1422 10661
1670 100
1856 11057
1971 974
2009 7157
2343 964
2369 115
2568 1174
2892 116
3359 650
3483 111
3685 974
3795 551
4229 3463
5396 347
5839 265
6528 98
6528 1481
6537 555
6827 275
7633 6163
8080 115
13976 350
14534 12272
67 278
67 2940
77 466
117 7501
262 671
288 438
298 619
304 486
307 6421
316 1170
320 1965
322 4802
328 396
328 884
330 568
355 441
357 615
360 1543
411 14301
495 1728
524 614
561 115
561 584
604 1991
763 401
912 463
1434 280
1557 83
1740 4780
1883 569
2012 4887
2193 8542
2455 352
3158 2865
3324 108
4062 349
4116 276
4301 1397
5387 366
7343 9637
7670 3951
7883 1762
8894 638
10685 14278
11266 714
11802 366
15071 520
16819 446
16952 2739
18647 1462
70 105
71 277
78 276
83 342
97 784
98 2311
103 12385
103 17795
104 1898
109 1082
122 4818
273 2285
274 654
288 4247
289 579
290 8724
300 3400
316 446
316 1088
322 738
347 373
354 441
356 710
357 1706
357 8812
359 89
364 537
364 2127
405 699
445 8038
458 524
465 268
491 2633
556 6924
588 2023
662 117
790 463
822 492
831 1838
834 10251
876 11860
1034 5104
1069 441
1107 107
1151 16240
1248 2633
1410 3434
1419 275
1751 266
1821 1610
2594 7327
3580 7592
4087 11829
4873 314
5386 115
5469 420
5932 17638
6696 974
7279 4174
8371 376
8567 438
8859 1107
8897 365
9633 465
9759 421
10446 366
10877 1802
12029 16560
13305 486
13828 539
48 49
72 370
74 378
85 80
102 271
102 1215
108 528
114 1841
119 418
122 116
262 614
263 1084
274 1108
289 1233
290 437
294 920
295 109
312 66
312 10979
328 4610
341 286
348 101
357 667
380 16288
393 266
414 104
452 1299
458 649
458 4211
461 2805
501 1247
519 97
520 108
572 7353
941 509
1181 50
1301 347
1741 387
2103 4791
2659 341
2750 731
3035 317
3106 5506
3160 5276
4233 52
4383 522
4569 14038
4623 517
5644 522
5784 277
6849 384
8479 344
8659 6415
9296 363
9896 10869
10259 553
10457 16396
11398 100
14668 3421
15113 2330
15790 13221
15991 12418
18122 979
45 34
76 82
108 420
121 309
262 97
288 11347
288 17301
294 106
294 412
312 513
316 265
318 549
353 3434
364 16564
371 9946
372 7097
436 3422
467 745
495 5333
533 3986
611 1961
624 269
717 103
912 462
1053 1344
1153 286
1189 673
1209 673
1300 278
1639 447
1821 11528
1864 3943
1868 582
2191 1635
4149 4434
4809 453
5047 486
6393 18275
6434 297
7084 297
7868 1070
8029 13282
9194 485
9319 972
12706 408
13355 509
13883 410
14618 16545
16236 276
16328 1581
44 2301
67 286
74 80
79 600
80 329
101 117
117 111
268 111
274 836
289 14263
296 879
305 105
307 1177
308 349
351 731
364 9365
373 105
524 344
534 350
711 9394
1009 98
1009 598
1053 450
1111 350
1704 654
1870 2919
2632 15114
2752 462
3081 391
3507 1648
3533 893
4351 49
4620 697
6320 2228
6884 429
7111 2225
7170 115
7176 115
7313 7663
7344 538
7799 8965
10161 115
10736 1490
10990 1471
11070 309
12996 275
15088 520
18568 1473
48 51
66 710
77 341
78 539
107 1442
112 421
197 147
263 871
290 448
300 1637
310 305
314 275
322 330
328 7342
330 420
337 6824
351 5266
354 1543
354 1719
354 12223
360 569
367 269
405 647
421 2008
431 266
458 1390
519 111
571 483
574 12433
667 279
716 824
740 101
1063 396
1147 97
1425 109
1760 49
1765 557
2115 363
2280 731
2315 689
2380 15584
2409 366
2949 1131
3275 7653
4464 336
5484 410
5686 1148
6617 105
6680 590
6806 893
8680 268
8885 408
10701 265
10704 486
10926 266
12549 121
16922 325
17496 268
17871 1679
18138 17266
18354 1827
84 511
86 67
115 2444
119 278
280 1082
289 432
294 394
298 366
303 324
322 828
322 9167
324 420
324 5546
351 578
351 5105
353 13067
354 828
361 2249
361 6471
392 871
405 748
415 97
458 12176
572 279
1031 528
1141 2449
1248 794
1435 325
1443 463
1501 277
1520 6661
1595 16246
1818 1641
2002 265
2097 1018
2192 103
2479 284
2530 682
2535 1966
2806 623
2821 265
4428 51
4804 952
7261 658
7301 105
9071 900
10597 7491
12828 7231
13526 329
16456 6100
18631 1148
32 233
69 76
79 342
101 1162
104 344
109 723
114 115
114 599
119 2351
273 3110
290 11003
296 480
307 336
307 898
307 970
312 2893
316 280
317 784
351 275
357 110
378 1432
427 9590
430 10973
458 367
494 15039
661 99
692 9991
791 760
993 623
1017 3341
1181 49
1313 438
1315 16046
1938 9765
2074 1407
2123 275
2397 539
2465 291
2623 297
2806 297
2899 268
3007 1099
3017 15441
3271 9174
4728 7005
5267 1785
5282 516
6084 17807
6180 486
6248 271
6650 699
6822 429
7071 732
8220 2089
8751 15502
8897 2207
9020 1733
9098 363
10990 2207
13762 66
17781 689
32 42
66 362
74 347
110 15086
114 413
115 13490
116 9638
276 309
296 582
310 651
328 523
342 974
351 335
355 2439
356 939
359 12063
361 6145
371 519
372 9081
405 614
418 3755
427 1785
495 1018
504 350
560 17828
574 4881
634 111
651 117
757 101
873 1977
895 1171
983 97
1233 429
1245 317
1270 5467
1328 3238
1622 438
1693 13446
1957 5608
2021 579
2247 394
2316 16830
2555 13166
2879 102
3350 7848
3553 522
4063 730
4293 314
4559 18775
4599 320
5174 420
5684 1934
5713 118
5947 291
8076 429
10577 377
11049 549
14161 825
15119 727
15979 18815
16296 4143
17813 275
18698 817
19266 669
70 66
84 79
84 276
87 67
102 649
102 1218
108 538
110 425
270 277
273 10734
294 1308
316 2893
335 1651
337 448
353 3923
354 286
354 699
361 1259
361 1947
370 893
467 594
524 437
758 104
776 1294
831 320
927 1744
1133 8035
1152 797
1331 15847
1518 105
1821 17903
2101 265
2109 1227
2358 115
2574 309
2681 15781
2892 580
3544 1210
3905 384
4195 1952
4314 363
4699 284
4816 309
4891 275
4931 4336
5348 114
5412 2369
5580 280
5642 535
6042 367
6823 1070
6858 115
9124 320
9805 1099
9850 4225
10069 115
10190 270
10582 486
10601 13393
12734 771
14870 275
16640 1078
17535 815
65 104
72 68
80 71
83 297
87 1340
100 329
110 691
118 408
121 279
195 185
262 2201
263 421
265 17500
275 519
282 1385
285 673
289 10896
294 1407
304 342
322 421
351 121
353 384
356 18715
364 479
440 101
452 309
458 796
459 265
489 4757
545 104
588 1948
624 279
668 805
834 5256
1037 7448
1165 3174
1243 2858
1337 2687
1421 8178
1527 3134
1767 8533
2120 115
3043 731
3393 450
3496 107
4110 3447
4292 320
4445 350
4502 2225
5378 13174
5464 18135
6302 14555
7442 176
7979 6678
8641 4446
8772 995
9500 2708
9539 10238
10404 7079
10741 323
11010 291
13042 297
13119 115
14200 1737
15437 1177
16289 10530
17258 5495
17402 836
80 82
85 5964
101 539
118 442
121 105
307 1295
311 654
316 679
316 8102
322 2055
328 511
328 532
341 529
351 813
354 324
354 7293
359 84
361 11539
368 893
387 1116
404 11607
414 1841
434 1333
458 6163
493 109
588 709
612 1587
710 437
711 5115
757 4938
832 1489
846 1116
1003 15836
1092 7041
1422 14919
1457 1818
1550 297
1579 724
1757 864
1757 7466
1854 8031
1870 4309
2028 1744
2028 12632
2405 116
2819 3201
3513 723
3786 115
4487 1544
4624 265
7029 408
7147 275
7180 2616
7187 1049
7712 653
8412 2836
10381 15408
10568 3365
11876 730
14445 838
15689 19163
19395 3655
82 97
102 1111
112 702
122 265
208 180
266 100
289 4763
301 71
307 867
318 6263
322 18724
330 1489
337 349
354 3188
359 684
376 653
418 105
480 920
525 14116
542 279
566 266
572 699
588 3767
612 1077
617 11236
621 269
678 99
711 8522
759 115
774 16590
777 11928
834 542
884 297
892 1914
1024 111
1105 1393
1374 299
2148 1343
2190 465
2918 320
3076 2330
3189 110
3426 12154
3749 111
3834 8781
4063 110
4394 115
4816 450
4837 875
5416 266
5680 6671
6102 16525
6431 450
6767 893
8110 796
10426 7469
12725 408
12737 522
13679 1373
14262 12477
18750 1878
41 41
74 111
115 947
225 131
278 387
290 885
304 436
307 1294
307 7454
316 10896
354 341
405 1841
452 310
452 1259
552 98
774 7110
851 4362
870 1384
1053 5856
1232 104
1380 2569
1945 12107
2189 107
2819 329
3073 384
4116 472
4177 110
4233 49
4234 11683
5655 1324
6190 16258
6517 14389
11014 268
11679 349
11762 2456
15356 1596
15587 410
16278 309
19150 100
19468 6698
67 403
67 3102
71 73
79 72
83 70
83 699
229 164
274 309
276 99
290 3783
294 864
294 6342
300 459
312 528
312 1199
322 10702
354 1187
356 4630
390 586
405 828
411 298
422 1111
435 265
459 299
489 12267
501 8201
504 5834
524 105
565 284
588 3163
600 265
667 3072
743 4434
809 806
944 109
967 4604
1206 325
1303 11319
1337 523
2003 366
2031 284
2427 18562
2623 115
2891 121
2910 111
3165 723
3639 422
4355 270
4608 4251
5173 1481
5470 1987
5606 18386
5634 350
5706 266
5804 15818
6342 305
7701 513
8204 513
8622 1065
9782 699
10134 275
10522 952
12619 115
15106 5010
15396 907
16069 522
16907 512
82 3091
102 342
208 185
280 365
296 651
299 4572
313 1552
316 362
318 1390
328 5534
351 348
359 679
445 370
445 867
452 6195
519 325
662 111
687 268
692 801
755 111
755 2589
763 5802
825 118
980 8697
988 366
988 559
1110 516
1141 457
1232 286
1239 6609
1263 98
1337 13987
1418 964
1433 111
1443 9122
1443 18517
1590 105
1672 97
1686 3027
1819 17112
2048 16241
2851 717
3053 10203
3360 714
3877 13709
6386 1779
6663 957
7210 350
7737 5373
7942 8711
8155 66
8785 1549
10140 11917
10212 995
10305 557
11309 1078
11321 537
11743 529
12155 276
14164 12238
15881 2000
17407 14783
18709 2933
18921 18789
65 1635
66 6893
67 464
70 70
84 73
290 109
293 1665
294 348
300 446
300 12223
307 1899
308 7220
328 1965
354 310
354 1431
359 552
361 436
364 699
372 350
379 269
388 121
405 2564
452 8636
570 15465
582 284
588 1658
647 105
912 557
1017 5802
1117 11647
1374 284
1408 730
1574 48
1603 1134
1743 5083
1839 366
2331 17991
2993 1802
3275 466
3592 115
3972 5781
4339 275
5163 7142
6558 2501
7923 429
9238 15801
10886 275
12885 15723
14620 13401
15842 277
17282 2039
19204 1732
32 224
51 987
72 500
80 413
85 108
103 771
109 310
228 186
269 117
278 432
290 472
295 107
301 638
307 72
318 9300
324 299
357 2165
361 939
370 121
392 7931
398 285
435 279
436 279
495 3342
504 285
512 106
924 305
1029 3067
1418 10143
1443 13078
1765 309
1892 3306
1929 8692
2108 297
2542 5908
2806 101
2952 363
3232 16344
3588 658
3622 358
3995 475
4625 638
5035 1011
5103 189
5919 275
6396 6879
6520 704
7460 433
7561 12498
7912 714
8073 97
8993 3788
9440 867
9692 349
9722 16595
10534 2055
11012 9956
11214 10370
11935 10251
12463 13775
12683 119
13378 7591
13628 7158
48 50
58 34
73 15138
77 342
99 276
108 1474
289 1326
290 13120
291 6920
300 15102
308 88
311 2365
326 121
351 323
353 352
356 844
427 121
482 715
666 960
707 3635
834 991
843 275
877 17340
1007 4900
1133 100
1248 1806
1263 15265
1303 1137
1315 437
1431 107
1531 6485
1827 3477
2054 619
3595 1177
3710 551
4128 508
5066 2703
5385 19607
5584 437
5701 508
5707 1343
5930 1373
6394 297
9051 447
9169 349
9255 549
9294 116
10939 285
12397 513
13751 437
16133 15504
17751 584
19798 12502
19862 2138
70 441
71 2052
103 2924
216 179
274 12693
285 486
285 995
294 3112
296 1081
307 67
307 551
312 116
321 8863
322 851
327 91
328 6083
337 387
351 15139
353 2181
354 384
359 2048
359 10227
407 291
411 12176
411 12329
459 111
478 110
572 325
579 1803
596 13539
614 1848
755 97
791 402
928 803
1026 5645
1133 275
1154 515
1168 10916
1351 366
1357 297
1431 122
1509 964
1760 56
1783 314
1906 297
1944 689
2348 799
2391 291
2465 2059
2899 687
3233 325
3513 10205
3973 374
4208 2587
4311 485
4387 9203
4721 1898
4916 284
4927 277
5538 1437
5763 3140
7890 444
9082 3251
10218 1452
11232 13457
16009 2639
69 114
99 1643
265 376
274 4562
278 1397
282 12393
296 829
300 475
301 66
307 277
307 885
312 5001
319 987
332 7919
348 3325
356 771
357 5525
427 2078
457 3022
561 3387
580 110
588 5008
990 269
1058 1070
1303 974
1346 1802
1425 736
1431 100
1512 340
1643 6879
2460 265
2485 18733
3098 689
3276 280
3474 324
3492 13839
3637 320
3949 280
4250 115
4451 18780
4628 2769
4817 437
4891 121
5583 5836
5919 99
6288 5400
6327 280
6469 993
